index,longitude,latitude,altitude,groundspeed,time,flight_id,air_temperature,eastward_wind,northward_wind,true_airspeed,aircraft_mass,engine_efficiency,fuel_flow,fuel_burn,thrust,rocd,specific_humidity,air_pressure,rhi,fuel_flow_per_engine,thrust_setting,nox_ei,co_ei,hc_ei,nvpm_ei_m,nvpm_ei_n,co2,h2o,so2,sulphates,oc,nox,co,hc,nvpm_mass,nvpm_number,flight_phase,engine_model,SAF,W3_no_water_injection,tsfc_2020,tsfc_2035_max,fuel_2020,fuel_2035_max,mach,thrust_per_engine,EI_nox_py,EI_nvpm_mass_py,EI_nvpm_number_py,original_index,WAR,water_injection_kg_s,PT3,TT3,TT4,specific_humidity_gsp,FAR,fuel_flow_gsp,thrust_gsp,W3,WAR_gsp,EI_nox_p3t3_wi,EI_nvpm_number_p3t3_meem
0,1.448605186060855,48.75993114406779,11262.36,247.447777564,2024-06-07 11:03:00,34610D,217.1541748046875,41.245750427246094,3.5264034271240234,231.2863668119832,62952.72792315618,0.3443085737810399,0.4751413831072671,28.508482986436025,30507.043343620397,-25.06343965686664,2.3602045836149443e-05,0.2171449573353787,0.4480123929701277,0.2375706915536335,0.5346639728867745,0.0113087921194651,0.0005965345923311,0.0001205514607541,2.5752164823765025e-05,1574234679942446.5,90.0582977541514,35.06543407331631,0.0342101795837232,0.00069816693028,0.0005701696597287,0.322396507734915,0.0170062962762919,0.0034367392678996,0.0007341551527422,4.48790425897968e+16,cruise,GTF2035,0,11.2996468879163,13.49857792761387,11.743762797024068,0.411786265823908,0.3582540512667999,0.7829303544414637,15.253521671810196,11.308792119465185,25.75216482376502,1574234679942446.5,100,0.0,0.0,12.3002916208322,723.243142566963,1314.52356866548,0.00236020458361,0.0168913100773445,0.190868570814914,15.253752528485,11.2998085963099,0.0,11.569248993427204,493857376567638.5
1,1.448605186060855,48.75993114406779,11262.36,247.447777564,2024-06-07 11:03:00,34610D,217.1541748046875,41.245750427246094,3.5264034271240234,231.2863668119832,62952.72792315618,0.3443085737810399,0.4751413831072671,28.508482986436025,30507.043343620397,-25.06343965686664,2.3602045836149443e-05,0.2171449573353787,0.4480123929701277,0.2375706915536335,0.5346639728867745,0.0113087921194651,0.0005965345923311,0.0001205514607541,2.5752164823765025e-05,1574234679942446.5,90.0582977541514,35.06543407331631,0.0342101795837232,0.00069816693028,0.0005701696597287,0.322396507734915,0.0170062962762919,0.0034367392678996,0.0007341551527422,4.48790425897968e+16,cruise,GTF2035,0,11.2996468879163,13.49857792761387,11.743762797024068,0.411786265823908,0.3582540512667999,0.7829303544414637,15.253521671810196,11.308792119465185,25.75216482376502,1574234679942446.5,100,0.5,0.0564982344395815,12.324153357122,723.629239662329,1303.54653965881,0.00236020458361,0.0171188307703819,0.193325179463522,15.2533890571012,11.2931298905065,0.5002885381410196,10.592865204559319,510923407627200.0
2,1.448605186060855,48.75993114406779,11262.36,247.447777564,2024-06-07 11:03:00,34610D,217.1541748046875,41.245750427246094,3.5264034271240234,231.2863668119832,62952.72792315618,0.3443085737810399,0.4751413831072671,28.508482986436025,30507.043343620397,-25.06343965686664,2.3602045836149443e-05,0.2171449573353787,0.4480123929701277,0.2375706915536335,0.5346639728867745,0.0113087921194651,0.0005965345923311,0.0001205514607541,2.5752164823765025e-05,1574234679942446.5,90.0582977541514,35.06543407331631,0.0342101795837232,0.00069816693028,0.0005701696597287,0.322396507734915,0.0170062962762919,0.0034367392678996,0.0007341551527422,4.48790425897968e+16,cruise,GTF2035,0,11.2996468879163,13.49857792761387,11.743762797024068,0.411786265823908,0.3582540512667999,0.7829303544414637,15.253521671810196,11.308792119465185,25.75216482376502,1574234679942446.5,100,1.0,0.112996468879163,12.347987823122,724.014477967748,1292.76393093161,0.00236020458361,0.0173466766977332,0.195784492714518,15.253390317813,11.2865706859057,1.0011585628951873,9.677210319894419,528368526420458.06
3,1.448605186060855,48.75993114406779,11262.36,247.447777564,2024-06-07 11:03:00,34610D,217.1541748046875,41.245750427246094,3.5264034271240234,231.2863668119832,62952.72792315618,0.3443085737810399,0.4751413831072671,28.508482986436025,30507.043343620397,-25.06343965686664,2.3602045836149443e-05,0.2171449573353787,0.4480123929701277,0.2375706915536335,0.5346639728867745,0.0113087921194651,0.0005965345923311,0.0001205514607541,2.5752164823765025e-05,1574234679942446.5,90.0582977541514,35.06543407331631,0.0342101795837232,0.00069816693028,0.0005701696597287,0.322396507734915,0.0170062962762919,0.0034367392678996,0.0007341551527422,4.48790425897968e+16,cruise,GTF2035,0,11.2996468879163,13.49857792761387,11.743762797024068,0.411786265823908,0.3582540512667999,0.7829303544414637,15.253521671810196,11.308792119465185,25.75216482376502,1574234679942446.5,100,1.5,0.1694947033187445,12.3717198036467,724.399295118042,1282.16661022432,0.00236020458361,0.0175737866347434,0.198233103193057,15.2533011842121,11.2800449506511,1.5026066302063898,8.823331558114788,546108629857839.0
4,1.448605186060855,48.75993114406779,11262.36,247.447777564,2024-06-07 11:03:00,34610D,217.1541748046875,41.245750427246094,3.5264034271240234,231.2863668119832,62952.72792315618,0.3443085737810399,0.4751413831072671,28.508482986436025,30507.043343620397,-25.06343965686664,2.3602045836149443e-05,0.2171449573353787,0.4480123929701277,0.2375706915536335,0.5346639728867745,0.0113087921194651,0.0005965345923311,0.0001205514607541,2.5752164823765025e-05,1574234679942446.5,90.0582977541514,35.06543407331631,0.0342101795837232,0.00069816693028,0.0005701696597287,0.322396507734915,0.0170062962762919,0.0034367392678996,0.0007341551527422,4.48790425897968e+16,cruise,GTF2035,0,11.2996468879163,13.49857792761387,11.743762797024068,0.411786265823908,0.3582540512667999,0.7829303544414637,15.253521671810196,11.308792119465185,25.75216482376502,1574234679942446.5,100,2.0,0.225992937758326,12.3951594678397,724.811547167368,1271.82568854251,0.00236020458361,0.0178031979134389,0.200695392315437,15.2535026698183,11.272996755484,2.004728136272963,8.031701751941377,564286103003980.5
5,1.448605186060855,48.75993114406779,11262.36,247.447777564,2024-06-07 11:03:00,34610D,217.1541748046875,41.245750427246094,3.5264034271240234,231.2863668119832,62952.72792315618,0.3443085737810399,0.4751413831072671,28.508482986436025,30507.043343620397,-25.06343965686664,2.3602045836149443e-05,0.2171449573353787,0.4480123929701277,0.2375706915536335,0.5346639728867745,0.0113087921194651,0.0005965345923311,0.0001205514607541,2.5752164823765025e-05,1574234679942446.5,90.0582977541514,35.06543407331631,0.0342101795837232,0.00069816693028,0.0005701696597287,0.322396507734915,0.0170062962762919,0.0034367392678996,0.0007341551527422,4.48790425897968e+16,cruise,GTF2035,0,11.2996468879163,13.49857792761387,11.743762797024068,0.411786265823908,0.3582540512667999,0.7829303544414637,15.253521671810196,11.308792119465185,25.75216482376502,1574234679942446.5,100,2.5,0.2824911721979075,12.4185723337162,725.222948170932,1261.62601702291,0.00236020458361,0.0180316829809395,0.203144560535709,15.2533817730767,11.2659789300003,2.5074711567732355,7.3008204171461735,582749685361793.2
6,1.448605186060855,48.75993114406779,11262.36,247.447777564,2024-06-07 11:03:00,34610D,217.1541748046875,41.245750427246094,3.5264034271240234,231.2863668119832,62952.72792315618,0.3443085737810399,0.4751413831072671,28.508482986436025,30507.043343620397,-25.06343965686664,2.3602045836149443e-05,0.2171449573353787,0.4480123929701277,0.2375706915536335,0.5346639728867745,0.0113087921194651,0.0005965345923311,0.0001205514607541,2.5752164823765025e-05,1574234679942446.5,90.0582977541514,35.06543407331631,0.0342101795837232,0.00069816693028,0.0005701696597287,0.322396507734915,0.0170062962762919,0.0034367392678996,0.0007341551527422,4.48790425897968e+16,cruise,GTF2035,0,11.2996468879163,13.49857792761387,11.743762797024068,0.411786265823908,0.3582540512667999,0.7829303544414637,15.253521671810196,11.308792119465185,25.75216482376502,1574234679942446.5,100,3.0,0.338989406637489,12.4419639814181,725.633532639062,1251.60841942872,0.00236020458361,0.0182610740517668,0.205602354848978,15.2533862141915,11.2590504953943,3.0108170025186247,6.629089129953018,601648612865971.0
7,1.448605186060855,48.75993114406779,11262.36,247.447777564,2024-06-07 11:03:00,34610D,217.1541748046875,41.245750427246094,3.5264034271240234,231.2863668119832,62952.72792315618,0.3443085737810399,0.4751413831072671,28.508482986436025,30507.043343620397,-25.06343965686664,2.3602045836149443e-05,0.2171449573353787,0.4480123929701277,0.2375706915536335,0.5346639728867745,0.0113087921194651,0.0005965345923311,0.0001205514607541,2.5752164823765025e-05,1574234679942446.5,90.0582977541514,35.06543407331631,0.0342101795837232,0.00069816693028,0.0005701696597287,0.322396507734915,0.0170062962762919,0.0034367392678996,0.0007341551527422,4.48790425897968e+16,cruise,GTF2035,0,11.2996468879163,13.49857792761387,11.743762797024068,0.411786265823908,0.3582540512667999,0.7829303544414637,15.253521671810196,11.308792119465185,25.75216482376502,1574234679942446.5,100,3.5,0.3954876410770705,12.4653242356055,726.043138343229,1241.7529961191,0.00236020458361,0.0184893255057545,0.208045496426788,15.2533873869582,11.2521950225841,3.5147599226932487,6.013970797153623,620909687750737.0
8,1.448605186060855,48.75993114406779,11262.36,247.447777564,2024-06-07 11:03:00,34610D,217.1541748046875,41.245750427246094,3.5264034271240234,231.2863668119832,62952.72792315618,0.3443085737810399,0.4751413831072671,28.508482986436025,30507.043343620397,-25.06343965686664,2.3602045836149443e-05,0.2171449573353787,0.4480123929701277,0.2375706915536335,0.5346639728867745,0.0113087921194651,0.0005965345923311,0.0001205514607541,2.5752164823765025e-05,1574234679942446.5,90.0582977541514,35.06543407331631,0.0342101795837232,0.00069816693028,0.0005701696597287,0.322396507734915,0.0170062962762919,0.0034367392678996,0.0007341551527422,4.48790425897968e+16,cruise,GTF2035,0,11.2996468879163,13.49857792761387,11.743762797024068,0.411786265823908,0.3582540512667999,0.7829303544414637,15.253521671810196,11.308792119465185,25.75216482376502,1574234679942446.5,100,4.0,0.451985875516652,12.4886572099274,726.451848267429,1232.0513551891,0.00236020458361,0.0187185997108865,0.210498170211272,15.2533873863128,11.2454015504615,4.019295117995168,5.452986378609128,640670556194139.9
9,1.448605186060855,48.75993114406779,11262.36,247.447777564,2024-06-07 11:03:00,34610D,217.1541748046875,41.245750427246094,3.5264034271240234,231.2863668119832,62952.72792315618,0.3443085737810399,0.4751413831072671,28.508482986436025,30507.043343620397,-25.06343965686664,2.3602045836149443e-05,0.2171449573353787,0.4480123929701277,0.2375706915536335,0.5346639728867745,0.0113087921194651,0.0005965345923311,0.0001205514607541,2.5752164823765025e-05,1574234679942446.5,90.0582977541514,35.06543407331631,0.0342101795837232,0.00069816693028,0.0005701696597287,0.322396507734915,0.0170062962762919,0.0034367392678996,0.0007341551527422,4.48790425897968e+16,cruise,GTF2035,0,11.2996468879163,13.49857792761387,11.743762797024068,0.411786265823908,0.3582540512667999,0.7829303544414637,15.253521671810196,11.308792119465185,25.75216482376502,1574234679942446.5,100,4.5,0.5084841099562335,12.5112160699873,726.859741220109,1222.52744933909,0.00236020458361,0.0189486179290323,0.212944515384828,15.2526105760044,11.2379972081532,4.524686209988794,4.942865596625635,660821090372930.5
10,1.448605186060855,48.75993114406779,11262.36,247.447777564,2024-06-07 11:03:00,34610D,217.1541748046875,41.245750427246094,3.5264034271240234,231.2863668119832,62952.72792315618,0.3443085737810399,0.4751413831072671,28.508482986436025,30507.043343620397,-25.06343965686664,2.3602045836149443e-05,0.2171449573353787,0.4480123929701277,0.2375706915536335,0.5346639728867745,0.0113087921194651,0.0005965345923311,0.0001205514607541,2.5752164823765025e-05,1574234679942446.5,90.0582977541514,35.06543407331631,0.0342101795837232,0.00069816693028,0.0005701696597287,0.322396507734915,0.0170062962762919,0.0034367392678996,0.0007341551527422,4.48790425897968e+16,cruise,GTF2035,0,11.2996468879163,13.49857792761387,11.743762797024068,0.411786265823908,0.3582540512667999,0.7829303544414637,15.253521671810196,11.308792119465185,25.75216482376502,1574234679942446.5,100,5.0,0.564982344395815,12.5346850361972,727.281961284923,1213.15469041096,0.00236020458361,0.0191780983819831,0.215393080951436,15.253388886878,11.2312011681924,5.030471237536792,4.481191733579147,681321896589799.9
11,1.448605186060855,48.75993114406779,11262.36,247.447777564,2024-06-07 11:03:00,34610D,217.1541748046875,41.245750427246094,3.5264034271240234,231.2863668119832,62952.72792315618,0.3443085737810399,0.4751413831072671,28.508482986436025,30507.043343620397,-25.06343965686664,2.3602045836149443e-05,0.2171449573353787,0.4480123929701277,0.2375706915536335,0.5346639728867745,0.0113087921194651,0.0005965345923311,0.0001205514607541,2.5752164823765025e-05,1574234679942446.5,90.0582977541514,35.06543407331631,0.0342101795837232,0.00069816693028,0.0005701696597287,0.322396507734915,0.0170062962762919,0.0034367392678996,0.0007341551527422,4.48790425897968e+16,cruise,GTF2035,0,11.2996468879163,13.49857792761387,11.743762797024068,0.411786265823908,0.3582540512667999,0.7829303544414637,15.253521671810196,11.308792119465185,25.75216482376502,1574234679942446.5,100,5.5,0.6214805788353965,12.5576444818574,727.695535930583,1203.92297498325,0.00236020458361,0.019407810660385,0.21783694415825,15.2533886253352,11.2241894755752,5.53697512134655,4.063767218798805,702215722460632.5
12,1.448605186060855,48.75993114406779,11262.36,247.447777564,2024-06-07 11:03:00,34610D,217.1541748046875,41.245750427246094,3.5264034271240234,231.2863668119832,62952.72792315618,0.3443085737810399,0.4751413831072671,28.508482986436025,30507.043343620397,-25.06343965686664,2.3602045836149443e-05,0.2171449573353787,0.4480123929701277,0.2375706915536335,0.5346639728867745,0.0113087921194651,0.0005965345923311,0.0001205514607541,2.5752164823765025e-05,1574234679942446.5,90.0582977541514,35.06543407331631,0.0342101795837232,0.00069816693028,0.0005701696597287,0.322396507734915,0.0170062962762919,0.0034367392678996,0.0007341551527422,4.48790425897968e+16,cruise,GTF2035,0,11.2996468879163,13.49857792761387,11.743762797024068,0.411786265823908,0.3582540512667999,0.7829303544414637,15.253521671810196,11.308792119465185,25.75216482376502,1574234679942446.5,100,6.0,0.677978813274978,12.5805776920021,728.107971015121,1194.83030989578,0.00236020458361,0.0196374794034971,0.220278478858062,15.2533889525989,11.2172481168247,6.044074323880565,3.687437935444077,723491027050338.8
13,1.448605186060855,48.75993114406779,11262.36,247.447777564,2024-06-07 11:03:00,34610D,217.1541748046875,41.245750427246094,3.5264034271240234,231.2863668119832,62952.72792315618,0.3443085737810399,0.4751413831072671,28.508482986436025,30507.043343620397,-25.06343965686664,2.3602045836149443e-05,0.2171449573353787,0.4480123929701277,0.2375706915536335,0.5346639728867745,0.0113087921194651,0.0005965345923311,0.0001205514607541,2.5752164823765025e-05,1574234679942446.5,90.0582977541514,35.06543407331631,0.0342101795837232,0.00069816693028,0.0005701696597287,0.322396507734915,0.0170062962762919,0.0034367392678996,0.0007341551527422,4.48790425897968e+16,cruise,GTF2035,0,11.2996468879163,13.49857792761387,11.743762797024068,0.411786265823908,0.3582540512667999,0.7829303544414637,15.253521671810196,11.308792119465185,25.75216482376502,1574234679942446.5,100,6.5,0.7344770477145595,12.6034804027156,728.519204765856,1185.87319126665,0.00236020458361,0.019867106149809,0.222717680177273,15.2533892637444,11.2103734936461,6.5517625093477205,3.34881811593012,745150183303881.0
14,1.448605186060855,48.75993114406779,11262.36,247.447777564,2024-06-07 11:03:00,34610D,217.1541748046875,41.245750427246094,3.5264034271240234,231.2863668119832,62952.72792315618,0.3443085737810399,0.4751413831072671,28.508482986436025,30507.043343620397,-25.06343965686664,2.3602045836149443e-05,0.2171449573353787,0.4480123929701277,0.2375706915536335,0.5346639728867745,0.0113087921194651,0.0005965345923311,0.0001205514607541,2.5752164823765025e-05,1574234679942446.5,90.0582977541514,35.06543407331631,0.0342101795837232,0.00069816693028,0.0005701696597287,0.322396507734915,0.0170062962762919,0.0034367392678996,0.0007341551527422,4.48790425897968e+16,cruise,GTF2035,0,11.2996468879163,13.49857792761387,11.743762797024068,0.411786265823908,0.3582540512667999,0.7829303544414637,15.253521671810196,11.308792119465185,25.75216482376502,1574234679942446.5,100,7.0,0.790975282154141,12.6263511098074,728.929218519245,1177.04831241073,0.00236020458361,0.0200966932160268,0.225154582819166,15.2533895314092,11.2035637106511,7.060032884020376,3.0428553277121058,768696354281980.5
15,1.448605186060855,48.75993114406779,11262.36,247.447777564,2024-06-07 11:03:00,34610D,217.1541748046875,41.245750427246094,3.5264034271240234,231.2863668119832,62952.72792315618,0.3443085737810399,0.4751413831072671,28.508482986436025,30507.043343620397,-25.06343965686664,2.3602045836149443e-05,0.2171449573353787,0.4480123929701277,0.2375706915536335,0.5346639728867745,0.0113087921194651,0.0005965345923311,0.0001205514607541,2.5752164823765025e-05,1574234679942446.5,90.0582977541514,35.06543407331631,0.0342101795837232,0.00069816693028,0.0005701696597287,0.322396507734915,0.0170062962762919,0.0034367392678996,0.0007341551527422,4.48790425897968e+16,cruise,GTF2035,0,11.2996468879163,13.49857792761387,11.743762797024068,0.411786265823908,0.3582540512667999,0.7829303544414637,15.253521671810196,11.308792119465185,25.75216482376502,1574234679942446.5,100,7.5,0.8474735165937224,12.6491883835403,729.337995047091,1168.35247881548,0.00236020458361,0.0203262429994416,0.227589221883773,15.2533897565944,11.1968169371007,7.568878917593226,2.768411600079686,792798753321770.6
16,1.448605186060855,48.75993114406779,11262.36,247.447777564,2024-06-07 11:03:00,34610D,217.1541748046875,41.245750427246094,3.5264034271240234,231.2863668119832,62952.72792315618,0.3443085737810399,0.4751413831072671,28.508482986436025,30507.043343620397,-25.06343965686664,2.3602045836149443e-05,0.2171449573353787,0.4480123929701277,0.2375706915536335,0.5346639728867745,0.0113087921194651,0.0005965345923311,0.0001205514607541,2.5752164823765025e-05,1574234679942446.5,90.0582977541514,35.06543407331631,0.0342101795837232,0.00069816693028,0.0005701696597287,0.322396507734915,0.0170062962762919,0.0034367392678996,0.0007341551527422,4.48790425897968e+16,cruise,GTF2035,0,11.2996468879163,13.49857792761387,11.743762797024068,0.411786265823908,0.3582540512667999,0.7829303544414637,15.253521671810196,11.308792119465185,25.75216482376502,1574234679942446.5,100,8.0,0.903971751033304,12.671730384809,729.747436845686,1159.78772773269,0.00236020458361,0.0205559807767697,0.230021633298314,15.2531190826001,11.1900101384732,8.078381876753552,2.5225181083513313,817383761886011.5
17,1.448605186060855,48.75993114406779,11262.36,247.447777564,2024-06-07 11:03:00,34610D,217.1541748046875,41.245750427246094,3.5264034271240234,231.2863668119832,62952.72792315618,0.3443085737810399,0.4751413831072671,28.508482986436025,30507.043343620397,-25.06343965686664,2.3602045836149443e-05,0.2171449573353787,0.4480123929701277,0.2375706915536335,0.5346639728867745,0.0113087921194651,0.0005965345923311,0.0001205514607541,2.5752164823765025e-05,1574234679942446.5,90.0582977541514,35.06543407331631,0.0342101795837232,0.00069816693028,0.0005701696597287,0.322396507734915,0.0170062962762919,0.0034367392678996,0.0007341551527422,4.48790425897968e+16,cruise,GTF2035,0,11.2996468879163,13.49857792761387,11.743762797024068,0.411786265823908,0.3582540512667999,0.7829303544414637,15.253521671810196,11.308792119465185,25.75216482376502,1574234679942446.5,100,8.5,0.9604699854728856,12.6946210624529,730.178708206915,1151.41154375469,0.00236020458361,0.020787672415468,0.232467456375712,15.2533893231547,11.1829478418533,8.588701289281085,2.302395776265646,842693300557750.5
18,1.448605186060855,48.75993114406779,11262.36,247.447777564,2024-06-07 11:03:00,34610D,217.1541748046875,41.245750427246094,3.5264034271240234,231.2863668119832,62952.72792315618,0.3443085737810399,0.4751413831072671,28.508482986436025,30507.043343620397,-25.06343965686664,2.3602045836149443e-05,0.2171449573353787,0.4480123929701277,0.2375706915536335,0.5346639728867745,0.0113087921194651,0.0005965345923311,0.0001205514607541,2.5752164823765025e-05,1574234679942446.5,90.0582977541514,35.06543407331631,0.0342101795837232,0.00069816693028,0.0005701696597287,0.322396507734915,0.0170062962762919,0.0034367392678996,0.0007341551527422,4.48790425897968e+16,cruise,GTF2035,0,11.2996468879163,13.49857792761387,11.743762797024068,0.411786265823908,0.3582540512667999,0.7829303544414637,15.253521671810196,11.308792119465185,25.75216482376502,1574234679942446.5,100,9.0,1.016968219912467,12.7183809151842,730.616468030281,1143.20187892372,0.00236020458361,0.0210202395524174,0.234936369863374,15.2533836147081,11.1766742371095,9.099023540794137,2.105724020282755,868681785916387.6
19,1.448605186060855,48.75993114406779,11262.36,247.447777564,2024-06-07 11:03:00,34610D,217.1541748046875,41.245750427246094,3.5264034271240234,231.2863668119832,62952.72792315618,0.3443085737810399,0.4751413831072671,28.508482986436025,30507.043343620397,-25.06343965686664,2.3602045836149443e-05,0.2171449573353787,0.4480123929701277,0.2375706915536335,0.5346639728867745,0.0113087921194651,0.0005965345923311,0.0001205514607541,2.5752164823765025e-05,1574234679942446.5,90.0582977541514,35.06543407331631,0.0342101795837232,0.00069816693028,0.0005701696597287,0.322396507734915,0.0170062962762919,0.0034367392678996,0.0007341551527422,4.48790425897968e+16,cruise,GTF2035,0,11.2996468879163,13.49857792761387,11.743762797024068,0.411786265823908,0.3582540512667999,0.7829303544414637,15.253521671810196,11.308792119465185,25.75216482376502,1574234679942446.5,100,9.5,1.0734664543520485,12.7396592193487,731.034688551962,1135.25524249893,0.00236020458361,0.0212613416397416,0.237433028079556,15.2533731165427,11.1673586786145,9.612536726412642,1.9287935201856432,895786354294847.9
20,1.448605186060855,48.75993114406779,11262.36,247.447777564,2024-06-07 11:03:00,34610D,217.1541748046875,41.245750427246094,3.5264034271240234,231.2863668119832,62952.72792315618,0.3443085737810399,0.4751413831072671,28.508482986436025,30507.043343620397,-25.06343965686664,2.3602045836149443e-05,0.2171449573353787,0.4480123929701277,0.2375706915536335,0.5346639728867745,0.0113087921194651,0.0005965345923311,0.0001205514607541,2.5752164823765025e-05,1574234679942446.5,90.0582977541514,35.06543407331631,0.0342101795837232,0.00069816693028,0.0005701696597287,0.322396507734915,0.0170062962762919,0.0034367392678996,0.0007341551527422,4.48790425897968e+16,cruise,GTF2035,0,11.2996468879163,13.49857792761387,11.743762797024068,0.411786265823908,0.3582540512667999,0.7829303544414637,15.253521671810196,11.308792119465185,25.75216482376502,1574234679942446.5,100,10.0,1.12996468879163,12.7608963222122,731.4517342677,1127.41624905816,0.00236020458361,0.0215030288291336,0.239932609084746,15.2533222973923,11.1580843327369,10.126869945555141,1.7716092472514047,921601838298748.2
21,1.448605186060855,48.75993114406779,11262.36,247.447777564,2024-06-07 11:03:00,34610D,217.1541748046875,41.245750427246094,3.5264034271240234,231.2863668119832,62952.72792315618,0.3443085737810399,0.4751413831072671,28.508482986436025,30507.043343620397,-25.06343965686664,2.3602045836149443e-05,0.2171449573353787,0.4480123929701277,0.2375706915536335,0.5346639728867745,0.0113087921194651,0.0005965345923311,0.0001205514607541,2.5752164823765025e-05,1574234679942446.5,90.0582977541514,35.06543407331631,0.0342101795837232,0.00069816693028,0.0005701696597287,0.322396507734915,0.0170062962762919,0.0034367392678996,0.0007341551527422,4.48790425897968e+16,cruise,GTF2035,0,11.2996468879163,13.49857792761387,11.743762797024068,0.411786265823908,0.3582540512667999,0.7829303544414637,15.253521671810196,11.308792119465185,25.75216482376502,1574234679942446.5,100,10.5,1.1864629232312114,12.7820946263991,731.867663915342,1119.68303428706,0.00236020458361,0.0217444460047959,0.242425830386727,15.2532715337854,11.1488621201597,10.642009116659667,1.6309264290116385,947829867084635.1
22,1.448605186060855,48.75993114406779,11262.36,247.447777564,2024-06-07 11:03:00,34610D,217.1541748046875,41.245750427246094,3.5264034271240234,231.2863668119832,62952.72792315618,0.3443085737810399,0.4751413831072671,28.508482986436025,30507.043343620397,-25.06343965686664,2.3602045836149443e-05,0.2171449573353787,0.4480123929701277,0.2375706915536335,0.5346639728867745,0.0113087921194651,0.0005965345923311,0.0001205514607541,2.5752164823765025e-05,1574234679942446.5,90.0582977541514,35.06543407331631,0.0342101795837232,0.00069816693028,0.0005701696597287,0.322396507734915,0.0170062962762919,0.0034367392678996,0.0007341551527422,4.48790425897968e+16,cruise,GTF2035,0,11.2996468879163,13.49857792761387,11.743762797024068,0.411786265823908,0.3582540512667999,0.7829303544414637,15.253521671810196,11.308792119465185,25.75216482376502,1574234679942446.5,100,11.0,1.242961157670793,12.8032540465481,732.282501194731,1112.05409576481,0.00236020458361,0.0219860251412086,0.244917464414336,15.2532212425732,11.1396881810748,11.157952875040596,1.5049735369042743,974519181925075.8
23,1.448605186060855,48.75993114406779,11262.36,247.447777564,2024-06-07 11:03:00,34610D,217.1541748046875,41.245750427246094,3.5264034271240234,231.2863668119832,62952.72792315618,0.3443085737810399,0.4751413831072671,28.508482986436025,30507.043343620397,-25.06343965686664,2.3602045836149443e-05,0.2171449573353787,0.4480123929701277,0.2375706915536335,0.5346639728867745,0.0113087921194651,0.0005965345923311,0.0001205514607541,2.5752164823765025e-05,1574234679942446.5,90.0582977541514,35.06543407331631,0.0342101795837232,0.00069816693028,0.0005701696597287,0.322396507734915,0.0170062962762919,0.0034367392678996,0.0007341551527422,4.48790425897968e+16,cruise,GTF2035,0,11.2996468879163,13.49857792761387,11.743762797024068,0.411786265823908,0.3582540512667999,0.7829303544414637,15.253521671810196,11.308792119465185,25.75216482376502,1574234679942446.5,100,11.5,1.2994593921103743,12.8243736378115,732.696232624995,1104.52286219818,0.00236020458361,0.022227657305352,0.247406316572621,15.2531678421503,11.1305619469421,11.674697093504562,1.3921555895428916,1001660830326457.9
24,1.448605186060855,48.75993114406779,11262.36,247.447777564,2024-06-07 11:03:00,34610D,217.1541748046875,41.245750427246094,3.5264034271240234,231.2863668119832,62952.72792315618,0.3443085737810399,0.4751413831072671,28.508482986436025,30507.043343620397,-25.06343965686664,2.3602045836149443e-05,0.2171449573353787,0.4480123929701277,0.2375706915536335,0.5346639728867745,0.0113087921194651,0.0005965345923311,0.0001205514607541,2.5752164823765025e-05,1574234679942446.5,90.0582977541514,35.06543407331631,0.0342101795837232,0.00069816693028,0.0005701696597287,0.322396507734915,0.0170062962762919,0.0034367392678996,0.0007341551527422,4.48790425897968e+16,cruise,GTF2035,0,11.2996468879163,13.49857792761387,11.743762797024068,0.411786265823908,0.3582540512667999,0.7829303544414637,15.253521671810196,11.308792119465185,25.75216482376502,1574234679942446.5,100,12.0,1.355957626549956,12.8465647671046,733.123394521416,1097.04498635603,0.00236020458361,0.0224658441452173,0.249882417749952,15.2535471709248,11.1227700207806,12.19082678160772,1.291393992798807,1028901916381232.5
25,1.448605186060855,48.75993114406779,11262.36,247.447777564,2024-06-07 11:03:00,34610D,217.1541748046875,41.245750427246094,3.5264034271240234,231.2863668119832,62952.72792315618,0.3443085737810399,0.4751413831072671,28.508482986436025,30507.043343620397,-25.06343965686664,2.3602045836149443e-05,0.2171449573353787,0.4480123929701277,0.2375706915536335,0.5346639728867745,0.0113087921194651,0.0005965345923311,0.0001205514607541,2.5752164823765025e-05,1574234679942446.5,90.0582977541514,35.06543407331631,0.0342101795837232,0.00069816693028,0.0005701696597287,0.322396507734915,0.0170062962762919,0.0034367392678996,0.0007341551527422,4.48790425897968e+16,cruise,GTF2035,0,11.2996468879163,13.49857792761387,11.743762797024068,0.411786265823908,0.3582540512667999,0.7829303544414637,15.253521671810196,11.308792119465185,25.75216482376502,1574234679942446.5,100,12.5,1.4124558609895377,12.8693347337953,733.552490242323,1089.62682431694,0.00236020458361,0.0227019274220075,0.252351708001912,15.2539047461601,11.1158714989671,12.706658772735766,1.2012010229362295,1056391307672099.9
26,1.448605186060855,48.75993114406779,11262.36,247.447777564,2024-06-07 11:03:00,34610D,217.1541748046875,41.245750427246094,3.5264034271240234,231.2863668119832,62952.72792315618,0.3443085737810399,0.4751413831072671,28.508482986436025,30507.043343620397,-25.06343965686664,2.3602045836149443e-05,0.2171449573353787,0.4480123929701277,0.2375706915536335,0.5346639728867745,0.0113087921194651,0.0005965345923311,0.0001205514607541,2.5752164823765025e-05,1574234679942446.5,90.0582977541514,35.06543407331631,0.0342101795837232,0.00069816693028,0.0005701696597287,0.322396507734915,0.0170062962762919,0.0034367392678996,0.0007341551527422,4.48790425897968e+16,cruise,GTF2035,0,11.2996468879163,13.49857792761387,11.743762797024068,0.411786265823908,0.3582540512667999,0.7829303544414637,15.253521671810196,11.308792119465185,25.75216482376502,1574234679942446.5,100,13.0,1.468954095429119,12.8871458247222,733.94677198724,1082.57760862111,0.00236020458361,0.0229562027090784,0.254877163436012,15.2533616278676,11.1027580068901,13.23053330098271,1.1188507190902002,1086097997465150.1
27,1.448605186060855,48.75993114406779,11262.36,247.447777564,2024-06-07 11:03:00,34610D,217.1541748046875,41.245750427246094,3.5264034271240234,231.2863668119832,62952.72792315618,0.3443085737810399,0.4751413831072671,28.508482986436025,30507.043343620397,-25.06343965686664,2.3602045836149443e-05,0.2171449573353787,0.4480123929701277,0.2375706915536335,0.5346639728867745,0.0113087921194651,0.0005965345923311,0.0001205514607541,2.5752164823765025e-05,1574234679942446.5,90.0582977541514,35.06543407331631,0.0342101795837232,0.00069816693028,0.0005701696597287,0.322396507734915,0.0170062962762919,0.0034367392678996,0.0007341551527422,4.48790425897968e+16,cruise,GTF2035,0,11.2996468879163,13.49857792761387,11.743762797024068,0.411786265823908,0.3582540512667999,0.7829303544414637,15.253521671810196,11.308792119465185,25.75216482376502,1574234679942446.5,100,13.5,1.5254523298687004,12.9049844628779,734.341393863358,1075.60233719362,0.00236020458361,0.0232084537847485,0.257375730255248,15.2533565769502,11.0897405162072,13.755527711755875,1.04489563395576,1116056598149163.9
28,1.448605186060855,48.75993114406779,11262.36,247.447777564,2024-06-07 11:03:00,34610D,217.1541748046875,41.245750427246094,3.5264034271240234,231.2863668119832,62952.72792315618,0.3443085737810399,0.4751413831072671,28.508482986436025,30507.043343620397,-25.06343965686664,2.3602045836149443e-05,0.2171449573353787,0.4480123929701277,0.2375706915536335,0.5346639728867745,0.0113087921194651,0.0005965345923311,0.0001205514607541,2.5752164823765025e-05,1574234679942446.5,90.0582977541514,35.06543407331631,0.0342101795837232,0.00069816693028,0.0005701696597287,0.322396507734915,0.0170062962762919,0.0034367392678996,0.0007341551527422,4.48790425897968e+16,cruise,GTF2035,0,11.2996468879163,13.49857792761387,11.743762797024068,0.411786265823908,0.3582540512667999,0.7829303544414637,15.253521671810196,11.308792119465185,25.75216482376502,1574234679942446.5,100,14.0,1.581950564308282,12.9223769155374,734.746232489515,1068.73198910625,0.00236020458361,0.0234617125430995,0.259877680790601,15.25303675189,11.0766714200084,14.281822619119295,0.9784142762267085,1146510437189750.8
29,1.448605186060855,48.75993114406779,11262.36,247.447777564,2024-06-07 11:03:00,34610D,217.1541748046875,41.245750427246094,3.5264034271240234,231.2863668119832,62952.72792315618,0.3443085737810399,0.4751413831072671,28.508482986436025,30507.043343620397,-25.06343965686664,2.3602045836149443e-05,0.2171449573353787,0.4480123929701277,0.2375706915536335,0.5346639728867745,0.0113087921194651,0.0005965345923311,0.0001205514607541,2.5752164823765025e-05,1574234679942446.5,90.0582977541514,35.06543407331631,0.0342101795837232,0.00069816693028,0.0005701696597287,0.322396507734915,0.0170062962762919,0.0034367392678996,0.0007341551527422,4.48790425897968e+16,cruise,GTF2035,0,11.2996468879163,13.49857792761387,11.743762797024068,0.411786265823908,0.3582540512667999,0.7829303544414637,15.253521671810196,11.308792119465185,25.75216482376502,1574234679942446.5,100,14.5,1.6384487987478635,12.9402551501256,735.209471032137,1062.00711920958,0.00236020458361,0.0237178105290063,0.262382264752648,15.2534989290174,11.0626680498928,14.810611611579002,0.918605876700052,1177516057330589.8
30,1.448605186060855,48.75993114406779,11262.36,247.447777564,2024-06-07 11:03:00,34610D,217.1541748046875,41.245750427246094,3.5264034271240234,231.2863668119832,62952.72792315618,0.3443085737810399,0.4751413831072671,28.508482986436025,30507.043343620397,-25.06343965686664,2.3602045836149443e-05,0.2171449573353787,0.4480123929701277,0.2375706915536335,0.5346639728867745,0.0113087921194651,0.0005965345923311,0.0001205514607541,2.5752164823765025e-05,1574234679942446.5,90.0582977541514,35.06543407331631,0.0342101795837232,0.00069816693028,0.0005701696597287,0.322396507734915,0.0170062962762919,0.0034367392678996,0.0007341551527422,4.48790425897968e+16,cruise,GTF2035,0,11.2996468879163,13.49857792761387,11.743762797024068,0.411786265823908,0.3582540512667999,0.7829303544414637,15.253521671810196,11.308792119465185,25.75216482376502,1574234679942446.5,100,15.0,1.6949470331874448,12.9574164269655,735.659894524997,1055.39171245695,0.00236020458361,0.0239751590788846,0.264891266797793,15.253279904412,11.0485718124426,15.340869950979924,0.8646687702232531,1209149114026990.2
31,1.448605186060855,48.75993114406779,11262.36,247.447777564,2024-06-07 11:03:00,34610D,217.1541748046875,41.245750427246094,3.5264034271240234,231.2863668119832,62952.72792315618,0.3443085737810399,0.4751413831072671,28.508482986436025,30507.043343620397,-25.06343965686664,2.3602045836149443e-05,0.2171449573353787,0.4480123929701277,0.2375706915536335,0.5346639728867745,0.0113087921194651,0.0005965345923311,0.0001205514607541,2.5752164823765025e-05,1574234679942446.5,90.0582977541514,35.06543407331631,0.0342101795837232,0.00069816693028,0.0005701696597287,0.322396507734915,0.0170062962762919,0.0034367392678996,0.0007341551527422,4.48790425897968e+16,cruise,GTF2035,0,11.2996468879163,13.49857792761387,11.743762797024068,0.411786265823908,0.3582540512667999,0.7829303544414637,15.253521671810196,11.308792119465185,25.75216482376502,1574234679942446.5,100,15.5,1.7514452676270265,12.9747845056343,736.113958980021,1048.83383175332,0.00236020458361,0.0242324818461494,0.267398504262151,15.253283399167,11.0347139001217,15.872140260996801,0.8160726418679106,1241271622395711.2
32,1.448605186060855,48.75993114406779,11262.36,247.447777564,2024-06-07 11:03:00,34610D,217.1541748046875,41.245750427246094,3.5264034271240234,231.2863668119832,62952.72792315618,0.3443085737810399,0.4751413831072671,28.508482986436025,30507.043343620397,-25.06343965686664,2.3602045836149443e-05,0.2171449573353787,0.4480123929701277,0.2375706915536335,0.5346639728867745,0.0113087921194651,0.0005965345923311,0.0001205514607541,2.5752164823765025e-05,1574234679942446.5,90.0582977541514,35.06543407331631,0.0342101795837232,0.00069816693028,0.0005701696597287,0.322396507734915,0.0170062962762919,0.0034367392678996,0.0007341551527422,4.48790425897968e+16,cruise,GTF2035,0,11.2996468879163,13.49857792761387,11.743762797024068,0.411786265823908,0.3582540512667999,0.7829303544414637,15.253521671810196,11.308792119465185,25.75216482376502,1574234679942446.5,100,16.0,1.807943502066608,12.9921193600407,736.568042788643,1042.35209321351,0.00236020458361,0.0244899885996907,0.269901530484453,15.2532852085746,11.0208924510427,16.404692361330103,0.7722131059731924,1273866997114090.0
33,1.448605186060855,48.75993114406779,11262.36,247.447777564,2024-06-07 11:03:00,34610D,217.1541748046875,41.245750427246094,3.5264034271240234,231.2863668119832,62952.72792315618,0.3443085737810399,0.4751413831072671,28.508482986436025,30507.043343620397,-25.06343965686664,2.3602045836149443e-05,0.2171449573353787,0.4480123929701277,0.2375706915536335,0.5346639728867745,0.0113087921194651,0.0005965345923311,0.0001205514607541,2.5752164823765025e-05,1574234679942446.5,90.0582977541514,35.06543407331631,0.0342101795837232,0.00069816693028,0.0005701696597287,0.322396507734915,0.0170062962762919,0.0034367392678996,0.0007341551527422,4.48790425897968e+16,cruise,GTF2035,0,11.2996468879163,13.49857792761387,11.743762797024068,0.411786265823908,0.3582540512667999,0.7829303544414637,15.253521671810196,11.308792119465185,25.75216482376502,1574234679942446.5,100,16.5,1.8644417365061896,13.0094224952185,737.022175917591,1035.94930946649,0.00236020458361,0.0247478352928127,0.272402058437504,15.2532912428662,11.0071064888902,16.938527290419387,0.732622534511267,1306733967735161.2
34,1.448605186060855,48.75993114406779,11262.36,247.447777564,2024-06-07 11:03:00,34610D,217.1541748046875,41.245750427246094,3.5264034271240234,231.2863668119832,62952.72792315618,0.3443085737810399,0.4751413831072671,28.508482986436025,30507.043343620397,-25.06343965686664,2.3602045836149443e-05,0.2171449573353787,0.4480123929701277,0.2375706915536335,0.5346639728867745,0.0113087921194651,0.0005965345923311,0.0001205514607541,2.5752164823765025e-05,1574234679942446.5,90.0582977541514,35.06543407331631,0.0342101795837232,0.00069816693028,0.0005701696597287,0.322396507734915,0.0170062962762919,0.0034367392678996,0.0007341551527422,4.48790425897968e+16,cruise,GTF2035,0,11.2996468879163,13.49857792761387,11.743762797024068,0.411786265823908,0.3582540512667999,0.7829303544414637,15.253521671810196,11.308792119465185,25.75216482376502,1574234679942446.5,100,17.0,1.920939970945771,13.0261288642384,737.476867686129,1029.61740698227,0.00236020458361,0.0250073651651929,0.274902545087386,15.2527354900468,10.9928632333492,17.474428000870503,0.6967513619609731,1340220529045517.8
35,1.448605186060855,48.75993114406779,11262.36,247.447777564,2024-06-07 11:03:00,34610D,217.1541748046875,41.245750427246094,3.5264034271240234,231.2863668119832,62952.72792315618,0.3443085737810399,0.4751413831072671,28.508482986436025,30507.043343620397,-25.06343965686664,2.3602045836149443e-05,0.2171449573353787,0.4480123929701277,0.2375706915536335,0.5346639728867745,0.0113087921194651,0.0005965345923311,0.0001205514607541,2.5752164823765025e-05,1574234679942446.5,90.0582977541514,35.06543407331631,0.0342101795837232,0.00069816693028,0.0005701696597287,0.322396507734915,0.0170062962762919,0.0034367392678996,0.0007341551527422,4.48790425897968e+16,cruise,GTF2035,0,11.2996468879163,13.49857792761387,11.743762797024068,0.411786265823908,0.3582540512667999,0.7829303544414637,15.253521671810196,11.308792119465185,25.75216482376502,1574234679942446.5,100,17.5,1.9774382053853523,13.0433813765665,737.954109666988,1023.39459177708,0.00236020458361,0.0252677920615172,0.277408394483313,15.2532911915172,10.9787350555969,18.011530430158846,0.6643342018384514,1374220734931856.0
36,1.448605186060855,48.75993114406779,11262.36,247.447777564,2024-06-07 11:03:00,34610D,217.1541748046875,41.245750427246094,3.5264034271240234,231.2863668119832,62952.72792315618,0.3443085737810399,0.4751413831072671,28.508482986436025,30507.043343620397,-25.06343965686664,2.3602045836149443e-05,0.2171449573353787,0.4480123929701277,0.2375706915536335,0.5346639728867745,0.0113087921194651,0.0005965345923311,0.0001205514607541,2.5752164823765025e-05,1574234679942446.5,90.0582977541514,35.06543407331631,0.0342101795837232,0.00069816693028,0.0005701696597287,0.322396507734915,0.0170062962762919,0.0034367392678996,0.0007341551527422,4.48790425897968e+16,cruise,GTF2035,0,11.2996468879163,13.49857792761387,11.743762797024068,0.411786265823908,0.3582540512667999,0.7829303544414637,15.253521671810196,11.308792119465185,25.75216482376502,1574234679942446.5,100,18.0,2.033936439824934,13.0601901947498,738.425266691018,1017.23727048602,0.00236020458361,0.0255289346288725,0.279909519037117,15.2532939528114,10.9644026711772,18.550362485059654,0.6349159299822262,1408787554239079.8
37,1.448605186060855,48.75993114406779,11262.36,247.447777564,2024-06-07 11:03:00,34610D,217.1541748046875,41.245750427246094,3.5264034271240234,231.2863668119832,62952.72792315618,0.3443085737810399,0.4751413831072671,28.508482986436025,30507.043343620397,-25.06343965686664,2.3602045836149443e-05,0.2171449573353787,0.4480123929701277,0.2375706915536335,0.5346639728867745,0.0113087921194651,0.0005965345923311,0.0001205514607541,2.5752164823765025e-05,1574234679942446.5,90.0582977541514,35.06543407331631,0.0342101795837232,0.00069816693028,0.0005701696597287,0.322396507734915,0.0170062962762919,0.0034367392678996,0.0007341551527422,4.48790425897968e+16,cruise,GTF2035,0,11.2996468879163,13.49857792761387,11.743762797024068,0.411786265823908,0.3582540512667999,0.7829303544414637,15.253521671810196,11.308792119465185,25.75216482376502,1574234679942446.5,100,18.5,2.0904346742645155,13.0769706490653,738.896593955876,1011.14721832524,0.00236020458361,0.0257904268629965,0.282407878258447,15.2532955147699,10.9501048493167,19.090544821540785,0.6082315139404392,1443886368673086.8
38,1.448605186060855,48.75993114406779,11262.36,247.447777564,2024-06-07 11:03:00,34610D,217.1541748046875,41.245750427246094,3.5264034271240234,231.2863668119832,62952.72792315618,0.3443085737810399,0.4751413831072671,28.508482986436025,30507.043343620397,-25.06343965686664,2.3602045836149443e-05,0.2171449573353787,0.4480123929701277,0.2375706915536335,0.5346639728867745,0.0113087921194651,0.0005965345923311,0.0001205514607541,2.5752164823765025e-05,1574234679942446.5,90.0582977541514,35.06543407331631,0.0342101795837232,0.00069816693028,0.0005701696597287,0.322396507734915,0.0170062962762919,0.0034367392678996,0.0007341551527422,4.48790425897968e+16,cruise,GTF2035,0,11.2996468879163,13.49857792761387,11.743762797024068,0.411786265823908,0.3582540512667999,0.7829303544414637,15.253521671810196,11.308792119465185,25.75216482376502,1574234679942446.5,100,19.0,2.146932908704097,13.09374245245,739.368384754598,1005.12739749757,0.00236020458361,0.0260526135575545,0.284907280938693,15.2532995039285,10.9358425905825,19.632075817851913,0.5840182828204871,1479383176633384.2
39,1.448605186060855,48.75993114406779,11262.36,247.447777564,2024-06-07 11:03:00,34610D,217.1541748046875,41.245750427246094,3.5264034271240234,231.2863668119832,62952.72792315618,0.3443085737810399,0.4751413831072671,28.508482986436025,30507.043343620397,-25.06343965686664,2.3602045836149443e-05,0.2171449573353787,0.4480123929701277,0.2375706915536335,0.5346639728867745,0.0113087921194651,0.0005965345923311,0.0001205514607541,2.5752164823765025e-05,1574234679942446.5,90.0582977541514,35.06543407331631,0.0342101795837232,0.00069816693028,0.0005701696597287,0.322396507734915,0.0170062962762919,0.0034367392678996,0.0007341551527422,4.48790425897968e+16,cruise,GTF2035,0,11.2996468879163,13.49857792761387,11.743762797024068,0.411786265823908,0.3582540512667999,0.7829303544414637,15.253521671810196,11.308792119465185,25.75216482376502,1574234679942446.5,100,19.5,2.2034311431436784,13.1099351824857,739.882398525737,999.235409617348,0.00236020458361,0.0263183296060579,0.287416099977095,15.2533144724216,10.9207576726654,20.176540943297873,0.562023220898915,1515347521288116.5
40,1.448605186060855,48.75993114406779,11262.36,247.447777564,2024-06-07 11:03:00,34610D,217.1541748046875,41.245750427246094,3.5264034271240234,231.2863668119832,62952.72792315618,0.3443085737810399,0.4751413831072671,28.508482986436025,30507.043343620397,-25.06343965686664,2.3602045836149443e-05,0.2171449573353787,0.4480123929701277,0.2375706915536335,0.5346639728867745,0.0113087921194651,0.0005965345923311,0.0001205514607541,2.5752164823765025e-05,1574234679942446.5,90.0582977541514,35.06543407331631,0.0342101795837232,0.00069816693028,0.0005701696597287,0.322396507734915,0.0170062962762919,0.0034367392678996,0.0007341551527422,4.48790425897968e+16,cruise,GTF2035,0,11.2996468879163,13.49857792761387,11.743762797024068,0.411786265823908,0.3582540512667999,0.7829303544414637,15.253521671810196,11.308792119465185,25.75216482376502,1574234679942446.5,100,20.0,2.25992937758326,13.1263960532867,740.411951052224,993.407494543783,0.00236020458361,0.0265839305941535,0.289913241933331,15.2533090688416,10.9055822616799,20.7226842488201,0.5420499558813353,1551672445702652.8
41,1.448605186060855,48.75993114406779,11262.36,247.447777564,2024-06-07 11:03:00,34610D,217.1541748046875,41.245750427246094,3.5264034271240234,231.2863668119832,62952.72792315618,0.3443085737810399,0.4751413831072671,28.508482986436025,30507.043343620397,-25.06343965686664,2.3602045836149443e-05,0.2171449573353787,0.4480123929701277,0.2375706915536335,0.5346639728867745,0.0113087921194651,0.0005965345923311,0.0001205514607541,2.5752164823765025e-05,1574234679942446.5,90.0582977541514,35.06543407331631,0.0342101795837232,0.00069816693028,0.0005701696597287,0.322396507734915,0.0170062962762919,0.0034367392678996,0.0007341551527422,4.48790425897968e+16,cruise,GTF2035,0,11.2996468879163,13.49857792761387,11.743762797024068,0.411786265823908,0.3582540512667999,0.7829303544414637,15.253521671810196,11.308792119465185,25.75216482376502,1574234679942446.5,100,20.5,2.3164276120228413,13.1426444156722,740.938071003161,987.649374386773,0.00236020458361,0.0268500493798014,0.292408469078743,15.2533107350407,10.8904257471762,21.27031271136,0.5238759459477472,1588542820254069.5
42,1.448605186060855,48.75993114406779,11262.36,247.447777564,2024-06-07 11:03:00,34610D,217.1541748046875,41.245750427246094,3.5264034271240234,231.2863668119832,62952.72792315618,0.3443085737810399,0.4751413831072671,28.508482986436025,30507.043343620397,-25.06343965686664,2.3602045836149443e-05,0.2171449573353787,0.4480123929701277,0.2375706915536335,0.5346639728867745,0.0113087921194651,0.0005965345923311,0.0001205514607541,2.5752164823765025e-05,1574234679942446.5,90.0582977541514,35.06543407331631,0.0342101795837232,0.00069816693028,0.0005701696597287,0.322396507734915,0.0170062962762919,0.0034367392678996,0.0007341551527422,4.48790425897968e+16,cruise,GTF2035,0,11.2996468879163,13.49857792761387,11.743762797024068,0.411786265823908,0.3582540512667999,0.7829303544414637,15.253521671810196,11.308792119465185,25.75216482376502,1574234679942446.5,100,21.0,2.3729258464624228,13.1588624051854,741.464589696776,981.952321205346,0.00236020458361,0.0271172834812516,0.294908400307951,15.2533115585132,10.8752928925143,21.81942012886622,0.5073335694571859,1626093488250632.0
43,1.448605186060855,48.75993114406779,11262.36,247.447777564,2024-06-07 11:03:00,34610D,217.1541748046875,41.245750427246094,3.5264034271240234,231.2863668119832,62952.72792315618,0.3443085737810399,0.4751413831072671,28.508482986436025,30507.043343620397,-25.06343965686664,2.3602045836149443e-05,0.2171449573353787,0.4480123929701277,0.2375706915536335,0.5346639728867745,0.0113087921194651,0.0005965345923311,0.0001205514607541,2.5752164823765025e-05,1574234679942446.5,90.0582977541514,35.06543407331631,0.0342101795837232,0.00069816693028,0.0005701696597287,0.322396507734915,0.0170062962762919,0.0034367392678996,0.0007341551527422,4.48790425897968e+16,cruise,GTF2035,0,11.2996468879163,13.49857792761387,11.743762797024068,0.411786265823908,0.3582540512667999,0.7829303544414637,15.253521671810196,11.308792119465185,25.75216482376502,1574234679942446.5,100,21.5,2.429424080902004,13.1750491148405,741.991401231963,976.30802135491,0.00236020458361,0.0273848331611656,0.297404453610332,15.253298564668,10.8601886255813,22.369998944396485,0.4922547933289193,1664362264306978.0
44,1.448605186060855,48.75993114406779,11262.36,247.447777564,2024-06-07 11:03:00,34610D,217.1541748046875,41.245750427246094,3.5264034271240234,231.2863668119832,62952.72792315618,0.3443085737810399,0.4751413831072671,28.508482986436025,30507.043343620397,-25.06343965686664,2.3602045836149443e-05,0.2171449573353787,0.4480123929701277,0.2375706915536335,0.5346639728867745,0.0113087921194651,0.0005965345923311,0.0001205514607541,2.5752164823765025e-05,1574234679942446.5,90.0582977541514,35.06543407331631,0.0342101795837232,0.00069816693028,0.0005701696597287,0.322396507734915,0.0170062962762919,0.0034367392678996,0.0007341551527422,4.48790425897968e+16,cruise,GTF2035,0,11.2996468879163,13.49857792761387,11.743762797024068,0.411786265823908,0.3582540512667999,0.7829303544414637,15.253521671810196,11.308792119465185,25.75216482376502,1574234679942446.5,100,22.0,2.485922315341586,13.1912034187921,742.518538586678,970.737992035721,0.00236020458361,0.027653161414119,0.299901546359505,15.2533127048181,10.8451088780895,22.922059550401784,0.47852518572364194,1703232935343176.8
45,1.448605186060855,48.75993114406779,11262.36,247.447777564,2024-06-07 11:03:00,34610D,217.1541748046875,41.245750427246094,3.5264034271240234,231.2863668119832,62952.72792315618,0.3443085737810399,0.4751413831072671,28.508482986436025,30507.043343620397,-25.06343965686664,2.3602045836149443e-05,0.2171449573353787,0.4480123929701277,0.2375706915536335,0.5346639728867745,0.0113087921194651,0.0005965345923311,0.0001205514607541,2.5752164823765025e-05,1574234679942446.5,90.0582977541514,35.06543407331631,0.0342101795837232,0.00069816693028,0.0005701696597287,0.322396507734915,0.0170062962762919,0.0034367392678996,0.0007341551527422,4.48790425897968e+16,cruise,GTF2035,0,11.2996468879163,13.49857792761387,11.743762797024068,0.411786265823908,0.3582540512667999,0.7829303544414637,15.253521671810196,11.308792119465185,25.75216482376502,1574234679942446.5,100,22.5,2.542420549781168,13.207325333734,743.045964608202,965.218915940543,0.00236020458361,0.027921990590744,0.302396700415551,15.25331351541,10.8300552366705,23.47560094774538,0.4660227532380192,1742667373879460.2
46,1.448605186060855,48.75993114406779,11262.36,247.447777564,2024-06-07 11:03:00,34610D,217.1541748046875,41.245750427246094,3.5264034271240234,231.2863668119832,62952.72792315618,0.3443085737810399,0.4751413831072671,28.508482986436025,30507.043343620397,-25.06343965686664,2.3602045836149443e-05,0.2171449573353787,0.4480123929701277,0.2375706915536335,0.5346639728867745,0.0113087921194651,0.0005965345923311,0.0001205514607541,2.5752164823765025e-05,1574234679942446.5,90.0582977541514,35.06543407331631,0.0342101795837232,0.00069816693028,0.0005701696597287,0.322396507734915,0.0170062962762919,0.0034367392678996,0.0007341551527422,4.48790425897968e+16,cruise,GTF2035,0,11.2996468879163,13.49857792761387,11.743762797024068,0.411786265823908,0.3582540512667999,0.7829303544414637,15.253521671810196,11.308792119465185,25.75216482376502,1574234679942446.5,100,23.0,2.598918784220749,13.2234137254257,743.573636972833,959.757079477989,0.00236020458361,0.0281910765986123,0.304887290307407,15.2533137926107,10.8150282675765,24.030624053127244,0.45463828997477285,1782630345074341.8
47,1.448605186060855,48.75993114406779,11262.36,247.447777564,2024-06-07 11:03:00,34610D,217.1541748046875,41.245750427246094,3.5264034271240234,231.2863668119832,62952.72792315618,0.3443085737810399,0.4751413831072671,28.508482986436025,30507.043343620397,-25.06343965686664,2.3602045836149443e-05,0.2171449573353787,0.4480123929701277,0.2375706915536335,0.5346639728867745,0.0113087921194651,0.0005965345923311,0.0001205514607541,2.5752164823765025e-05,1574234679942446.5,90.0582977541514,35.06543407331631,0.0342101795837232,0.00069816693028,0.0005701696597287,0.322396507734915,0.0170062962762919,0.0034367392678996,0.0007341551527422,4.48790425897968e+16,cruise,GTF2035,0,11.2996468879163,13.49857792761387,11.743762797024068,0.411786265823908,0.3582540512667999,0.7829303544414637,15.253521671810196,11.308792119465185,25.75216482376502,1574234679942446.5,100,23.5,2.6554170186603305,13.2394689311492,744.10163808052,954.351745384658,0.00236020458361,0.0284612178314575,0.307381800026462,15.2533151236271,10.8000227483843,24.587142828542515,0.4442718226427507,1823249907340590.8
48,1.448605186060855,48.75993114406779,11262.36,247.447777564,2024-06-07 11:03:00,34610D,217.1541748046875,41.245750427246094,3.5264034271240234,231.2863668119832,62952.72792315618,0.3443085737810399,0.4751413831072671,28.508482986436025,30507.043343620397,-25.06343965686664,2.3602045836149443e-05,0.2171449573353787,0.4480123929701277,0.2375706915536335,0.5346639728867745,0.0113087921194651,0.0005965345923311,0.0001205514607541,2.5752164823765025e-05,1574234679942446.5,90.0582977541514,35.06543407331631,0.0342101795837232,0.00069816693028,0.0005701696597287,0.322396507734915,0.0170062962762919,0.0034367392678996,0.0007341551527422,4.48790425897968e+16,cruise,GTF2035,0,11.2996468879163,13.49857792761387,11.743762797024068,0.411786265823908,0.3582540512667999,0.7829303544414637,15.253521671810196,11.308792119465185,25.75216482376502,1574234679942446.5,100,24.0,2.711915253099912,13.2549599372897,744.644802374505,949.044027061796,0.00236020458361,0.0287348331373473,0.309883439484553,15.2535378760124,10.7842435695856,25.14701411926772,0.4348170090436377,1864669467019550.0
49,1.448605186060855,48.75993114406779,11262.36,247.447777564,2024-06-07 11:03:00,34610D,217.1541748046875,41.245750427246094,3.5264034271240234,231.2863668119832,62952.72792315618,0.3443085737810399,0.4751413831072671,28.508482986436025,30507.043343620397,-25.06343965686664,2.3602045836149443e-05,0.2171449573353787,0.4480123929701277,0.2375706915536335,0.5346639728867745,0.0113087921194651,0.0005965345923311,0.0001205514607541,2.5752164823765025e-05,1574234679942446.5,90.0582977541514,35.06543407331631,0.0342101795837232,0.00069816693028,0.0005701696597287,0.322396507734915,0.0170062962762919,0.0034367392678996,0.0007341551527422,4.48790425897968e+16,cruise,GTF2035,0,11.2996468879163,13.49857792761387,11.743762797024068,0.411786265823908,0.3582540512667999,0.7829303544414637,15.253521671810196,11.308792119465185,25.75216482376502,1574234679942446.5,100,24.5,2.768413487539493,13.2700955047536,745.202257387672,943.800802422674,0.00236020458361,0.0290103728711146,0.312381905984517,15.2534648809171,10.7679383292434,25.70978215970163,0.426213211961109,1906689528249332.0
50,1.448605186060855,48.75993114406779,11262.36,247.447777564,2024-06-07 11:03:00,34610D,217.1541748046875,41.245750427246094,3.5264034271240234,231.2863668119832,62952.72792315618,0.3443085737810399,0.4751413831072671,28.508482986436025,30507.043343620397,-25.06343965686664,2.3602045836149443e-05,0.2171449573353787,0.4480123929701277,0.2375706915536335,0.5346639728867745,0.0113087921194651,0.0005965345923311,0.0001205514607541,2.5752164823765025e-05,1574234679942446.5,90.0582977541514,35.06543407331631,0.0342101795837232,0.00069816693028,0.0005701696597287,0.322396507734915,0.0170062962762919,0.0034367392678996,0.0007341551527422,4.48790425897968e+16,cruise,GTF2035,0,11.2996468879163,13.49857792761387,11.743762797024068,0.411786265823908,0.3582540512667999,0.7829303544414637,15.253521671810196,11.308792119465185,25.75216482376502,1574234679942446.5,100,25.0,2.824911721979075,13.285334722548,745.770419378008,938.609021465202,0.00236020458361,0.0292864773412154,0.314875196851307,15.2533472028687,10.7515558523038,26.274445864258468,0.41840875446594156,1949211694458625.2
