index,longitude,latitude,altitude,groundspeed,time,flight_id,air_temperature,eastward_wind,northward_wind,true_airspeed,aircraft_mass,engine_efficiency,fuel_flow,fuel_burn,thrust,rocd,specific_humidity,air_pressure,rhi,fuel_flow_per_engine,thrust_setting,nox_ei,co_ei,hc_ei,nvpm_ei_m,nvpm_ei_n,co2,h2o,so2,sulphates,oc,nox,co,hc,nvpm_mass,nvpm_number,flight_phase,engine_model,SAF,LHV,ei_h2o,ei_co2_conservative,ei_co2_optimistic,W3_no_water_injection,tsfc_2020,tsfc_2035_max,fuel_2020,fuel_2035_max,mach,thrust_per_engine,EI_nox_py,EI_nvpm_mass_py,EI_nvpm_number_py,original_index,WAR,water_injection_kg_s,PT3,TT3,TT4,specific_humidity_gsp,FAR,fuel_flow_gsp,thrust_gsp,W3,W3_no_specific_humid,WAR_gsp,EI_nox_p3t3_wi,EI_nvpm_number_p3t3_meem
0,-4.146251678466797,36.78662109375,4358.64,191.887777612,2024-06-07 09:28:00,34610D,271.7187805175781,-3.4062368869781494,8.695612907409668,180.84474749099616,66300.66688901615,0.3012554568817412,1.0933459187748753,65.60075512649252,97118.16341582536,2666.064328572796,0.0012513568449361,0.588129611839903,0.2179621556171939,0.5466729593874377,1.0,0.0189171891632269,0.000452394905954,9.81145512810233e-05,3.628235539e-05,1450000000000000.0,207.23278544458984,80.68892880558579,0.078720906151791,0.0016065491051385,0.0013120151025298,1.240981893978391,0.0296774474459664,0.0064363886529321,0.0023801499113517,9.512109493341414e+16,climb,GTF2035,0,43031,1.237,3.16,3.16,24.63684828323992,12.413855604096195,10.800054375563692,1.205603216777164,1.0488747985961326,0.5472720841957844,48.55908170791269,18.91718916322698,36.28235539,1450000000000000.0,5,0.0,0.0,30.018618670879,865.904251157187,1605.37497260617,0.125135684494,0.0224546868423049,0.553908108270668,48.5593191550096,24.6678171092147,24.636987446335123,0.12513568449360998,23.6899839125859,981929011911346.6
1,-4.146251678466797,36.78662109375,4358.64,191.887777612,2024-06-07 09:28:00,34610D,271.7187805175781,-3.4062368869781494,8.695612907409668,180.84474749099616,66300.66688901615,0.3012554568817412,1.0933459187748753,65.60075512649252,97118.16341582536,2666.064328572796,0.0012513568449361,0.588129611839903,0.2179621556171939,0.5466729593874377,1.0,0.0189171891632269,0.000452394905954,9.81145512810233e-05,3.628235539e-05,1450000000000000.0,207.23278544458984,80.68892880558579,0.078720906151791,0.0016065491051385,0.0013120151025298,1.240981893978391,0.0296774474459664,0.0064363886529321,0.0023801499113517,9.512109493341414e+16,climb,GTF2035,0,43031,1.237,3.16,3.16,24.63684828323992,12.413855604096195,10.800054375563692,1.205603216777164,1.0488747985961326,0.5472720841957844,48.55908170791269,18.91718916322698,36.28235539,1450000000000000.0,5,0.5,0.0923547526793149,30.0630744099886,866.193962531287,1595.9161677632,0.125135684494,0.0224081331342661,0.552569264241367,48.5591103788755,24.6593172635336,24.628498223700877,0.500127094203028,22.175611276190676,976167972211900.4
2,-4.146251678466797,36.78662109375,4358.64,191.887777612,2024-06-07 09:28:00,34610D,271.7187805175781,-3.4062368869781494,8.695612907409668,180.84474749099616,66300.66688901615,0.3012554568817412,1.0933459187748753,65.60075512649252,97118.16341582536,2666.064328572796,0.0012513568449361,0.588129611839903,0.2179621556171939,0.5466729593874377,1.0,0.0189171891632269,0.000452394905954,9.81145512810233e-05,3.628235539e-05,1450000000000000.0,207.23278544458984,80.68892880558579,0.078720906151791,0.0016065491051385,0.0013120151025298,1.240981893978391,0.0296774474459664,0.0064363886529321,0.0023801499113517,9.512109493341414e+16,climb,GTF2035,0,43031,1.237,3.16,3.16,24.63684828323992,12.413855604096195,10.800054375563692,1.205603216777164,1.0488747985961326,0.5472720841957844,48.55908170791269,18.91718916322698,36.28235539,1450000000000000.0,5,1.0,0.2155389940955145,30.1226802575524,866.582361621185,1583.48202223612,0.125135684494,0.022345661762804,0.550783497061508,48.5593082273273,24.6483412712497,24.617535949134286,1.0006863266897648,20.266721468953847,968473465773476.0
3,-4.146251678466797,36.78662109375,4358.64,191.887777612,2024-06-07 09:28:00,34610D,271.7187805175781,-3.4062368869781494,8.695612907409668,180.84474749099616,66300.66688901615,0.3012554568817412,1.0933459187748753,65.60075512649252,97118.16341582536,2666.064328572796,0.0012513568449361,0.588129611839903,0.2179621556171939,0.5466729593874377,1.0,0.0189171891632269,0.000452394905954,9.81145512810233e-05,3.628235539e-05,1450000000000000.0,207.23278544458984,80.68892880558579,0.078720906151791,0.0016065491051385,0.0013120151025298,1.240981893978391,0.0296774474459664,0.0064363886529321,0.0023801499113517,9.512109493341414e+16,climb,GTF2035,0,43031,1.237,3.16,3.16,24.63684828323992,12.413855604096195,10.800054375563692,1.205603216777164,1.0488747985961326,0.5472720841957844,48.55908170791269,18.91718916322698,36.28235539,1450000000000000.0,5,1.5,0.3387232355117141,30.1820377800612,866.979655859607,1571.27459891971,0.125135684494,0.0222834300627421,0.548997476958468,48.5592608404653,24.6370273971597,24.606236215043886,1.5017104379482802,18.486802719266986,960755090964042.0
4,-4.146251678466797,36.78662109375,4358.64,191.887777612,2024-06-07 09:28:00,34610D,271.7187805175781,-3.4062368869781494,8.695612907409668,180.84474749099616,66300.66688901615,0.3012554568817412,1.0933459187748753,65.60075512649252,97118.16341582536,2666.064328572796,0.0012513568449361,0.588129611839903,0.2179621556171939,0.5466729593874377,1.0,0.0189171891632269,0.000452394905954,9.81145512810233e-05,3.628235539e-05,1450000000000000.0,207.23278544458984,80.68892880558579,0.078720906151791,0.0016065491051385,0.0013120151025298,1.240981893978391,0.0296774474459664,0.0064363886529321,0.0023801499113517,9.512109493341414e+16,climb,GTF2035,0,43031,1.237,3.16,3.16,24.63684828323992,12.413855604096195,10.800054375563692,1.205603216777164,1.0488747985961326,0.5472720841957844,48.55908170791269,18.91718916322698,36.28235539,1450000000000000.0,5,2.0,0.4619074769279137,30.241153302983,867.386565631882,1559.28897066855,0.125135684494,0.0222214858438324,0.547213491583244,48.5590838214653,24.6254231345707,24.594646455379973,2.0032170700744687,16.83628033959973,952984926006790.1
5,-4.146251678466797,36.78662109375,4358.64,191.887777612,2024-06-07 09:28:00,34610D,271.7187805175781,-3.4062368869781494,8.695612907409668,180.84474749099616,66300.66688901615,0.3012554568817412,1.0933459187748753,65.60075512649252,97118.16341582536,2666.064328572796,0.0012513568449361,0.588129611839903,0.2179621556171939,0.5466729593874377,1.0,0.0189171891632269,0.000452394905954,9.81145512810233e-05,3.628235539e-05,1450000000000000.0,207.23278544458984,80.68892880558579,0.078720906151791,0.0016065491051385,0.0013120151025298,1.240981893978391,0.0296774474459664,0.0064363886529321,0.0023801499113517,9.512109493341414e+16,climb,GTF2035,0,43031,1.237,3.16,3.16,24.63684828323992,12.413855604096195,10.800054375563692,1.205603216777164,1.0488747985961326,0.5472720841957844,48.55908170791269,18.91718916322698,36.28235539,1450000000000000.0,5,2.5,0.5850917183441133,30.2996126832039,867.805444129103,1547.51137696317,0.125135684494,0.0221594915859019,0.545428762393566,48.5581615429912,24.6137760101217,24.58301388742451,2.5052007205525864,15.31319963209939,945087973963672.2
6,-4.146251678466797,36.78662109375,4358.64,191.887777612,2024-06-07 09:28:00,34610D,271.7187805175781,-3.4062368869781494,8.695612907409668,180.84474749099616,66300.66688901615,0.3012554568817412,1.0933459187748753,65.60075512649252,97118.16341582536,2666.064328572796,0.0012513568449361,0.588129611839903,0.2179621556171939,0.5466729593874377,1.0,0.0189171891632269,0.000452394905954,9.81145512810233e-05,3.628235539e-05,1450000000000000.0,207.23278544458984,80.68892880558579,0.078720906151791,0.0016065491051385,0.0013120151025298,1.240981893978391,0.0296774474459664,0.0064363886529321,0.0023801499113517,9.512109493341414e+16,climb,GTF2035,0,43031,1.237,3.16,3.16,24.63684828323992,12.413855604096195,10.800054375563692,1.205603216777164,1.0488747985961326,0.5472720841957844,48.55908170791269,18.91718916322698,36.28235539,1450000000000000.0,5,3.0,0.7082759597603129,30.3587124969716,868.227594558148,1535.96743476862,0.125135684494,0.0220988407873615,0.543668371779894,48.5589582429696,24.6016692464168,24.57092225466703,3.0077135235317116,13.912975015966845,937377657348165.5
7,-4.146251678466797,36.78662109375,4358.64,191.887777612,2024-06-07 09:28:00,34610D,271.7187805175781,-3.4062368869781494,8.695612907409668,180.84474749099616,66300.66688901615,0.3012554568817412,1.0933459187748753,65.60075512649252,97118.16341582536,2666.064328572796,0.0012513568449361,0.588129611839903,0.2179621556171939,0.5466729593874377,1.0,0.0189171891632269,0.000452394905954,9.81145512810233e-05,3.628235539e-05,1450000000000000.0,207.23278544458984,80.68892880558579,0.078720906151791,0.0016065491051385,0.0013120151025298,1.240981893978391,0.0296774474459664,0.0064363886529321,0.0023801499113517,9.512109493341414e+16,climb,GTF2035,0,43031,1.237,3.16,3.16,24.63684828323992,12.413855604096195,10.800054375563692,1.205603216777164,1.0488747985961326,0.5472720841957844,48.55908170791269,18.91718916322698,36.28235539,1450000000000000.0,5,3.5,0.8314602011765125,30.4174087975325,868.652087473093,1524.59075563668,0.125135684494,0.0220373537649772,0.541895862067655,48.5589693610513,24.589878977614,24.55914672125856,3.510677578979688,12.63097138456939,929586635761764.6
8,-4.146251678466797,36.78662109375,4358.64,191.887777612,2024-06-07 09:28:00,34610D,271.7187805175781,-3.4062368869781494,8.695612907409668,180.84474749099616,66300.66688901615,0.3012554568817412,1.0933459187748753,65.60075512649252,97118.16341582536,2666.064328572796,0.0012513568449361,0.588129611839903,0.2179621556171939,0.5466729593874377,1.0,0.0189171891632269,0.000452394905954,9.81145512810233e-05,3.628235539e-05,1450000000000000.0,207.23278544458984,80.68892880558579,0.078720906151791,0.0016065491051385,0.0013120151025298,1.240981893978391,0.0296774474459664,0.0064363886529321,0.0023801499113517,9.512109493341414e+16,climb,GTF2035,0,43031,1.237,3.16,3.16,24.63684828323992,12.413855604096195,10.800054375563692,1.205603216777164,1.0488747985961326,0.5472720841957844,48.55908170791269,18.91718916322698,36.28235539,1450000000000000.0,5,4.0,0.954644442592712,30.4760452295684,869.07672115765,1513.39150098193,0.125135684494,0.0219756345546276,0.540121230231476,48.5589679146859,24.578185848915,24.54746820654888,4.014108814268467,11.461462499131825,921813727236916.2
9,-4.146251678466797,36.78662109375,4358.64,191.887777612,2024-06-07 09:28:00,34610D,271.7187805175781,-3.4062368869781494,8.695612907409668,180.84474749099616,66300.66688901615,0.3012554568817412,1.0933459187748753,65.60075512649252,97118.16341582536,2666.064328572796,0.0012513568449361,0.588129611839903,0.2179621556171939,0.5466729593874377,1.0,0.0189171891632269,0.000452394905954,9.81145512810233e-05,3.628235539e-05,1450000000000000.0,207.23278544458984,80.68892880558579,0.078720906151791,0.0016065491051385,0.0013120151025298,1.240981893978391,0.0296774474459664,0.0064363886529321,0.0023801499113517,9.512109493341414e+16,climb,GTF2035,0,43031,1.237,3.16,3.16,24.63684828323992,12.413855604096195,10.800054375563692,1.205603216777164,1.0488747985961326,0.5472720841957844,48.55908170791269,18.91718916322698,36.28235539,1450000000000000.0,5,4.5,1.0778286840089115,30.5346281365107,869.501492143292,1502.36492113911,0.125135684494,0.0219136775045461,0.538344414757959,48.5589663761901,24.5665938383129,24.535890683559423,4.518001213239725,10.398197636639507,914052707312545.9
10,-4.146251678466797,36.78662109375,4358.64,191.887777612,2024-06-07 09:28:00,34610D,271.7187805175781,-3.4062368869781494,8.695612907409668,180.84474749099616,66300.66688901615,0.3012554568817412,1.0933459187748753,65.60075512649252,97118.16341582536,2666.064328572796,0.0012513568449361,0.588129611839903,0.2179621556171939,0.5466729593874377,1.0,0.0189171891632269,0.000452394905954,9.81145512810233e-05,3.628235539e-05,1450000000000000.0,207.23278544458984,80.68892880558579,0.078720906151791,0.0016065491051385,0.0013120151025298,1.240981893978391,0.0296774474459664,0.0064363886529321,0.0023801499113517,9.512109493341414e+16,climb,GTF2035,0,43031,1.237,3.16,3.16,24.63684828323992,12.413855604096195,10.800054375563692,1.205603216777164,1.0488747985961326,0.5472720841957844,48.55908170791269,18.91718916322698,36.28235539,1450000000000000.0,5,5.0,1.2010129254251112,30.5931522112791,869.926310225347,1491.50662977588,0.125135684494,0.0218514866757318,0.53656542592729,48.5589647394572,24.5550993344172,24.524410545413172,5.022349924163636,9.434358578020891,906310205286870.0
11,-4.146251678466797,36.78662109375,4358.64,191.887777612,2024-06-07 09:28:00,34610D,271.7187805175781,-3.4062368869781494,8.695612907409668,180.84474749099616,66300.66688901615,0.3012554568817412,1.0933459187748753,65.60075512649252,97118.16341582536,2666.064328572796,0.0012513568449361,0.588129611839903,0.2179621556171939,0.5466729593874377,1.0,0.0189171891632269,0.000452394905954,9.81145512810233e-05,3.628235539e-05,1450000000000000.0,207.23278544458984,80.68892880558579,0.078720906151791,0.0016065491051385,0.0013120151025298,1.240981893978391,0.0296774474459664,0.0064363886529321,0.0023801499113517,9.512109493341414e+16,climb,GTF2035,0,43031,1.237,3.16,3.16,24.63684828323992,12.413855604096195,10.800054375563692,1.205603216777164,1.0488747985961326,0.5472720841957844,48.55908170791269,18.91718916322698,36.28235539,1450000000000000.0,5,5.5,1.3241971668413108,30.6516126412006,870.351092631042,1480.81240317564,0.125135684494,0.0217890658583386,0.534784273307894,48.5589630160743,24.5436989719885,24.513024431076587,5.527150317835015,8.562920214036708,898588554301357.0
12,-4.146251678466797,36.78662109375,4358.64,191.887777612,2024-06-07 09:28:00,34610D,271.7187805175781,-3.4062368869781494,8.695612907409668,180.84474749099616,66300.66688901615,0.3012554568817412,1.0933459187748753,65.60075512649252,97118.16341582536,2666.064328572796,0.0012513568449361,0.588129611839903,0.2179621556171939,0.5466729593874377,1.0,0.0189171891632269,0.000452394905954,9.81145512810233e-05,3.628235539e-05,1450000000000000.0,207.23278544458984,80.68892880558579,0.078720906151791,0.0016065491051385,0.0013120151025298,1.240981893978391,0.0296774474459664,0.0064363886529321,0.0023801499113517,9.512109493341414e+16,climb,GTF2035,0,43031,1.237,3.16,3.16,24.63684828323992,12.413855604096195,10.800054375563692,1.205603216777164,1.0488747985961326,0.5472720841957844,48.55908170791269,18.91718916322698,36.28235539,1450000000000000.0,5,6.0,1.4473814082575105,30.7100049833785,870.775762654023,1470.27817297133,0.125135684494,0.0217264176192165,0.533000941441532,48.5589612170354,24.5323895905464,24.501729184019208,6.032397973563141,7.77680241614163,890888786790088.4
13,-4.146251678466797,36.78662109375,4358.64,191.887777612,2024-06-07 09:28:00,34610D,271.7187805175781,-3.4062368869781494,8.695612907409668,180.84474749099616,66300.66688901615,0.3012554568817412,1.0933459187748753,65.60075512649252,97118.16341582536,2666.064328572796,0.0012513568449361,0.588129611839903,0.2179621556171939,0.5466729593874377,1.0,0.0189171891632269,0.000452394905954,9.81145512810233e-05,3.628235539e-05,1450000000000000.0,207.23278544458984,80.68892880558579,0.078720906151791,0.0016065491051385,0.0013120151025298,1.240981893978391,0.0296774474459664,0.0064363886529321,0.0023801499113517,9.512109493341414e+16,climb,GTF2035,0,43031,1.237,3.16,3.16,24.63684828323992,12.413855604096195,10.800054375563692,1.205603216777164,1.0488747985961326,0.5472720841957844,48.55908170791269,18.91718916322698,36.28235539,1450000000000000.0,5,6.5,1.5705656496737102,30.7661527522938,871.16175530289,1459.95972888799,0.125135684494,0.0216672147084551,0.53125896649645,48.5582041124642,24.5190244175288,24.488380714700057,6.538649374808463,7.067045645065009,883820069079196.0
14,-4.146251678466797,36.78662109375,4358.64,191.887777612,2024-06-07 09:28:00,34610D,271.7187805175781,-3.4062368869781494,8.695612907409668,180.84474749099616,66300.66688901615,0.3012554568817412,1.0933459187748753,65.60075512649252,97118.16341582536,2666.064328572796,0.0012513568449361,0.588129611839903,0.2179621556171939,0.5466729593874377,1.0,0.0189171891632269,0.000452394905954,9.81145512810233e-05,3.628235539e-05,1450000000000000.0,207.23278544458984,80.68892880558579,0.078720906151791,0.0016065491051385,0.0013120151025298,1.240981893978391,0.0296774474459664,0.0064363886529321,0.0023801499113517,9.512109493341414e+16,climb,GTF2035,0,43031,1.237,3.16,3.16,24.63684828323992,12.413855604096195,10.800054375563692,1.205603216777164,1.0488747985961326,0.5472720841957844,48.55908170791269,18.91718916322698,36.28235539,1450000000000000.0,5,7.0,1.6937498910899098,30.8212386614116,871.526919084985,1449.87305104055,0.125135684494,0.0216116850688018,0.529578461684976,48.5588587267641,24.5042651694691,24.47363991264391,7.045846690848088,6.428007340356226,877293638510162.6
15,-4.146251678466797,36.78662109375,4358.64,191.887777612,2024-06-07 09:28:00,34610D,271.7187805175781,-3.4062368869781494,8.695612907409668,180.84474749099616,66300.66688901615,0.3012554568817412,1.0933459187748753,65.60075512649252,97118.16341582536,2666.064328572796,0.0012513568449361,0.588129611839903,0.2179621556171939,0.5466729593874377,1.0,0.0189171891632269,0.000452394905954,9.81145512810233e-05,3.628235539e-05,1450000000000000.0,207.23278544458984,80.68892880558579,0.078720906151791,0.0016065491051385,0.0013120151025298,1.240981893978391,0.0296774474459664,0.0064363886529321,0.0023801499113517,9.512109493341414e+16,climb,GTF2035,0,43031,1.237,3.16,3.16,24.63684828323992,12.413855604096195,10.800054375563692,1.205603216777164,1.0488747985961326,0.5472720841957844,48.55908170791269,18.91718916322698,36.28235539,1450000000000000.0,5,7.5,1.8169341325061088,30.8750549447506,871.871455476543,1439.95422523306,0.125135684494,0.0215575968259803,0.527912474723882,48.5588147098,24.4884658983725,24.457860387364278,7.553970847216167,5.853490636761865,871064838405190.1
16,-4.146251678466797,36.78662109375,4358.64,191.887777612,2024-06-07 09:28:00,34610D,271.7187805175781,-3.4062368869781494,8.695612907409668,180.84474749099616,66300.66688901615,0.3012554568817412,1.0933459187748753,65.60075512649252,97118.16341582536,2666.064328572796,0.0012513568449361,0.588129611839903,0.2179621556171939,0.5466729593874377,1.0,0.0189171891632269,0.000452394905954,9.81145512810233e-05,3.628235539e-05,1450000000000000.0,207.23278544458984,80.68892880558579,0.078720906151791,0.0016065491051385,0.0013120151025298,1.240981893978391,0.0296774474459664,0.0064363886529321,0.0023801499113517,9.512109493341414e+16,climb,GTF2035,0,43031,1.237,3.16,3.16,24.63684828323992,12.413855604096195,10.800054375563692,1.205603216777164,1.0488747985961326,0.5472720841957844,48.55908170791269,18.91718916322698,36.28235539,1450000000000000.0,5,8.0,1.940118373922309,30.9288114976507,872.216447050482,1430.17143107222,0.125135684494,0.0215030995118029,0.526240590784318,48.5588156273136,24.4727784706324,24.44219256566011,8.062714805967616,5.33837590115216,864818450351301.6
17,-4.146251678466797,36.78662109375,4358.64,191.887777612,2024-06-07 09:28:00,34610D,271.7187805175781,-3.4062368869781494,8.695612907409668,180.84474749099616,66300.66688901615,0.3012554568817412,1.0933459187748753,65.60075512649252,97118.16341582536,2666.064328572796,0.0012513568449361,0.588129611839903,0.2179621556171939,0.5466729593874377,1.0,0.0189171891632269,0.000452394905954,9.81145512810233e-05,3.628235539e-05,1450000000000000.0,207.23278544458984,80.68892880558579,0.078720906151791,0.0016065491051385,0.0013120151025298,1.240981893978391,0.0296774474459664,0.0064363886529321,0.0023801499113517,9.512109493341414e+16,climb,GTF2035,0,43031,1.237,3.16,3.16,24.63684828323992,12.413855604096195,10.800054375563692,1.205603216777164,1.0488747985961326,0.5472720841957844,48.55908170791269,18.91718916322698,36.28235539,1450000000000000.0,5,8.5,2.063302615338509,30.9825388353141,872.576203162485,1420.54737492296,0.125135684494,0.0214488246073821,0.524573301287685,48.559032072588,24.4569719268971,24.426405776831075,8.572152548905123,4.877072463924521,858505057195917.9
18,-4.146251678466797,36.78662109375,4358.64,191.887777612,2024-06-07 09:28:00,34610D,271.7187805175781,-3.4062368869781494,8.695612907409668,180.84474749099616,66300.66688901615,0.3012554568817412,1.0933459187748753,65.60075512649252,97118.16341582536,2666.064328572796,0.0012513568449361,0.588129611839903,0.2179621556171939,0.5466729593874377,1.0,0.0189171891632269,0.000452394905954,9.81145512810233e-05,3.628235539e-05,1450000000000000.0,207.23278544458984,80.68892880558579,0.078720906151791,0.0016065491051385,0.0013120151025298,1.240981893978391,0.0296774474459664,0.0064363886529321,0.0023801499113517,9.512109493341414e+16,climb,GTF2035,0,43031,1.237,3.16,3.16,24.63684828323992,12.413855604096195,10.800054375563692,1.205603216777164,1.0488747985961326,0.5472720841957844,48.55908170791269,18.91718916322698,36.28235539,1450000000000000.0,5,9.0,2.186486856754708,31.0357456160035,872.94812059594,1411.08433037631,0.125135684494,0.0213951650371377,0.522911870799817,48.5590964682588,24.440656096466,24.410110337809137,9.082435862559704,4.463970375525574,852168767360887.5
19,-4.146251678466797,36.78662109375,4358.64,191.887777612,2024-06-07 09:28:00,34610D,271.7187805175781,-3.4062368869781494,8.695612907409668,180.84474749099616,66300.66688901615,0.3012554568817412,1.0933459187748753,65.60075512649252,97118.16341582536,2666.064328572796,0.0012513568449361,0.588129611839903,0.2179621556171939,0.5466729593874377,1.0,0.0189171891632269,0.000452394905954,9.81145512810233e-05,3.628235539e-05,1450000000000000.0,207.23278544458984,80.68892880558579,0.078720906151791,0.0016065491051385,0.0013120151025298,1.240981893978391,0.0296774474459664,0.0064363886529321,0.0023801499113517,9.512109493341414e+16,climb,GTF2035,0,43031,1.237,3.16,3.16,24.63684828323992,12.413855604096195,10.800054375563692,1.205603216777164,1.0488747985961326,0.5472720841957844,48.55908170791269,18.91718916322698,36.28235539,1450000000000000.0,5,9.5,2.309671098170908,31.0891541505448,873.322356235617,1401.7501492618,0.125135684494,0.0213411280437873,0.521248982059245,48.5598205509214,24.4246218376909,24.39409611853694,9.593291778278129,4.096876372573648,844486061109937.4
20,-4.146251678466797,36.78662109375,4358.64,191.887777612,2024-06-07 09:28:00,34610D,271.7187805175781,-3.4062368869781494,8.695612907409668,180.84474749099616,66300.66688901615,0.3012554568817412,1.0933459187748753,65.60075512649252,97118.16341582536,2666.064328572796,0.0012513568449361,0.588129611839903,0.2179621556171939,0.5466729593874377,1.0,0.0189171891632269,0.000452394905954,9.81145512810233e-05,3.628235539e-05,1450000000000000.0,207.23278544458984,80.68892880558579,0.078720906151791,0.0016065491051385,0.0013120151025298,1.240981893978391,0.0296774474459664,0.0064363886529321,0.0023801499113517,9.512109493341414e+16,climb,GTF2035,0,43031,1.237,3.16,3.16,24.63684828323992,12.413855604096195,10.800054375563692,1.205603216777164,1.0488747985961326,0.5472720841957844,48.55908170791269,18.91718916322698,36.28235539,1450000000000000.0,5,10.0,2.4328553395871078,31.1424182348105,873.696230014138,1392.54348495977,0.125135684494,0.0212869081367197,0.519583823537078,48.5595509157658,24.4086092822847,24.378103575508923,10.10480999366029,3.768621499844172,836529948109876.9
21,-4.146251678466797,36.78662109375,4358.64,191.887777612,2024-06-07 09:28:00,34610D,271.7187805175781,-3.4062368869781494,8.695612907409668,180.84474749099616,66300.66688901615,0.3012554568817412,1.0933459187748753,65.60075512649252,97118.16341582536,2666.064328572796,0.0012513568449361,0.588129611839903,0.2179621556171939,0.5466729593874377,1.0,0.0189171891632269,0.000452394905954,9.81145512810233e-05,3.628235539e-05,1450000000000000.0,207.23278544458984,80.68892880558579,0.078720906151791,0.0016065491051385,0.0013120151025298,1.240981893978391,0.0296774474459664,0.0064363886529321,0.0023801499113517,9.512109493341414e+16,climb,GTF2035,0,43031,1.237,3.16,3.16,24.63684828323992,12.413855604096195,10.800054375563692,1.205603216777164,1.0488747985961326,0.5472720841957844,48.55908170791269,18.91718916322698,36.28235539,1450000000000000.0,5,10.5,2.5560395810033065,31.1957010285386,874.077198198543,1383.47161713279,0.125135684494,0.0212327027327068,0.51792043614666,48.5591182080339,24.3925817012855,24.36209602566679,10.617006245673485,3.4746594459295093,828555615181645.2
22,-4.146251678466797,36.78662109375,4358.64,191.887777612,2024-06-07 09:28:00,34610D,271.7187805175781,-3.4062368869781494,8.695612907409668,180.84474749099616,66300.66688901615,0.3012554568817412,1.0933459187748753,65.60075512649252,97118.16341582536,2666.064328572796,0.0012513568449361,0.588129611839903,0.2179621556171939,0.5466729593874377,1.0,0.0189171891632269,0.000452394905954,9.81145512810233e-05,3.628235539e-05,1450000000000000.0,207.23278544458984,80.68892880558579,0.078720906151791,0.0016065491051385,0.0013120151025298,1.240981893978391,0.0296774474459664,0.0064363886529321,0.0023801499113517,9.512109493341414e+16,climb,GTF2035,0,43031,1.237,3.16,3.16,24.63684828323992,12.413855604096195,10.800054375563692,1.205603216777164,1.0488747985961326,0.5472720841957844,48.55908170791269,18.91718916322698,36.28235539,1450000000000000.0,5,11.0,2.679223822419506,31.2472662646439,874.494962351939,1374.60795641836,0.125135684494,0.0211813006137587,0.51627764767267,48.5590904595331,24.3742184244017,24.34375569907621,11.130930581298202,3.211322171237571,820422070790565.0
23,-4.146251678466797,36.78662109375,4358.64,191.887777612,2024-06-07 09:28:00,34610D,271.7187805175781,-3.4062368869781494,8.695612907409668,180.84474749099616,66300.66688901615,0.3012554568817412,1.0933459187748753,65.60075512649252,97118.16341582536,2666.064328572796,0.0012513568449361,0.588129611839903,0.2179621556171939,0.5466729593874377,1.0,0.0189171891632269,0.000452394905954,9.81145512810233e-05,3.628235539e-05,1450000000000000.0,207.23278544458984,80.68892880558579,0.078720906151791,0.0016065491051385,0.0013120151025298,1.240981893978391,0.0296774474459664,0.0064363886529321,0.0023801499113517,9.512109493341414e+16,climb,GTF2035,0,43031,1.237,3.16,3.16,24.63684828323992,12.413855604096195,10.800054375563692,1.205603216777164,1.0488747985961326,0.5472720841957844,48.55908170791269,18.91718916322698,36.28235539,1450000000000000.0,5,11.5,2.8024080638357063,31.2985361055897,874.910484791554,1365.86192804062,0.125135684494,0.0211298392198326,0.51463326761908,48.5588282825948,24.3557588046407,24.32531915001707,11.645675442072658,2.9751078109400773,812371453697546.8
24,-4.146251678466797,36.78662109375,4358.64,191.887777612,2024-06-07 09:28:00,34610D,271.7187805175781,-3.4062368869781494,8.695612907409668,180.84474749099616,66300.66688901615,0.3012554568817412,1.0933459187748753,65.60075512649252,97118.16341582536,2666.064328572796,0.0012513568449361,0.588129611839903,0.2179621556171939,0.5466729593874377,1.0,0.0189171891632269,0.000452394905954,9.81145512810233e-05,3.628235539e-05,1450000000000000.0,207.23278544458984,80.68892880558579,0.078720906151791,0.0016065491051385,0.0013120151025298,1.240981893978391,0.0296774474459664,0.0064363886529321,0.0023801499113517,9.512109493341414e+16,climb,GTF2035,0,43031,1.237,3.16,3.16,24.63684828323992,12.413855604096195,10.800054375563692,1.205603216777164,1.0488747985961326,0.5472720841957844,48.55908170791269,18.91718916322698,36.28235539,1450000000000000.0,5,12.0,2.925592305251905,31.3499303948041,875.327002120621,1357.22711943441,0.125135684494,0.021077989032003,0.512985895945107,48.5588295191667,24.3375160299321,24.307099174998925,12.161093921176267,2.761036272830039,805890948317677.4
25,-4.146251678466797,36.78662109375,4358.64,191.887777612,2024-06-07 09:28:00,34610D,271.7187805175781,-3.4062368869781494,8.695612907409668,180.84474749099616,66300.66688901615,0.3012554568817412,1.0933459187748753,65.60075512649252,97118.16341582536,2666.064328572796,0.0012513568449361,0.588129611839903,0.2179621556171939,0.5466729593874377,1.0,0.0189171891632269,0.000452394905954,9.81145512810233e-05,3.628235539e-05,1450000000000000.0,207.23278544458984,80.68892880558579,0.078720906151791,0.0016065491051385,0.0013120151025298,1.240981893978391,0.0296774474459664,0.0064363886529321,0.0023801499113517,9.512109493341414e+16,climb,GTF2035,0,43031,1.237,3.16,3.16,24.63684828323992,12.413855604096195,10.800054375563692,1.205603216777164,1.0488747985961326,0.5472720841957844,48.55908170791269,18.91718916322698,36.28235539,1450000000000000.0,5,12.5,3.048776546668105,31.4012480289198,875.742941734418,1348.70269969292,0.125135684494,0.0210258940182423,0.511336093456698,48.5588296371355,24.3193508448705,24.288956692656786,12.677245621722133,2.568643802857325,799635555173218.5
26,-4.146251678466797,36.78662109375,4358.64,191.887777612,2024-06-07 09:28:00,34610D,271.7187805175781,-3.4062368869781494,8.695612907409668,180.84474749099616,66300.66688901615,0.3012554568817412,1.0933459187748753,65.60075512649252,97118.16341582536,2666.064328572796,0.0012513568449361,0.588129611839903,0.2179621556171939,0.5466729593874377,1.0,0.0189171891632269,0.000452394905954,9.81145512810233e-05,3.628235539e-05,1450000000000000.0,207.23278544458984,80.68892880558579,0.078720906151791,0.0016065491051385,0.0013120151025298,1.240981893978391,0.0296774474459664,0.0064363886529321,0.0023801499113517,9.512109493341414e+16,climb,GTF2035,0,43031,1.237,3.16,3.16,24.63684828323992,12.413855604096195,10.800054375563692,1.205603216777164,1.0488747985961326,0.5472720841957844,48.55908170791269,18.91718916322698,36.28235539,1450000000000000.0,5,13.0,3.171960788084305,31.4524859857885,876.158271638396,1340.28638611322,0.125135684494,0.0209735590245984,0.50968390270297,48.5588296575107,24.3012596052581,24.27088806334735,13.194129203830208,2.3958508124192606,793395797224174.5
27,-4.146251678466797,36.78662109375,4358.64,191.887777612,2024-06-07 09:28:00,34610D,271.7187805175781,-3.4062368869781494,8.695612907409668,180.84474749099616,66300.66688901615,0.3012554568817412,1.0933459187748753,65.60075512649252,97118.16341582536,2666.064328572796,0.0012513568449361,0.588129611839903,0.2179621556171939,0.5466729593874377,1.0,0.0189171891632269,0.000452394905954,9.81145512810233e-05,3.628235539e-05,1450000000000000.0,207.23278544458984,80.68892880558579,0.078720906151791,0.0016065491051385,0.0013120151025298,1.240981893978391,0.0296774474459664,0.0064363886529321,0.0023801499113517,9.512109493341414e+16,climb,GTF2035,0,43031,1.237,3.16,3.16,24.63684828323992,12.413855604096195,10.800054375563692,1.205603216777164,1.0488747985961326,0.5472720841957844,48.55908170791269,18.91718916322698,36.28235539,1450000000000000.0,5,13.5,3.2951450295005045,31.5036423714703,876.572972667608,1331.97592401998,0.125135684494,0.0209209864717496,0.508029348697979,48.558829650746,24.283240629403,24.252891607480485,13.711742522270267,2.240520818846027,787172143385702.8
28,-4.146251678466797,36.78662109375,4358.64,191.887777612,2024-06-07 09:28:00,34610D,271.7187805175781,-3.4062368869781494,8.695612907409668,180.84474749099616,66300.66688901615,0.3012554568817412,1.0933459187748753,65.60075512649252,97118.16341582536,2666.064328572796,0.0012513568449361,0.588129611839903,0.2179621556171939,0.5466729593874377,1.0,0.0189171891632269,0.000452394905954,9.81145512810233e-05,3.628235539e-05,1450000000000000.0,207.23278544458984,80.68892880558579,0.078720906151791,0.0016065491051385,0.0013120151025298,1.240981893978391,0.0296774474459664,0.0064363886529321,0.0023801499113517,9.512109493341414e+16,climb,GTF2035,0,43031,1.237,3.16,3.16,24.63684828323992,12.413855604096195,10.800054375563692,1.205603216777164,1.0488747985961326,0.5472720841957844,48.55908170791269,18.91718916322698,36.28235539,1450000000000000.0,5,14.0,3.418329270916704,31.5540115623264,876.988234214535,1323.77431523961,0.125135684494,0.0208684636789756,0.506372469382373,48.5580895096134,24.2649615789652,24.234635402070285,14.230275762749903,2.100700159927629,780956944842625.9
29,-4.146251678466797,36.78662109375,4358.64,191.887777612,2024-06-07 09:28:00,34610D,271.7187805175781,-3.4062368869781494,8.695612907409668,180.84474749099616,66300.66688901615,0.3012554568817412,1.0933459187748753,65.60075512649252,97118.16341582536,2666.064328572796,0.0012513568449361,0.588129611839903,0.2179621556171939,0.5466729593874377,1.0,0.0189171891632269,0.000452394905954,9.81145512810233e-05,3.628235539e-05,1450000000000000.0,207.23278544458984,80.68892880558579,0.078720906151791,0.0016065491051385,0.0013120151025298,1.240981893978391,0.0296774474459664,0.0064363886529321,0.0023801499113517,9.512109493341414e+16,climb,GTF2035,0,43031,1.237,3.16,3.16,24.63684828323992,12.413855604096195,10.800054375563692,1.205603216777164,1.0488747985961326,0.5472720841957844,48.55908170791269,18.91718916322698,36.28235539,1450000000000000.0,5,14.5,3.541513512332904,31.605278706378,877.433430922172,1315.6935762303,0.125135684494,0.0208156834690315,0.50471081896398,48.5590920667882,24.2466609234745,24.21635761860903,14.749603856418162,1.9750081426076762,774560781647755.4
30,-4.146251678466797,36.78662109375,4358.64,191.887777612,2024-06-07 09:28:00,34610D,271.7187805175781,-3.4062368869781494,8.695612907409668,180.84474749099616,66300.66688901615,0.3012554568817412,1.0933459187748753,65.60075512649252,97118.16341582536,2666.064328572796,0.0012513568449361,0.588129611839903,0.2179621556171939,0.5466729593874377,1.0,0.0189171891632269,0.000452394905954,9.81145512810233e-05,3.628235539e-05,1450000000000000.0,207.23278544458984,80.68892880558579,0.078720906151791,0.0016065491051385,0.0013120151025298,1.240981893978391,0.0296774474459664,0.0064363886529321,0.0023801499113517,9.512109493341414e+16,climb,GTF2035,0,43031,1.237,3.16,3.16,24.63684828323992,12.413855604096195,10.800054375563692,1.205603216777164,1.0488747985961326,0.5472720841957844,48.55908170791269,18.91718916322698,36.28235539,1450000000000000.0,5,15.0,3.664697753749103,31.6552575118034,877.868437172489,1307.70547454639,0.125135684494,0.0207628633279317,0.503040269058802,48.5587569921418,24.2278851964544,24.197605357359407,15.270013450815762,1.861509622387412,768231170862212.8
31,-4.146251678466797,36.78662109375,4358.64,191.887777612,2024-06-07 09:28:00,34610D,271.7187805175781,-3.4062368869781494,8.695612907409668,180.84474749099616,66300.66688901615,0.3012554568817412,1.0933459187748753,65.60075512649252,97118.16341582536,2666.064328572796,0.0012513568449361,0.588129611839903,0.2179621556171939,0.5466729593874377,1.0,0.0189171891632269,0.000452394905954,9.81145512810233e-05,3.628235539e-05,1450000000000000.0,207.23278544458984,80.68892880558579,0.078720906151791,0.0016065491051385,0.0013120151025298,1.240981893978391,0.0296774474459664,0.0064363886529321,0.0023801499113517,9.512109493341414e+16,climb,GTF2035,0,43031,1.237,3.16,3.16,24.63684828323992,12.413855604096195,10.800054375563692,1.205603216777164,1.0488747985961326,0.5472720841957844,48.55908170791269,18.91718916322698,36.28235539,1450000000000000.0,5,15.5,3.787881995165303,31.7057623161105,878.307714832976,1299.83865757273,0.125135684494,0.0207106204891884,0.5013910193537,48.5587701887349,24.2093673444232,24.179110648808344,15.791063394502197,1.7591314436371714,761982025883759.5
32,-4.146251678466797,36.78662109375,4358.64,191.887777612,2024-06-07 09:28:00,34610D,271.7187805175781,-3.4062368869781494,8.695612907409668,180.84474749099616,66300.66688901615,0.3012554568817412,1.0933459187748753,65.60075512649252,97118.16341582536,2666.064328572796,0.0012513568449361,0.588129611839903,0.2179621556171939,0.5466729593874377,1.0,0.0189171891632269,0.000452394905954,9.81145512810233e-05,3.628235539e-05,1450000000000000.0,207.23278544458984,80.68892880558579,0.078720906151791,0.0016065491051385,0.0013120151025298,1.240981893978391,0.0296774474459664,0.0064363886529321,0.0023801499113517,9.512109493341414e+16,climb,GTF2035,0,43031,1.237,3.16,3.16,24.63684828323992,12.413855604096195,10.800054375563692,1.205603216777164,1.0488747985961326,0.5472720841957844,48.55908170791269,18.91718916322698,36.28235539,1450000000000000.0,5,16.0,3.9110662365815023,31.7561726386368,878.746060311868,1292.06621368009,0.125135684494,0.0206581454337545,0.499739359743538,48.5587715340545,24.1909111031326,24.160677473997218,16.31286982725829,1.6666199194775964,755754546122765.8
33,-4.146251678466797,36.78662109375,4358.64,191.887777612,2024-06-07 09:28:00,34610D,271.7187805175781,-3.4062368869781494,8.695612907409668,180.84474749099616,66300.66688901615,0.3012554568817412,1.0933459187748753,65.60075512649252,97118.16341582536,2666.064328572796,0.0012513568449361,0.588129611839903,0.2179621556171939,0.5466729593874377,1.0,0.0189171891632269,0.000452394905954,9.81145512810233e-05,3.628235539e-05,1450000000000000.0,207.23278544458984,80.68892880558579,0.078720906151791,0.0016065491051385,0.0013120151025298,1.240981893978391,0.0296774474459664,0.0064363886529321,0.0023801499113517,9.512109493341414e+16,climb,GTF2035,0,43031,1.237,3.16,3.16,24.63684828323992,12.413855604096195,10.800054375563692,1.205603216777164,1.0488747985961326,0.5472720841957844,48.55908170791269,18.91718916322698,36.28235539,1450000000000000.0,5,16.5,4.034250477997702,31.8064922769661,879.183499138211,1284.38623784529,0.125135684494,0.0206054366029781,0.498085304986961,48.5587727924766,24.1725188640251,24.142308221379718,16.835428838754183,1.582935648434828,749549627401469.4
34,-4.146251678466797,36.78662109375,4358.64,191.887777612,2024-06-07 09:28:00,34610D,271.7187805175781,-3.4062368869781494,8.695612907409668,180.84474749099616,66300.66688901615,0.3012554568817412,1.0933459187748753,65.60075512649252,97118.16341582536,2666.064328572796,0.0012513568449361,0.588129611839903,0.2179621556171939,0.5466729593874377,1.0,0.0189171891632269,0.000452394905954,9.81145512810233e-05,3.628235539e-05,1450000000000000.0,207.23278544458984,80.68892880558579,0.078720906151791,0.0016065491051385,0.0013120151025298,1.240981893978391,0.0296774474459664,0.0064363886529321,0.0023801499113517,9.512109493341414e+16,climb,GTF2035,0,43031,1.237,3.16,3.16,24.63684828323992,12.413855604096195,10.800054375563692,1.205603216777164,1.0488747985961326,0.5472720841957844,48.55908170791269,18.91718916322698,36.28235539,1450000000000000.0,5,17.0,4.157434719413902,31.856719605205,879.62001978281,1276.79692639574,0.125135684494,0.0205524969671099,0.496428895028149,48.5587740110052,24.1541889446612,24.124001210619046,17.35873919461057,1.5071561994555431,743366918816676.2
35,-4.146251678466797,36.78662109375,4358.64,191.887777612,2024-06-07 09:28:00,34610D,271.7187805175781,-3.4062368869781494,8.695612907409668,180.84474749099616,66300.66688901615,0.3012554568817412,1.0933459187748753,65.60075512649252,97118.16341582536,2666.064328572796,0.0012513568449361,0.588129611839903,0.2179621556171939,0.5466729593874377,1.0,0.0189171891632269,0.000452394905954,9.81145512810233e-05,3.628235539e-05,1450000000000000.0,207.23278544458984,80.68892880558579,0.078720906151791,0.0016065491051385,0.0013120151025298,1.240981893978391,0.0296774474459664,0.0064363886529321,0.0023801499113517,9.512109493341414e+16,climb,GTF2035,0,43031,1.237,3.16,3.16,24.63684828323992,12.413855604096195,10.800054375563692,1.205603216777164,1.0488747985961326,0.5472720841957844,48.55908170791269,18.91718916322698,36.28235539,1450000000000000.0,5,17.5,4.2806189608301,31.9068530200938,880.055611004884,1269.29652314651,0.125135684494,0.0204993294361374,0.494770168573901,48.5587751942549,24.1359196707035,24.105754769470373,17.88279978489942,1.43846418990183,737206460713381.5
36,-4.146251678466797,36.78662109375,4358.64,191.887777612,2024-06-07 09:28:00,34610D,271.7187805175781,-3.4062368869781494,8.695612907409668,180.84474749099616,66300.66688901615,0.3012554568817412,1.0933459187748753,65.60075512649252,97118.16341582536,2666.064328572796,0.0012513568449361,0.588129611839903,0.2179621556171939,0.5466729593874377,1.0,0.0189171891632269,0.000452394905954,9.81145512810233e-05,3.628235539e-05,1450000000000000.0,207.23278544458984,80.68892880558579,0.078720906151791,0.0016065491051385,0.0013120151025298,1.240981893978391,0.0296774474459664,0.0064363886529321,0.0023801499113517,9.512109493341414e+16,climb,GTF2035,0,43031,1.237,3.16,3.16,24.63684828323992,12.413855604096195,10.800054375563692,1.205603216777164,1.0488747985961326,0.5472720841957844,48.55908170791269,18.91718916322698,36.28235539,1450000000000000.0,5,18.0,4.4038032022463005,31.9568909725602,880.49026208194,1261.88331801084,0.125135684494,0.0204459368492432,0.493109163485569,48.5587763471795,24.1177094070807,24.0875672649059,18.40760960066351,1.3761350400841457,731068597998258.6
37,-4.146251678466797,36.78662109375,4358.64,191.887777612,2024-06-07 09:28:00,34610D,271.7187805175781,-3.4062368869781494,8.695612907409668,180.84474749099616,66300.66688901615,0.3012554568817412,1.0933459187748753,65.60075512649252,97118.16341582536,2666.064328572796,0.0012513568449361,0.588129611839903,0.2179621556171939,0.5466729593874377,1.0,0.0189171891632269,0.000452394905954,9.81145512810233e-05,3.628235539e-05,1450000000000000.0,207.23278544458984,80.68892880558579,0.078720906151791,0.0016065491051385,0.0013120151025298,1.240981893978391,0.0296774474459664,0.0064363886529321,0.0023801499113517,9.512109493341414e+16,climb,GTF2035,0,43031,1.237,3.16,3.16,24.63684828323992,12.413855604096195,10.800054375563692,1.205603216777164,1.0488747985961326,0.5472720841957844,48.55908170791269,18.91718916322698,36.28235539,1450000000000000.0,5,18.5,4.5269874436625,32.0068319668882,880.923962799499,1254.55564545212,0.125135684494,0.0203923219729862,0.491445916731579,48.558777474601,24.0995565577378,24.06943710286537,18.93316773075854,1.3195261354032386,724954072078675.1
38,-4.146251678466797,36.78662109375,4358.64,191.887777612,2024-06-07 09:28:00,34610D,271.7187805175781,-3.4062368869781494,8.695612907409668,180.84474749099616,66300.66688901615,0.3012554568817412,1.0933459187748753,65.60075512649252,97118.16341582536,2666.064328572796,0.0012513568449361,0.588129611839903,0.2179621556171939,0.5466729593874377,1.0,0.0189171891632269,0.000452394905954,9.81145512810233e-05,3.628235539e-05,1450000000000000.0,207.23278544458984,80.68892880558579,0.078720906151791,0.0016065491051385,0.0013120151025298,1.240981893978391,0.0296774474459664,0.0064363886529321,0.0023801499113517,9.512109493341414e+16,climb,GTF2035,0,43031,1.237,3.16,3.16,24.63684828323992,12.413855604096195,10.800054375563692,1.205603216777164,1.0488747985961326,0.5472720841957844,48.55908170791269,18.91718916322698,36.28235539,1450000000000000.0,5,19.0,4.6501716850787,32.0566745714692,881.356703550087,1247.3119473803,0.125135684494,0.0203384902749485,0.489780530748834,48.5587787259522,24.0814595443257,24.051362706972288,19.45947337559938,1.2680670902370115,718863932302773.4
39,-4.146251678466797,36.78662109375,4358.64,191.887777612,2024-06-07 09:28:00,34610D,271.7187805175781,-3.4062368869781494,8.695612907409668,180.84474749099616,66300.66688901615,0.3012554568817412,1.0933459187748753,65.60075512649252,97118.16341582536,2666.064328572796,0.0012513568449361,0.588129611839903,0.2179621556171939,0.5466729593874377,1.0,0.0189171891632269,0.000452394905954,9.81145512810233e-05,3.628235539e-05,1450000000000000.0,207.23278544458984,80.68892880558579,0.078720906151791,0.0016065491051385,0.0013120151025298,1.240981893978391,0.0296774474459664,0.0064363886529321,0.0023801499113517,9.512109493341414e+16,climb,GTF2035,0,43031,1.237,3.16,3.16,24.63684828323992,12.413855604096195,10.800054375563692,1.205603216777164,1.0488747985961326,0.5472720841957844,48.55908170791269,18.91718916322698,36.28235539,1450000000000000.0,5,19.5,4.7733559264949,32.1062928223199,881.804674207153,1240.17114758975,0.125135684494,0.0202850752333305,0.488118909329391,48.5590838144107,24.0629578009827,24.032884086976907,19.986904705721972,1.2212926587981308,712744574850224.8
40,-4.146251678466797,36.78662109375,4358.64,191.887777612,2024-06-07 09:28:00,34610D,271.7187805175781,-3.4062368869781494,8.695612907409668,180.84474749099616,66300.66688901615,0.3012554568817412,1.0933459187748753,65.60075512649252,97118.16341582536,2666.064328572796,0.0012513568449361,0.588129611839903,0.2179621556171939,0.5466729593874377,1.0,0.0189171891632269,0.000452394905954,9.81145512810233e-05,3.628235539e-05,1450000000000000.0,207.23278544458984,80.68892880558579,0.078720906151791,0.0016065491051385,0.0013120151025298,1.240981893978391,0.0296774474459664,0.0064363886529321,0.0023801499113517,9.512109493341414e+16,climb,GTF2035,0,43031,1.237,3.16,3.16,24.63684828323992,12.413855604096195,10.800054375563692,1.205603216777164,1.0488747985961326,0.5472720841957844,48.55908170791269,18.91718916322698,36.28235539,1450000000000000.0,5,20.0,4.896540167911099,32.154900763488,882.289874488655,1233.16649457936,0.125135684494,0.0202334318974431,0.486473102346764,48.5587848683374,24.0430345584745,24.012985744395895,20.516353253320275,1.1787730039052517,706552453020674.9
41,-4.146251678466797,36.78662109375,4358.64,191.887777612,2024-06-07 09:28:00,34610D,271.7187805175781,-3.4062368869781494,8.695612907409668,180.84474749099616,66300.66688901615,0.3012554568817412,1.0933459187748753,65.60075512649252,97118.16341582536,2666.064328572796,0.0012513568449361,0.588129611839903,0.2179621556171939,0.5466729593874377,1.0,0.0189171891632269,0.000452394905954,9.81145512810233e-05,3.628235539e-05,1450000000000000.0,207.23278544458984,80.68892880558579,0.078720906151791,0.0016065491051385,0.0013120151025298,1.240981893978391,0.0296774474459664,0.0064363886529321,0.0023801499113517,9.512109493341414e+16,climb,GTF2035,0,43031,1.237,3.16,3.16,24.63684828323992,12.413855604096195,10.800054375563692,1.205603216777164,1.0488747985961326,0.5472720841957844,48.55908170791269,18.91718916322698,36.28235539,1450000000000000.0,5,20.5,5.019724409327298,32.2035980261107,882.777849924521,1226.24577318685,0.125135684494,0.0201817619430663,0.484828780140694,48.5586581308466,24.023114607556,23.99309068929078,21.04667711628519,1.1401802806551158,700214017687779.4
42,-4.146251678466797,36.78662109375,4358.64,191.887777612,2024-06-07 09:28:00,34610D,271.7187805175781,-3.4062368869781494,8.695612907409668,180.84474749099616,66300.66688901615,0.3012554568817412,1.0933459187748753,65.60075512649252,97118.16341582536,2666.064328572796,0.0012513568449361,0.588129611839903,0.2179621556171939,0.5466729593874377,1.0,0.0189171891632269,0.000452394905954,9.81145512810233e-05,3.628235539e-05,1450000000000000.0,207.23278544458984,80.68892880558579,0.078720906151791,0.0016065491051385,0.0013120151025298,1.240981893978391,0.0296774474459664,0.0064363886529321,0.0023801499113517,9.512109493341414e+16,climb,GTF2035,0,43031,1.237,3.16,3.16,24.63684828323992,12.413855604096195,10.800054375563692,1.205603216777164,1.0488747985961326,0.5472720841957844,48.55908170791269,18.91718916322698,36.28235539,1450000000000000.0,5,21.0,5.142908650743498,32.2522693704957,883.266086902751,1219.39923402876,0.125135684494,0.0201297714387145,0.483182024138384,48.5586650139783,24.0033537196109,23.973354498363292,21.577739036663676,1.106088835000997,692320437738152.0
43,-4.146251678466797,36.78662109375,4358.64,191.887777612,2024-06-07 09:28:00,34610D,271.7187805175781,-3.4062368869781494,8.695612907409668,180.84474749099616,66300.66688901615,0.3012554568817412,1.0933459187748753,65.60075512649252,97118.16341582536,2666.064328572796,0.0012513568449361,0.588129611839903,0.2179621556171939,0.5466729593874377,1.0,0.0189171891632269,0.000452394905954,9.81145512810233e-05,3.628235539e-05,1450000000000000.0,207.23278544458984,80.68892880558579,0.078720906151791,0.0016065491051385,0.0013120151025298,1.240981893978391,0.0296774474459664,0.0064363886529321,0.0023801499113517,9.512109493341414e+16,climb,GTF2035,0,43031,1.237,3.16,3.16,24.63684828323992,12.413855604096195,10.800054375563692,1.205603216777164,1.0488747985961326,0.5472720841957844,48.55908170791269,18.91718916322698,36.28235539,1450000000000000.0,5,21.5,5.266092892159698,32.3008353561617,883.754231551845,1212.62858059075,0.125135684494,0.0200775268384866,0.481531830656959,48.5586686142797,23.9836228102513,23.95364824855428,22.109648596749185,1.0750483641261483,684487253284078.1
44,-4.146251678466797,36.78662109375,4358.64,191.887777612,2024-06-07 09:28:00,34610D,271.7187805175781,-3.4062368869781494,8.695612907409668,180.84474749099616,66300.66688901615,0.3012554568817412,1.0933459187748753,65.60075512649252,97118.16341582536,2666.064328572796,0.0012513568449361,0.588129611839903,0.2179621556171939,0.5466729593874377,1.0,0.0189171891632269,0.000452394905954,9.81145512810233e-05,3.628235539e-05,1450000000000000.0,207.23278544458984,80.68892880558579,0.078720906151791,0.0016065491051385,0.0013120151025298,1.240981893978391,0.0296774474459664,0.0064363886529321,0.0023801499113517,9.512109493341414e+16,climb,GTF2035,0,43031,1.237,3.16,3.16,24.63684828323992,12.413855604096195,10.800054375563692,1.205603216777164,1.0488747985961326,0.5472720841957844,48.55908170791269,18.91718916322698,36.28235539,1450000000000000.0,5,22.0,5.389277133575897,32.3492970402842,884.242277888105,1205.93233368589,0.125135684494,0.0200250973917466,0.479879861506542,48.5586721269786,23.9639214790698,23.93397153995677,22.642406270274677,1.0467836814894587,676720125685673.6
45,-4.146251678466797,36.78662109375,4358.64,191.887777612,2024-06-07 09:28:00,34610D,271.7187805175781,-3.4062368869781494,8.695612907409668,180.84474749099616,66300.66688901615,0.3012554568817412,1.0933459187748753,65.60075512649252,97118.16341582536,2666.064328572796,0.0012513568449361,0.588129611839903,0.2179621556171939,0.5466729593874377,1.0,0.0189171891632269,0.000452394905954,9.81145512810233e-05,3.628235539e-05,1450000000000000.0,207.23278544458984,80.68892880558579,0.078720906151791,0.0016065491051385,0.0013120151025298,1.240981893978391,0.0296774474459664,0.0064363886529321,0.0023801499113517,9.512109493341414e+16,climb,GTF2035,0,43031,1.237,3.16,3.16,24.63684828323992,12.413855604096195,10.800054375563692,1.205603216777164,1.0488747985961326,0.5472720841957844,48.55908170791269,18.91718916322698,36.28235539,1450000000000000.0,5,22.5,5.512461374992097,32.3976534359587,884.730203051996,1199.30912464976,0.125135684494,0.0199724843090751,0.478226132614199,48.5586755929983,23.9442487581229,23.91432340583699,23.176013108216246,1.020900062665884,669248948114637.2
46,-4.146251678466797,36.78662109375,4358.64,191.887777612,2024-06-07 09:28:00,34610D,271.7187805175781,-3.4062368869781494,8.695612907409668,180.84474749099616,66300.66688901615,0.3012554568817412,1.0933459187748753,65.60075512649252,97118.16341582536,2666.064328572796,0.0012513568449361,0.588129611839903,0.2179621556171939,0.5466729593874377,1.0,0.0189171891632269,0.000452394905954,9.81145512810233e-05,3.628235539e-05,1450000000000000.0,207.23278544458984,80.68892880558579,0.078720906151791,0.0016065491051385,0.0013120151025298,1.240981893978391,0.0296774474459664,0.0064363886529321,0.0023801499113517,9.512109493341414e+16,climb,GTF2035,0,43031,1.237,3.16,3.16,24.63684828323992,12.413855604096195,10.800054375563692,1.205603216777164,1.0488747985961326,0.5472720841957844,48.55908170791269,18.91718916322698,36.28235539,1450000000000000.0,5,23.0,5.635645616408297,32.4459037748612,885.217986333866,1192.75763024331,0.125135684494,0.0199196891765686,0.47657067106779,48.5586790290373,23.9246037849012,23.8947029847635,23.7104701412637,0.9964702748960176,663190411716344.6
47,-4.146251678466797,36.78662109375,4358.64,191.887777612,2024-06-07 09:28:00,34610D,271.7187805175781,-3.4062368869781494,8.695612907409668,180.84474749099616,66300.66688901615,0.3012554568817412,1.0933459187748753,65.60075512649252,97118.16341582536,2666.064328572796,0.0012513568449361,0.588129611839903,0.2179621556171939,0.5466729593874377,1.0,0.0189171891632269,0.000452394905954,9.81145512810233e-05,3.628235539e-05,1450000000000000.0,207.23278544458984,80.68892880558579,0.078720906151791,0.0016065491051385,0.0013120151025298,1.240981893978391,0.0296774474459664,0.0064363886529321,0.0023801499113517,9.512109493341414e+16,climb,GTF2035,0,43031,1.237,3.16,3.16,24.63684828323992,12.413855604096195,10.800054375563692,1.205603216777164,1.0488747985961326,0.5472720841957844,48.55908170791269,18.91718916322698,36.28235539,1450000000000000.0,5,23.5,5.758829857824495,32.49404713022,885.705606423212,1186.27655076108,0.125135684494,0.0198667131637024,0.474913493501447,48.5586824333609,23.9049856706615,23.875109389103844,24.24577850111969,0.9741954410252429,657159835833033.8
48,-4.146251678466797,36.78662109375,4358.64,191.887777612,2024-06-07 09:28:00,34610D,271.7187805175781,-3.4062368869781494,8.695612907409668,180.84474749099616,66300.66688901615,0.3012554568817412,1.0933459187748753,65.60075512649252,97118.16341582536,2666.064328572796,0.0012513568449361,0.588129611839903,0.2179621556171939,0.5466729593874377,1.0,0.0189171891632269,0.000452394905954,9.81145512810233e-05,3.628235539e-05,1450000000000000.0,207.23278544458984,80.68892880558579,0.078720906151791,0.0016065491051385,0.0013120151025298,1.240981893978391,0.0296774474459664,0.0064363886529321,0.0023801499113517,9.512109493341414e+16,climb,GTF2035,0,43031,1.237,3.16,3.16,24.63684828323992,12.413855604096195,10.800054375563692,1.205603216777164,1.0488747985961326,0.5472720841957844,48.55908170791269,18.91718916322698,36.28235539,1450000000000000.0,5,24.0,5.882014099240696,32.5420826847257,886.193043423104,1179.86462164098,0.125135684494,0.0198135574978529,0.473254618842561,48.5586858119279,23.8853935692188,23.855541773730582,24.781939353140093,0.9538919789758835,651157481866082.6
49,-4.146251678466797,36.78662109375,4358.64,191.887777612,2024-06-07 09:28:00,34610D,271.7187805175781,-3.4062368869781494,8.695612907409668,180.84474749099616,66300.66688901615,0.3012554568817412,1.0933459187748753,65.60075512649252,97118.16341582536,2666.064328572796,0.0012513568449361,0.588129611839903,0.2179621556171939,0.5466729593874377,1.0,0.0189171891632269,0.000452394905954,9.81145512810233e-05,3.628235539e-05,1450000000000000.0,207.23278544458984,80.68892880558579,0.078720906151791,0.0016065491051385,0.0013120151025298,1.240981893978391,0.0296774474459664,0.0064363886529321,0.0023801499113517,9.512109493341414e+16,climb,GTF2035,0,43031,1.237,3.16,3.16,24.63684828323992,12.413855604096195,10.800054375563692,1.205603216777164,1.0488747985961326,0.5472720841957844,48.55908170791269,18.91718916322698,36.28235539,1450000000000000.0,5,24.5,6.005198340656895,32.5900096639521,886.680278319376,1173.52060946887,0.125135684494,0.0197602233527092,0.471594065280014,48.5586891695509,23.8658266590573,23.835999318154634,25.31895391087294,0.9353565138304957,645245141582811.8
50,-4.146251678466797,36.78662109375,4358.64,191.887777612,2024-06-07 09:28:00,34610D,271.7187805175781,-3.4062368869781494,8.695612907409668,180.84474749099616,66300.66688901615,0.3012554568817412,1.0933459187748753,65.60075512649252,97118.16341582536,2666.064328572796,0.0012513568449361,0.588129611839903,0.2179621556171939,0.5466729593874377,1.0,0.0189171891632269,0.000452394905954,9.81145512810233e-05,3.628235539e-05,1450000000000000.0,207.23278544458984,80.68892880558579,0.078720906151791,0.0016065491051385,0.0013120151025298,1.240981893978391,0.0296774474459664,0.0064363886529321,0.0023801499113517,9.512109493341414e+16,climb,GTF2035,0,43031,1.237,3.16,3.16,24.63684828323992,12.413855604096195,10.800054375563692,1.205603216777164,1.0488747985961326,0.5472720841957844,48.55908170791269,18.91718916322698,36.28235539,1450000000000000.0,5,25.0,6.128382582073095,32.6378273369551,887.167292962204,1167.24331101492,0.125135684494,0.0197067118475066,0.469931850255247,48.5586925109551,23.8462841437805,23.816481226974833,25.856823433278326,0.9184101777278284,639473594940788.5
