index,longitude,latitude,altitude,time,groundspeed,flight_id,air_temperature,eastward_wind,northward_wind,true_airspeed,aircraft_mass,engine_efficiency,fuel_flow,fuel_burn,thrust,rocd,specific_humidity,air_pressure,rhi,fuel_flow_per_engine,thrust_setting,nox_ei,co_ei,hc_ei,nvpm_ei_m,nvpm_ei_n,co2,h2o,so2,sulphates,oc,nox,co,hc,nvpm_mass,nvpm_number,flight_phase,engine_model,SAF,LHV,ei_h2o,ei_co2_conservative,ei_co2_optimistic,W3_no_water_injection,tsfc_2020,tsfc_2035_max,fuel_2020,fuel_2035_max,mach,thrust_per_engine,EI_nox_py,EI_nvpm_mass_py,EI_nvpm_number_py,original_index,WAR,water_injection_kg_s,PT3,TT3,TT4,specific_humidity_gsp,FAR,fuel_flow_gsp,thrust_gsp,W3,W3_no_specific_humid,WAR_gsp,thrust_setting_meem,EI_nox_p3t3_wi,EI_nvpm_number_p3t3_meem
0,3.0779788368626644,50.619049072265625,8397.24,2024-06-07 11:19:00,234.586666464,34610D,233.48948669433597,29.38532257080078,0.146071046590805,220.7131197608568,62570.15407947891,0.2118377523070878,0.1835637213705719,11.013823282234316,7598.738898017847,-1527.6022158647309,0.0002389277549139,0.3360061550930239,0.967638723926469,0.0917818606852859,0.17258189382413,0.0065077746085004,0.0181168243543595,0.0002757294802217,1.4757811839371163e-06,1070518340018895.0,34.7926677485782,13.624099400123848,0.0132165879386811,0.0002697262844628,0.0002202764656446,0.0716754794986351,0.199535501874195,0.0030368357688646,1.6253993163129934e-05,1.1790499817358936e+16,descent,GTF2035_wi,0,43031,1.237,3.16,3.16,5.464291646854727,25.163708571079024,21.892426456838752,0.19116544494512,0.1663139371022544,0.7205293965893121,3.799369449008924,6.507774608500416,1.4757811839371164,1070518340018895.0,116,0.0,0.0,6.44521494385071,634.599704389934,1215.4489258292,0.0238927754914,0.0161856090767852,0.0884600544663755,3.79961597077531,5.4653522179312,5.464046705519106,0.02389277549139,0.2133304430943368,9.809291217410662,775640723009563.8
1,3.0779788368626644,50.619049072265625,8397.24,2024-06-07 11:19:00,234.586666464,34610D,233.48948669433597,29.38532257080078,0.146071046590805,220.7131197608568,62570.15407947891,0.2118377523070878,0.1835637213705719,11.013823282234316,7598.738898017847,-1527.6022158647309,0.0002389277549139,0.3360061550930239,0.967638723926469,0.0917818606852859,0.17258189382413,0.0065077746085004,0.0181168243543595,0.0002757294802217,1.4757811839371163e-06,1070518340018895.0,34.7926677485782,13.624099400123848,0.0132165879386811,0.0002697262844628,0.0002202764656446,0.0716754794986351,0.199535501874195,0.0030368357688646,1.6253993163129934e-05,1.1790499817358936e+16,descent,GTF2035_wi,0,43031,1.237,3.16,3.16,5.464291646854727,25.163708571079024,21.892426456838752,0.19116544494512,0.1663139371022544,0.7205293965893121,3.799369449008924,6.507774608500416,1.4757811839371164,1070518340018895.0,116,0.5,0.0260158872988956,6.45527105198476,635.034823061284,1206.17781381041,0.0238927754914,0.016120887444013,0.0880534055241065,3.79933686576972,5.46206936993457,5.460764641698615,0.5003075086999457,0.21410782518371055,8.972178806744026,760163895275918.6
2,3.0779788368626644,50.619049072265625,8397.24,2024-06-07 11:19:00,234.586666464,34610D,233.48948669433597,29.38532257080078,0.146071046590805,220.7131197608568,62570.15407947891,0.2118377523070878,0.1835637213705719,11.013823282234316,7598.738898017847,-1527.6022158647309,0.0002389277549139,0.3360061550930239,0.967638723926469,0.0917818606852859,0.17258189382413,0.0065077746085004,0.0181168243543595,0.0002757294802217,1.4757811839371163e-06,1070518340018895.0,34.7926677485782,13.624099400123848,0.0132165879386811,0.0002697262844628,0.0002202764656446,0.0716754794986351,0.199535501874195,0.0030368357688646,1.6253993163129934e-05,1.1790499817358936e+16,descent,GTF2035_wi,0,43031,1.237,3.16,3.16,5.464291646854727,25.163708571079024,21.892426456838752,0.19116544494512,0.1663139371022544,0.7205293965893121,3.799369449008924,6.507774608500416,1.4757811839371164,1070518340018895.0,116,1.0,0.0533373455331693,6.46581115215727,635.485726974376,1196.57034138711,0.0238927754914,0.0160521657302832,0.0876240835538609,3.79933480881248,5.45870787943299,5.457403954158564,1.0012319276083232,0.21491340915228344,8.18838752833231,744209476200976.1
3,3.0779788368626644,50.619049072265625,8397.24,2024-06-07 11:19:00,234.586666464,34610D,233.48948669433597,29.38532257080078,0.146071046590805,220.7131197608568,62570.15407947891,0.2118377523070878,0.1835637213705719,11.013823282234316,7598.738898017847,-1527.6022158647309,0.0002389277549139,0.3360061550930239,0.967638723926469,0.0917818606852859,0.17258189382413,0.0065077746085004,0.0181168243543595,0.0002757294802217,1.4757811839371163e-06,1070518340018895.0,34.7926677485782,13.624099400123848,0.0132165879386811,0.0002697262844628,0.0002202764656446,0.0716754794986351,0.199535501874195,0.0030368357688646,1.6253993163129934e-05,1.1790499817358936e+16,descent,GTF2035_wi,0,43031,1.237,3.16,3.16,5.464291646854727,25.163708571079024,21.892426456838752,0.19116544494512,0.1663139371022544,0.7205293965893121,3.799369449008924,6.507774608500416,1.4757811839371164,1070518340018895.0,116,1.5,0.0806588037674429,6.47635507779396,635.933978340986,1187.11088321166,0.0238927754914,0.0159831888478671,0.0871946694929402,3.79933440437026,5.45539881452229,5.454095679686457,1.5027594566875617,0.21571425408697395,7.4583681587525765,728544993397069.9
4,3.0779788368626644,50.619049072265625,8397.24,2024-06-07 11:19:00,234.586666464,34610D,233.48948669433597,29.38532257080078,0.146071046590805,220.7131197608568,62570.15407947891,0.2118377523070878,0.1835637213705719,11.013823282234316,7598.738898017847,-1527.6022158647309,0.0002389277549139,0.3360061550930239,0.967638723926469,0.0917818606852859,0.17258189382413,0.0065077746085004,0.0181168243543595,0.0002757294802217,1.4757811839371163e-06,1070518340018895.0,34.7926677485782,13.624099400123848,0.0132165879386811,0.0002697262844628,0.0002202764656446,0.0716754794986351,0.199535501874195,0.0030368357688646,1.6253993163129934e-05,1.1790499817358936e+16,descent,GTF2035_wi,0,43031,1.237,3.16,3.16,5.464291646854727,25.163708571079024,21.892426456838752,0.19116544494512,0.1663139371022544,0.7205293965893121,3.799369449008924,6.507774608500416,1.4757811839371164,1070518340018895.0,116,2.0,0.1079802620017165,6.48691451023313,636.379854912148,1177.79604331813,0.0238927754914,0.015913962058298,0.086765302615262,3.79933396430596,5.45214964679524,5.450847288090317,2.004874011888254,0.21651085621718663,6.781996559928299,713162122770123.8
5,3.0779788368626644,50.619049072265625,8397.24,2024-06-07 11:19:00,234.586666464,34610D,233.48948669433597,29.38532257080078,0.146071046590805,220.7131197608568,62570.15407947891,0.2118377523070878,0.1835637213705719,11.013823282234316,7598.738898017847,-1527.6022158647309,0.0002389277549139,0.3360061550930239,0.967638723926469,0.0917818606852859,0.17258189382413,0.0065077746085004,0.0181168243543595,0.0002757294802217,1.4757811839371163e-06,1070518340018895.0,34.7926677485782,13.624099400123848,0.0132165879386811,0.0002697262844628,0.0002202764656446,0.0716754794986351,0.199535501874195,0.0030368357688646,1.6253993163129934e-05,1.1790499817358936e+16,descent,GTF2035_wi,0,43031,1.237,3.16,3.16,5.464291646854727,25.163708571079024,21.892426456838752,0.19116544494512,0.1663139371022544,0.7205293965893121,3.799369449008924,6.507774608500416,1.4757811839371164,1070518340018895.0,116,2.5,0.1353017202359902,6.49748870948904,636.823340854084,1168.62219914163,0.0238927754914,0.0158444873990348,0.0863359761340782,3.79933354145799,5.44895987858449,5.447658281821676,2.5075603118249252,0.21730318725432762,6.158374500130024,698056544543166.9
6,3.0779788368626644,50.619049072265625,8397.24,2024-06-07 11:19:00,234.586666464,34610D,233.48948669433597,29.38532257080078,0.146071046590805,220.7131197608568,62570.15407947891,0.2118377523070878,0.1835637213705719,11.013823282234316,7598.738898017847,-1527.6022158647309,0.0002389277549139,0.3360061550930239,0.967638723926469,0.0917818606852859,0.17258189382413,0.0065077746085004,0.0181168243543595,0.0002757294802217,1.4757811839371163e-06,1070518340018895.0,34.7926677485782,13.624099400123848,0.0132165879386811,0.0002697262844628,0.0002202764656446,0.0716754794986351,0.199535501874195,0.0030368357688646,1.6253993163129934e-05,1.1790499817358936e+16,descent,GTF2035_wi,0,43031,1.237,3.16,3.16,5.464291646854727,25.163708571079024,21.892426456838752,0.19116544494512,0.1663139371022544,0.7205293965893121,3.799369449008924,6.507774608500416,1.4757811839371164,1070518340018895.0,116,3.0,0.1626231784702638,6.50807697253113,637.264421503184,1159.58586362907,0.0238927754914,0.015774767058094,0.0859066838347745,3.79933313488185,5.44582899502759,5.444528146141066,3.010803194634446,0.21809122100042247,5.585963076157779,683224004208914.1
7,3.0779788368626644,50.619049072265625,8397.24,2024-06-07 11:19:00,234.586666464,34610D,233.48948669433597,29.38532257080078,0.146071046590805,220.7131197608568,62570.15407947891,0.2118377523070878,0.1835637213705719,11.013823282234316,7598.738898017847,-1527.6022158647309,0.0002389277549139,0.3360061550930239,0.967638723926469,0.0917818606852859,0.17258189382413,0.0065077746085004,0.0181168243543595,0.0002757294802217,1.4757811839371163e-06,1070518340018895.0,34.7926677485782,13.624099400123848,0.0132165879386811,0.0002697262844628,0.0002202764656446,0.0716754794986351,0.199535501874195,0.0030368357688646,1.6253993163129934e-05,1.1790499817358936e+16,descent,GTF2035_wi,0,43031,1.237,3.16,3.16,5.464291646854727,25.163708571079024,21.892426456838752,0.19116544494512,0.1663139371022544,0.7205293965893121,3.799369449008924,6.507774608500416,1.4757811839371164,1070518340018895.0,116,3.5,0.1899446367045374,6.51814634295243,637.717890207471,1150.82071256173,0.0238927754914,0.0157090559112366,0.0854878379437046,3.79933451123055,5.44194625232414,5.440646330911014,3.5151073325811897,0.21890138721946906,5.062102888169264,668753503113122.6
8,3.0779788368626644,50.619049072265625,8397.24,2024-06-07 11:19:00,234.586666464,34610D,233.48948669433597,29.38532257080078,0.146071046590805,220.7131197608568,62570.15407947891,0.2118377523070878,0.1835637213705719,11.013823282234316,7598.738898017847,-1527.6022158647309,0.0002389277549139,0.3360061550930239,0.967638723926469,0.0917818606852859,0.17258189382413,0.0065077746085004,0.0181168243543595,0.0002757294802217,1.4757811839371163e-06,1070518340018895.0,34.7926677485782,13.624099400123848,0.0132165879386811,0.0002697262844628,0.0002202764656446,0.0716754794986351,0.199535501874195,0.0030368357688646,1.6253993163129934e-05,1.1790499817358936e+16,descent,GTF2035_wi,0,43031,1.237,3.16,3.16,5.464291646854727,25.163708571079024,21.892426456838752,0.19116544494512,0.1663139371022544,0.7205293965893121,3.799369449008924,6.507774608500416,1.4757811839371164,1070518340018895.0,116,4.0,0.2172660949388111,6.52752977402167,638.214146916279,1142.359782688,0.0238927754914,0.015647992037423,0.0850796083623363,3.79915096477366,5.43709430314535,5.435795540720634,4.020843972629459,0.21978799839605223,4.584201271502287,654104439293704.6
9,3.0779788368626644,50.619049072265625,8397.24,2024-06-07 11:19:00,234.586666464,34610D,233.48948669433597,29.38532257080078,0.146071046590805,220.7131197608568,62570.15407947891,0.2118377523070878,0.1835637213705719,11.013823282234316,7598.738898017847,-1527.6022158647309,0.0002389277549139,0.3360061550930239,0.967638723926469,0.0917818606852859,0.17258189382413,0.0065077746085004,0.0181168243543595,0.0002757294802217,1.4757811839371163e-06,1070518340018895.0,34.7926677485782,13.624099400123848,0.0132165879386811,0.0002697262844628,0.0002202764656446,0.0716754794986351,0.199535501874195,0.0030368357688646,1.6253993163129934e-05,1.1790499817358936e+16,descent,GTF2035_wi,0,43031,1.237,3.16,3.16,5.464291646854727,25.163708571079024,21.892426456838752,0.19116544494512,0.1663139371022544,0.7205293965893121,3.799369449008924,6.507774608500416,1.4757811839371164,1070518340018895.0,116,4.5,0.2445875531730847,6.53721651972608,638.722455899858,1134.03689679655,0.0238927754914,0.0155868919257778,0.0846739494160146,3.79932852682349,5.43238188980959,5.431084253042262,4.527368357481803,0.2207315657862993,4.150013338344332,639264993017397.4
10,3.0779788368626644,50.619049072265625,8397.24,2024-06-07 11:19:00,234.586666464,34610D,233.48948669433597,29.38532257080078,0.146071046590805,220.7131197608568,62570.15407947891,0.2118377523070878,0.1835637213705719,11.013823282234316,7598.738898017847,-1527.6022158647309,0.0002389277549139,0.3360061550930239,0.967638723926469,0.0917818606852859,0.17258189382413,0.0065077746085004,0.0181168243543595,0.0002757294802217,1.4757811839371163e-06,1070518340018895.0,34.7926677485782,13.624099400123848,0.0132165879386811,0.0002697262844628,0.0002202764656446,0.0716754794986351,0.199535501874195,0.0030368357688646,1.6253993163129934e-05,1.1790499817358936e+16,descent,GTF2035_wi,0,43031,1.237,3.16,3.16,5.464291646854727,25.163708571079024,21.892426456838752,0.19116544494512,0.1663139371022544,0.7205293965893121,3.799369449008924,6.507774608500416,1.4757811839371164,1070518340018895.0,116,5.0,0.2719090114073584,6.54677822169391,639.222864350608,1125.8175683527,0.0238927754914,0.0155252853623455,0.0842664573810973,3.79932866594041,5.42769137020014,5.4263948538604305,5.034752079508268,0.22167588809990227,3.7568076237609054,624660312411934.0
11,3.0779788368626644,50.619049072265625,8397.24,2024-06-07 11:19:00,234.586666464,34610D,233.48948669433597,29.38532257080078,0.146071046590805,220.7131197608568,62570.15407947891,0.2118377523070878,0.1835637213705719,11.013823282234316,7598.738898017847,-1527.6022158647309,0.0002389277549139,0.3360061550930239,0.967638723926469,0.0917818606852859,0.17258189382413,0.0065077746085004,0.0181168243543595,0.0002757294802217,1.4757811839371163e-06,1070518340018895.0,34.7926677485782,13.624099400123848,0.0132165879386811,0.0002697262844628,0.0002202764656446,0.0716754794986351,0.199535501874195,0.0030368357688646,1.6253993163129934e-05,1.1790499817358936e+16,descent,GTF2035_wi,0,43031,1.237,3.16,3.16,5.464291646854727,25.163708571079024,21.892426456838752,0.19116544494512,0.1663139371022544,0.7205293965893121,3.799369449008924,6.507774608500416,1.4757811839371164,1070518340018895.0,116,5.5,0.299230469641632,6.55636492444121,639.720911471486,1117.70854840542,0.0238927754914,0.0154633126021853,0.0838586663380431,3.79932828251092,5.42307256507198,5.421777152029401,5.542940520373866,0.222615754340702,3.4018902803986517,610325778102267.5
12,3.0779788368626644,50.619049072265625,8397.24,2024-06-07 11:19:00,234.586666464,34610D,233.48948669433597,29.38532257080078,0.146071046590805,220.7131197608568,62570.15407947891,0.2118377523070878,0.1835637213705719,11.013823282234316,7598.738898017847,-1527.6022158647309,0.0002389277549139,0.3360061550930239,0.967638723926469,0.0917818606852859,0.17258189382413,0.0065077746085004,0.0181168243543595,0.0002757294802217,1.4757811839371163e-06,1070518340018895.0,34.7926677485782,13.624099400123848,0.0132165879386811,0.0002697262844628,0.0002202764656446,0.0716754794986351,0.199535501874195,0.0030368357688646,1.6253993163129934e-05,1.1790499817358936e+16,descent,GTF2035_wi,0,43031,1.237,3.16,3.16,5.464291646854727,25.163708571079024,21.892426456838752,0.19116544494512,0.1663139371022544,0.7205293965893121,3.799369449008924,6.507774608500416,1.4757811839371164,1070518340018895.0,116,6.0,0.3265519278759056,6.56598117859306,640.216608006288,1109.70715869271,0.0238927754914,0.0154009639405893,0.0834505919355878,3.79932786956237,5.4185304411793,5.417236113116954,6.05191003479477,0.22355118478334848,3.082282856548677,596256352377307.0
13,3.0779788368626644,50.619049072265625,8397.24,2024-06-07 11:19:00,234.586666464,34610D,233.48948669433597,29.38532257080078,0.146071046590805,220.7131197608568,62570.15407947891,0.2118377523070878,0.1835637213705719,11.013823282234316,7598.738898017847,-1527.6022158647309,0.0002389277549139,0.3360061550930239,0.967638723926469,0.0917818606852859,0.17258189382413,0.0065077746085004,0.0181168243543595,0.0002757294802217,1.4757811839371163e-06,1070518340018895.0,34.7926677485782,13.624099400123848,0.0132165879386811,0.0002697262844628,0.0002202764656446,0.0716754794986351,0.199535501874195,0.0030368357688646,1.6253993163129934e-05,1.1790499817358936e+16,descent,GTF2035_wi,0,43031,1.237,3.16,3.16,5.464291646854727,25.163708571079024,21.892426456838752,0.19116544494512,0.1663139371022544,0.7205293965893121,3.799369449008924,6.507774608500416,1.4757811839371164,1070518340018895.0,116,6.5,0.3538733861101793,6.57561242443334,640.709811464526,1101.81157948911,0.0238927754914,0.0153382711167,0.0830421799517086,3.79932755941034,5.41405086139687,5.412757603374802,6.561658033805243,0.22448191053360755,2.7950326295801773,582451528529669.1
14,3.0779788368626644,50.619049072265625,8397.24,2024-06-07 11:19:00,234.586666464,34610D,233.48948669433597,29.38532257080078,0.146071046590805,220.7131197608568,62570.15407947891,0.2118377523070878,0.1835637213705719,11.013823282234316,7598.738898017847,-1527.6022158647309,0.0002389277549139,0.3360061550930239,0.967638723926469,0.0917818606852859,0.17258189382413,0.0065077746085004,0.0181168243543595,0.0002757294802217,1.4757811839371163e-06,1070518340018895.0,34.7926677485782,13.624099400123848,0.0132165879386811,0.0002697262844628,0.0002202764656446,0.0716754794986351,0.199535501874195,0.0030368357688646,1.6253993163129934e-05,1.1790499817358936e+16,descent,GTF2035_wi,0,43031,1.237,3.16,3.16,5.464291646854727,25.163708571079024,21.892426456838752,0.19116544494512,0.1663139371022544,0.7205293965893121,3.799369449008924,6.507774608500416,1.4757811839371164,1070518340018895.0,116,7.0,0.381194844344453,6.58521763682056,641.198945154785,1094.0026224289,0.0238927754914,0.0152746962100729,0.0826306720281503,3.79932638166912,5.40964421758251,5.408352012178456,7.072155231154103,0.22540495621230108,2.537290497060043,568879882666124.4
15,3.0779788368626644,50.619049072265625,8397.24,2024-06-07 11:19:00,234.586666464,34610D,233.48948669433597,29.38532257080078,0.146071046590805,220.7131197608568,62570.15407947891,0.2118377523070878,0.1835637213705719,11.013823282234316,7598.738898017847,-1527.6022158647309,0.0002389277549139,0.3360061550930239,0.967638723926469,0.0917818606852859,0.17258189382413,0.0065077746085004,0.0181168243543595,0.0002757294802217,1.4757811839371163e-06,1070518340018895.0,34.7926677485782,13.624099400123848,0.0132165879386811,0.0002697262844628,0.0002202764656446,0.0716754794986351,0.199535501874195,0.0030368357688646,1.6253993163129934e-05,1.1790499817358936e+16,descent,GTF2035_wi,0,43031,1.237,3.16,3.16,5.464291646854727,25.163708571079024,21.892426456838752,0.19116544494512,0.1663139371022544,0.7205293965893121,3.799369449008924,6.507774608500416,1.4757811839371164,1070518340018895.0,116,7.5,0.4085163025787265,6.59489965132781,641.687338037982,1086.31198963823,0.0238927754914,0.0152112978760541,0.0822217566932253,3.79932686211555,5.40530843345462,5.404017263742278,7.583385697907207,0.22632660391172874,2.3063458293046333,555589370072643.1
16,3.0779788368626644,50.619049072265625,8397.24,2024-06-07 11:19:00,234.586666464,34610D,233.48948669433597,29.38532257080078,0.146071046590805,220.7131197608568,62570.15407947891,0.2118377523070878,0.1835637213705719,11.013823282234316,7598.738898017847,-1527.6022158647309,0.0002389277549139,0.3360061550930239,0.967638723926469,0.0917818606852859,0.17258189382413,0.0065077746085004,0.0181168243543595,0.0002757294802217,1.4757811839371163e-06,1070518340018895.0,34.7926677485782,13.624099400123848,0.0132165879386811,0.0002697262844628,0.0002202764656446,0.0716754794986351,0.199535501874195,0.0030368357688646,1.6253993163129934e-05,1.1790499817358936e+16,descent,GTF2035_wi,0,43031,1.237,3.16,3.16,5.464291646854727,25.163708571079024,21.892426456838752,0.19116544494512,0.1663139371022544,0.7205293965893121,3.799369449008924,6.507774608500416,1.4757811839371164,1070518340018895.0,116,8.0,0.4358377608130002,6.60459612235913,642.173168171003,1078.72025646563,0.0238927754914,0.0151475504538182,0.0818124579812022,3.79932656201975,5.40103551598206,5.399745366944429,8.095343023517234,0.2272434154374829,2.099614769575666,542551143540644.06
17,3.0779788368626644,50.619049072265625,8397.24,2024-06-07 11:19:00,234.586666464,34610D,233.48948669433597,29.38532257080078,0.146071046590805,220.7131197608568,62570.15407947891,0.2118377523070878,0.1835637213705719,11.013823282234316,7598.738898017847,-1527.6022158647309,0.0002389277549139,0.3360061550930239,0.967638723926469,0.0917818606852859,0.17258189382413,0.0065077746085004,0.0181168243543595,0.0002757294802217,1.4757811839371163e-06,1070518340018895.0,34.7926677485782,13.624099400123848,0.0132165879386811,0.0002697262844628,0.0002202764656446,0.0716754794986351,0.199535501874195,0.0030368357688646,1.6253993163129934e-05,1.1790499817358936e+16,descent,GTF2035_wi,0,43031,1.237,3.16,3.16,5.464291646854727,25.163708571079024,21.892426456838752,0.19116544494512,0.1663139371022544,0.7205293965893121,3.799369449008924,6.507774608500416,1.4757811839371164,1070518340018895.0,116,8.5,0.4631592190472738,6.61431378787607,642.65649773386,1071.22546543345,0.0238927754914,0.0150834547363297,0.0814028593109695,3.79932625236044,5.39683121234183,5.395542067589077,8.608001901976804,0.2281555081296541,1.9147012856033994,529760750589732.94
18,3.0779788368626644,50.619049072265625,8397.24,2024-06-07 11:19:00,234.586666464,34610D,233.48948669433597,29.38532257080078,0.146071046590805,220.7131197608568,62570.15407947891,0.2118377523070878,0.1835637213705719,11.013823282234316,7598.738898017847,-1527.6022158647309,0.0002389277549139,0.3360061550930239,0.967638723926469,0.0917818606852859,0.17258189382413,0.0065077746085004,0.0181168243543595,0.0002757294802217,1.4757811839371163e-06,1070518340018895.0,34.7926677485782,13.624099400123848,0.0132165879386811,0.0002697262844628,0.0002202764656446,0.0716754794986351,0.199535501874195,0.0030368357688646,1.6253993163129934e-05,1.1790499817358936e+16,descent,GTF2035_wi,0,43031,1.237,3.16,3.16,5.464291646854727,25.163708571079024,21.892426456838752,0.19116544494512,0.1663139371022544,0.7205293965893121,3.799369449008924,6.507774608500416,1.4757811839371164,1070518340018895.0,116,9.0,0.4904806772815475,6.62405247382783,643.13731072205,1063.82563157998,0.0238927754914,0.0150190137338942,0.080992965273538,3.79932595207618,5.39269533329988,5.391407176487375,9.121344724967535,0.22906285178609595,1.749383461474789,517214567347109.8
19,3.0779788368626644,50.619049072265625,8397.24,2024-06-07 11:19:00,234.586666464,34610D,233.48948669433597,29.38532257080078,0.146071046590805,220.7131197608568,62570.15407947891,0.2118377523070878,0.1835637213705719,11.013823282234316,7598.738898017847,-1527.6022158647309,0.0002389277549139,0.3360061550930239,0.967638723926469,0.0917818606852859,0.17258189382413,0.0065077746085004,0.0181168243543595,0.0002757294802217,1.4757811839371163e-06,1070518340018895.0,34.7926677485782,13.624099400123848,0.0132165879386811,0.0002697262844628,0.0002202764656446,0.0716754794986351,0.199535501874195,0.0030368357688646,1.6253993163129934e-05,1.1790499817358936e+16,descent,GTF2035_wi,0,43031,1.237,3.16,3.16,5.464291646854727,25.163708571079024,21.892426456838752,0.19116544494512,0.1663139371022544,0.7205293965893121,3.799369449008924,6.507774608500416,1.4757811839371164,1070518340018895.0,116,9.5,0.5178021355158211,6.63381153245644,643.615604858308,1056.51894571237,0.0238927754914,0.0149542346307352,0.0805827926143959,3.79932566327509,5.38862700794965,5.387339822940796,9.635355065486076,0.22996544210937475,1.6016203048902895,504909096458080.1
20,3.0779788368626644,50.619049072265625,8397.24,2024-06-07 11:19:00,234.586666464,34610D,233.48948669433597,29.38532257080078,0.146071046590805,220.7131197608568,62570.15407947891,0.2118377523070878,0.1835637213705719,11.013823282234316,7598.738898017847,-1527.6022158647309,0.0002389277549139,0.3360061550930239,0.967638723926469,0.0917818606852859,0.17258189382413,0.0065077746085004,0.0181168243543595,0.0002757294802217,1.4757811839371163e-06,1070518340018895.0,34.7926677485782,13.624099400123848,0.0132165879386811,0.0002697262844628,0.0002202764656446,0.0716754794986351,0.199535501874195,0.0030368357688646,1.6253993163129934e-05,1.1790499817358936e+16,descent,GTF2035_wi,0,43031,1.237,3.16,3.16,5.464291646854727,25.163708571079024,21.892426456838752,0.19116544494512,0.1663139371022544,0.7205293965893121,3.799369449008924,6.507774608500416,1.4757811839371164,1070518340018895.0,116,10.0,0.5451235937500948,6.64359188127586,644.091340494107,1049.30330679903,0.0238927754914,0.0148891120111414,0.0801723212886761,3.7993253769513,5.38462745318082,5.383341223548342,10.150012802317136,0.23095002537766537,1.4693113065818857,492237573114697.7
21,3.0779788368626644,50.619049072265625,8397.24,2024-06-07 11:19:00,234.586666464,34610D,233.48948669433597,29.38532257080078,0.146071046590805,220.7131197608568,62570.15407947891,0.2118377523070878,0.1835637213705719,11.013823282234316,7598.738898017847,-1527.6022158647309,0.0002389277549139,0.3360061550930239,0.967638723926469,0.0917818606852859,0.17258189382413,0.0065077746085004,0.0181168243543595,0.0002757294802217,1.4757811839371163e-06,1070518340018895.0,34.7926677485782,13.624099400123848,0.0132165879386811,0.0002697262844628,0.0002202764656446,0.0716754794986351,0.199535501874195,0.0030368357688646,1.6253993163129934e-05,1.1790499817358936e+16,descent,GTF2035_wi,0,43031,1.237,3.16,3.16,5.464291646854727,25.163708571079024,21.892426456838752,0.19116544494512,0.1663139371022544,0.7205293965893121,3.799369449008924,6.507774608500416,1.4757811839371164,1070518340018895.0,116,10.5,0.5724450519843683,6.65339313849385,644.564523699337,1042.17696293512,0.0238927754914,0.0148237080364171,0.0797618646710676,3.79932514215331,5.38069587414419,5.379410583650678,10.665301217601506,0.23208274070529303,1.3506587252238929,478781834229872.5
22,3.0779788368626644,50.619049072265625,8397.24,2024-06-07 11:19:00,234.586666464,34610D,233.48948669433597,29.38532257080078,0.146071046590805,220.7131197608568,62570.15407947891,0.2118377523070878,0.1835637213705719,11.013823282234316,7598.738898017847,-1527.6022158647309,0.0002389277549139,0.3360061550930239,0.967638723926469,0.0917818606852859,0.17258189382413,0.0065077746085004,0.0181168243543595,0.0002757294802217,1.4757811839371163e-06,1070518340018895.0,34.7926677485782,13.624099400123848,0.0132165879386811,0.0002697262844628,0.0002202764656446,0.0716754794986351,0.199535501874195,0.0030368357688646,1.6253993163129934e-05,1.1790499817358936e+16,descent,GTF2035_wi,0,43031,1.237,3.16,3.16,5.464291646854727,25.163708571079024,21.892426456838752,0.19116544494512,0.1663139371022544,0.7205293965893121,3.799369449008924,6.507774608500416,1.4757811839371164,1070518340018895.0,116,11.0,0.599766510218642,6.66321461494657,645.035124540555,1035.13827820003,0.0238927754914,0.014757911867666,0.0793508106227204,3.79932483314075,5.3768318536022,5.37554748610991,11.181203017255648,0.23320927431880764,1.2445846252771946,465617940534151.44
23,3.0779788368626644,50.619049072265625,8397.24,2024-06-07 11:19:00,234.586666464,34610D,233.48948669433597,29.38532257080078,0.146071046590805,220.7131197608568,62570.15407947891,0.2118377523070878,0.1835637213705719,11.013823282234316,7598.738898017847,-1527.6022158647309,0.0002389277549139,0.3360061550930239,0.967638723926469,0.0917818606852859,0.17258189382413,0.0065077746085004,0.0181168243543595,0.0002757294802217,1.4757811839371163e-06,1070518340018895.0,34.7926677485782,13.624099400123848,0.0132165879386811,0.0002697262844628,0.0002202764656446,0.0716754794986351,0.199535501874195,0.0030368357688646,1.6253993163129934e-05,1.1790499817358936e+16,descent,GTF2035_wi,0,43031,1.237,3.16,3.16,5.464291646854727,25.163708571079024,21.892426456838752,0.19116544494512,0.1663139371022544,0.7205293965893121,3.799369449008924,6.507774608500416,1.4757811839371164,1070518340018895.0,116,11.5,0.6270879684529157,6.67296567638979,645.502196266993,1028.1869740169,0.0238927754914,0.0146918959787266,0.0789394889737908,3.79912342507147,5.3729953634366,5.371711912369333,11.697787032719384,0.2343273598674711,1.1496846421522373,452762608073930.3
24,3.0779788368626644,50.619049072265625,8397.24,2024-06-07 11:19:00,234.586666464,34610D,233.48948669433597,29.38532257080078,0.146071046590805,220.7131197608568,62570.15407947891,0.2118377523070878,0.1835637213705719,11.013823282234316,7598.738898017847,-1527.6022158647309,0.0002389277549139,0.3360061550930239,0.967638723926469,0.0917818606852859,0.17258189382413,0.0065077746085004,0.0181168243543595,0.0002757294802217,1.4757811839371163e-06,1070518340018895.0,34.7926677485782,13.624099400123848,0.0132165879386811,0.0002697262844628,0.0002202764656446,0.0716754794986351,0.199535501874195,0.0030368357688646,1.6253993163129934e-05,1.1790499817358936e+16,descent,GTF2035_wi,0,43031,1.237,3.16,3.16,5.464291646854727,25.163708571079024,21.892426456838752,0.19116544494512,0.1663139371022544,0.7205293965893121,3.799369449008924,6.507774608500416,1.4757811839371164,1070518340018895.0,116,12.0,0.6544094266871893,6.68253053595374,646.007149595842,1021.40827296887,0.0238927754914,0.0146281358702769,0.0785338497373319,3.79925609988128,5.36868473425284,5.367402312868506,12.216185965778676,0.23553612714619537,1.0645102233210129,439643591576102.56
25,3.0779788368626644,50.619049072265625,8397.24,2024-06-07 11:19:00,234.586666464,34610D,233.48948669433597,29.38532257080078,0.146071046590805,220.7131197608568,62570.15407947891,0.2118377523070878,0.1835637213705719,11.013823282234316,7598.738898017847,-1527.6022158647309,0.0002389277549139,0.3360061550930239,0.967638723926469,0.0917818606852859,0.17258189382413,0.0065077746085004,0.0181168243543595,0.0002757294802217,1.4757811839371163e-06,1070518340018895.0,34.7926677485782,13.624099400123848,0.0132165879386811,0.0002697262844628,0.0002202764656446,0.0716754794986351,0.199535501874195,0.0030368357688646,1.6253993163129934e-05,1.1790499817358936e+16,descent,GTF2035_wi,0,43031,1.237,3.16,3.16,5.464291646854727,25.163708571079024,21.892426456838752,0.19116544494512,0.1663139371022544,0.7205293965893121,3.799369449008924,6.507774608500416,1.4757811839371164,1070518340018895.0,116,12.5,0.6817308849214629,6.69207407338568,646.521138764832,1014.75483771723,0.0238927754914,0.0145655787975946,0.0781325602262177,3.79991264668362,5.36419192892774,5.362910580742879,12.735849737246822,0.23676652459799577,0.9881248297379659,426728859817301.7
26,3.0779788368626644,50.619049072265625,8397.24,2024-06-07 11:19:00,234.586666464,34610D,233.48948669433597,29.38532257080078,0.146071046590805,220.7131197608568,62570.15407947891,0.2118377523070878,0.1835637213705719,11.013823282234316,7598.738898017847,-1527.6022158647309,0.0002389277549139,0.3360061550930239,0.967638723926469,0.0917818606852859,0.17258189382413,0.0065077746085004,0.0181168243543595,0.0002757294802217,1.4757811839371163e-06,1070518340018895.0,34.7926677485782,13.624099400123848,0.0132165879386811,0.0002697262844628,0.0002202764656446,0.0716754794986351,0.199535501874195,0.0030368357688646,1.6253993163129934e-05,1.1790499817358936e+16,descent,GTF2035_wi,0,43031,1.237,3.16,3.16,5.464291646854727,25.163708571079024,21.892426456838752,0.19116544494512,0.1663139371022544,0.7205293965893121,3.799369449008924,6.507774608500416,1.4757811839371164,1070518340018895.0,116,13.0,0.7090523431557366,6.70075563542366,647.073875056545,1008.37366636929,0.0238927754914,0.0145101261187324,0.077747470470812,3.79931281701829,5.35815263317669,5.356872727602524,13.260203944546811,0.23808967567952063,0.9190866295988347,413856268002606.25
27,3.0779788368626644,50.619049072265625,8397.24,2024-06-07 11:19:00,234.586666464,34610D,233.48948669433597,29.38532257080078,0.146071046590805,220.7131197608568,62570.15407947891,0.2118377523070878,0.1835637213705719,11.013823282234316,7598.738898017847,-1527.6022158647309,0.0002389277549139,0.3360061550930239,0.967638723926469,0.0917818606852859,0.17258189382413,0.0065077746085004,0.0181168243543595,0.0002757294802217,1.4757811839371163e-06,1070518340018895.0,34.7926677485782,13.624099400123848,0.0132165879386811,0.0002697262844628,0.0002202764656446,0.0716754794986351,0.199535501874195,0.0030368357688646,1.6253993163129934e-05,1.1790499817358936e+16,descent,GTF2035_wi,0,43031,1.237,3.16,3.16,5.464291646854727,25.163708571079024,21.892426456838752,0.19116544494512,0.1663139371022544,0.7205293965893121,3.799369449008924,6.507774608500416,1.4757811839371164,1070518340018895.0,116,13.5,0.7363738013900103,6.70964992484382,647.614392394314,1002.01680539395,0.0238927754914,0.0144525132709436,0.0773578170959093,3.79931212307329,5.35255118924093,5.351272621687498,13.78461575577189,0.2393835767871094,0.8572697989940615,401329662083388.8
28,3.0779788368626644,50.619049072265625,8397.24,2024-06-07 11:19:00,234.586666464,34610D,233.48948669433597,29.38532257080078,0.146071046590805,220.7131197608568,62570.15407947891,0.2118377523070878,0.1835637213705719,11.013823282234316,7598.738898017847,-1527.6022158647309,0.0002389277549139,0.3360061550930239,0.967638723926469,0.0917818606852859,0.17258189382413,0.0065077746085004,0.0181168243543595,0.0002757294802217,1.4757811839371163e-06,1070518340018895.0,34.7926677485782,13.624099400123848,0.0132165879386811,0.0002697262844628,0.0002202764656446,0.0716754794986351,0.199535501874195,0.0030368357688646,1.6253993163129934e-05,1.1790499817358936e+16,descent,GTF2035_wi,0,43031,1.237,3.16,3.16,5.464291646854727,25.163708571079024,21.892426456838752,0.19116544494512,0.1663139371022544,0.7205293965893121,3.799369449008924,6.507774608500416,1.4757811839371164,1070518340018895.0,116,14.0,0.763695259624284,6.71856120200294,648.152604565344,995.729944200278,0.0238927754914,0.0143948779039722,0.0769696354985405,3.79931218007514,5.34701551565789,5.345738270414582,14.309950584398234,0.2406719597409066,0.8017510348695389,389107294144915.94
29,3.0779788368626644,50.619049072265625,8397.24,2024-06-07 11:19:00,234.586666464,34610D,233.48948669433597,29.38532257080078,0.146071046590805,220.7131197608568,62570.15407947891,0.2118377523070878,0.1835637213705719,11.013823282234316,7598.738898017847,-1527.6022158647309,0.0002389277549139,0.3360061550930239,0.967638723926469,0.0917818606852859,0.17258189382413,0.0065077746085004,0.0181168243543595,0.0002757294802217,1.4757811839371163e-06,1070518340018895.0,34.7926677485782,13.624099400123848,0.0132165879386811,0.0002697262844628,0.0002202764656446,0.0716754794986351,0.199535501874195,0.0030368357688646,1.6253993163129934e-05,1.1790499817358936e+16,descent,GTF2035_wi,0,43031,1.237,3.16,3.16,5.464291646854727,25.163708571079024,21.892426456838752,0.19116544494512,0.1663139371022544,0.7205293965893121,3.799369449008924,6.507774608500416,1.4757811839371164,1070518340018895.0,116,14.5,0.7910167178585574,6.72748951953118,648.688747672357,989.513335931973,0.0238927754914,0.0143365320084287,0.076579161434517,3.7993117268965,5.34154015695672,5.3402642196160794,14.836207023032966,0.2419553897282842,0.7518328445425664,377132790444810.9
30,3.0779788368626644,50.619049072265625,8397.24,2024-06-07 11:19:00,234.586666464,34610D,233.48948669433597,29.38532257080078,0.146071046590805,220.7131197608568,62570.15407947891,0.2118377523070878,0.1835637213705719,11.013823282234316,7598.738898017847,-1527.6022158647309,0.0002389277549139,0.3360061550930239,0.967638723926469,0.0917818606852859,0.17258189382413,0.0065077746085004,0.0181168243543595,0.0002757294802217,1.4757811839371163e-06,1070518340018895.0,34.7926677485782,13.624099400123848,0.0132165879386811,0.0002697262844628,0.0002202764656446,0.0716754794986351,0.199535501874195,0.0030368357688646,1.6253993163129934e-05,1.1790499817358936e+16,descent,GTF2035_wi,0,43031,1.237,3.16,3.16,5.464291646854727,25.163708571079024,21.892426456838752,0.19116544494512,0.1663139371022544,0.7205293965893121,3.799369449008924,6.507774608500416,1.4757811839371164,1070518340018895.0,116,15.0,0.8183381760928311,6.73644504966385,649.222833688657,983.364870014663,0.0238927754914,0.0142778077375093,0.0761882815322082,3.79931147406571,5.3361330347693,5.334858389031624,15.363347291759712,0.24323389541117443,0.7069014770397183,365424754840800.06
31,3.0779788368626644,50.619049072265625,8397.24,2024-06-07 11:19:00,234.586666464,34610D,233.48948669433597,29.38532257080078,0.146071046590805,220.7131197608568,62570.15407947891,0.2118377523070878,0.1835637213705719,11.013823282234316,7598.738898017847,-1527.6022158647309,0.0002389277549139,0.3360061550930239,0.967638723926469,0.0917818606852859,0.17258189382413,0.0065077746085004,0.0181168243543595,0.0002757294802217,1.4757811839371163e-06,1070518340018895.0,34.7926677485782,13.624099400123848,0.0132165879386811,0.0002697262844628,0.0002202764656446,0.0716754794986351,0.199535501874195,0.0030368357688646,1.6253993163129934e-05,1.1790499817358936e+16,descent,GTF2035_wi,0,43031,1.237,3.16,3.16,5.464291646854727,25.163708571079024,21.892426456838752,0.19116544494512,0.1663139371022544,0.7205293965893121,3.799369449008924,6.507774608500416,1.4757811839371164,1070518340018895.0,116,15.5,0.8456596343271048,6.74542612745371,649.754835388145,977.283401063964,0.0238927754914,0.0142187095170579,0.07579699254395,3.79931123290224,5.33079267517334,5.329519305091004,15.891358224378898,0.24450741161520193,0.6664112579620968,353978816770298.44
32,3.0779788368626644,50.619049072265625,8397.24,2024-06-07 11:19:00,234.586666464,34610D,233.48948669433597,29.38532257080078,0.146071046590805,220.7131197608568,62570.15407947891,0.2118377523070878,0.1835637213705719,11.013823282234316,7598.738898017847,-1527.6022158647309,0.0002389277549139,0.3360061550930239,0.967638723926469,0.0917818606852859,0.17258189382413,0.0065077746085004,0.0181168243543595,0.0002757294802217,1.4757811839371163e-06,1070518340018895.0,34.7926677485782,13.624099400123848,0.0132165879386811,0.0002697262844628,0.0002202764656446,0.0716754794986351,0.199535501874195,0.0030368357688646,1.6253993163129934e-05,1.1790499817358936e+16,descent,GTF2035_wi,0,43031,1.237,3.16,3.16,5.464291646854727,25.163708571079024,21.892426456838752,0.19116544494512,0.1663139371022544,0.7205293965893121,3.799369449008924,6.507774608500416,1.4757811839371164,1070518340018895.0,116,16.0,0.8729810925613785,6.75443229215621,650.284733021626,971.267830249101,0.0238927754914,0.0141592413015272,0.075405304378357,3.79931099999687,5.32551870347911,5.32424659319399,16.420223735768744,0.24577589106435296,0.6298799744275217,342790615981950.44
33,3.0779788368626644,50.619049072265625,8397.24,2024-06-07 11:19:00,234.586666464,34610D,233.48948669433597,29.38532257080078,0.146071046590805,220.7131197608568,62570.15407947891,0.2118377523070878,0.1835637213705719,11.013823282234316,7598.738898017847,-1527.6022158647309,0.0002389277549139,0.3360061550930239,0.967638723926469,0.0917818606852859,0.17258189382413,0.0065077746085004,0.0181168243543595,0.0002757294802217,1.4757811839371163e-06,1070518340018895.0,34.7926677485782,13.624099400123848,0.0132165879386811,0.0002697262844628,0.0002202764656446,0.0716754794986351,0.199535501874195,0.0030368357688646,1.6253993163129934e-05,1.1790499817358936e+16,descent,GTF2035_wi,0,43031,1.237,3.16,3.16,5.464291646854727,25.163708571079024,21.892426456838752,0.19116544494512,0.1663139371022544,0.7205293965893121,3.799369449008924,6.507774608500416,1.4757811839371164,1070518340018895.0,116,16.5,0.900302550795652,6.76346312554786,650.812507396574,965.317082316677,0.0238927754914,0.0140994069404158,0.0750132265970654,3.79931077494223,5.32031077009634,5.3190399038338185,16.949927681654408,0.2470392878151784,0.5968813302278209,331855850085951.75
34,3.0779788368626644,50.619049072265625,8397.24,2024-06-07 11:19:00,234.586666464,34610D,233.48948669433597,29.38532257080078,0.146071046590805,220.7131197608568,62570.15407947891,0.2118377523070878,0.1835637213705719,11.013823282234316,7598.738898017847,-1527.6022158647309,0.0002389277549139,0.3360061550930239,0.967638723926469,0.0917818606852859,0.17258189382413,0.0065077746085004,0.0181168243543595,0.0002757294802217,1.4757811839371163e-06,1070518340018895.0,34.7926677485782,13.624099400123848,0.0132165879386811,0.0002697262844628,0.0002202764656446,0.0716754794986351,0.199535501874195,0.0030368357688646,1.6253993163129934e-05,1.1790499817358936e+16,descent,GTF2035_wi,0,43031,1.237,3.16,3.16,5.464291646854727,25.163708571079024,21.892426456838752,0.19116544494512,0.1663139371022544,0.7205293965893121,3.799369449008924,6.507774608500416,1.4757811839371164,1070518340018895.0,116,17.0,0.9276240090299256,6.77251825262468,651.338139890195,959.430105219262,0.0238927754914,0.0140392101825428,0.0746207684445098,3.79931055735649,5.31516855109826,5.313898913161099,17.4804538465432,0.24829755728806527,0.5670384568316031,321170273927176.8
35,3.0779788368626644,50.619049072265625,8397.24,2024-06-07 11:19:00,234.586666464,34610D,233.48948669433597,29.38532257080078,0.146071046590805,220.7131197608568,62570.15407947891,0.2118377523070878,0.1835637213705719,11.013823282234316,7598.738898017847,-1527.6022158647309,0.0002389277549139,0.3360061550930239,0.967638723926469,0.0917818606852859,0.17258189382413,0.0065077746085004,0.0181168243543595,0.0002757294802217,1.4757811839371163e-06,1070518340018895.0,34.7926677485782,13.624099400123848,0.0132165879386811,0.0002697262844628,0.0002202764656446,0.0716754794986351,0.199535501874195,0.0030368357688646,1.6253993163129934e-05,1.1790499817358936e+16,descent,GTF2035_wi,0,43031,1.237,3.16,3.16,5.464291646854727,25.163708571079024,21.892426456838752,0.19116544494512,0.1663139371022544,0.7205293965893121,3.799369449008924,6.507774608500416,1.4757811839371164,1070518340018895.0,116,17.5,0.9549454672641992,6.78159733834249,651.861612393303,953.605869703442,0.0238927754914,0.0139786546832424,0.0742279388627639,3.79931034686555,5.31009174665057,5.30882332141315,18.01178593841555,0.24955065613288566,0.5400181106846381,310729699854709.9
36,3.0779788368626644,50.619049072265625,8397.24,2024-06-07 11:19:00,234.586666464,34610D,233.48948669433597,29.38532257080078,0.146071046590805,220.7131197608568,62570.15407947891,0.2118377523070878,0.1835637213705719,11.013823282234316,7598.738898017847,-1527.6022158647309,0.0002389277549139,0.3360061550930239,0.967638723926469,0.0917818606852859,0.17258189382413,0.0065077746085004,0.0181168243543595,0.0002757294802217,1.4757811839371163e-06,1070518340018895.0,34.7926677485782,13.624099400123848,0.0132165879386811,0.0002697262844628,0.0002202764656446,0.0716754794986351,0.199535501874195,0.0030368357688646,1.6253993163129934e-05,1.1790499817358936e+16,descent,GTF2035_wi,0,43031,1.237,3.16,3.16,5.464291646854727,25.163708571079024,21.892426456838752,0.19116544494512,0.1663139371022544,0.7205293965893121,3.799369449008924,6.507774608500416,1.4757811839371164,1070518340018895.0,116,18.0,0.9822669254984728,6.79070008461055,652.382907259256,947.843368883308,0.0238927754914,0.0139177440110865,0.0738347465054428,3.79931014311998,5.30508007954652,5.30381285144944,18.543907583895432,0.25079854210675834,0.5155255071149311,300529997800782.3
37,3.0779788368626644,50.619049072265625,8397.24,2024-06-07 11:19:00,234.586666464,34610D,233.48948669433597,29.38532257080078,0.146071046590805,220.7131197608568,62570.15407947891,0.2118377523070878,0.1835637213705719,11.013823282234316,7598.738898017847,-1527.6022158647309,0.0002389277549139,0.3360061550930239,0.967638723926469,0.0917818606852859,0.17258189382413,0.0065077746085004,0.0181168243543595,0.0002757294802217,1.4757811839371163e-06,1070518340018895.0,34.7926677485782,13.624099400123848,0.0132165879386811,0.0002697262844628,0.0002202764656446,0.0716754794986351,0.199535501874195,0.0030368357688646,1.6253993163129934e-05,1.1790499817358936e+16,descent,GTF2035_wi,0,43031,1.237,3.16,3.16,5.464291646854727,25.163708571079024,21.892426456838752,0.19116544494512,0.1663139371022544,0.7205293965893121,3.799369449008924,6.507774608500416,1.4757811839371164,1070518340018895.0,116,18.5,1.0095883837327466,6.79982622750505,652.90200725783,942.141617800956,0.0238927754914,0.0138564816541753,0.0734411997506212,3.79930994579715,5.30013329382872,5.298867247373718,19.076802323907227,0.2520411739636319,0.4932997374334221,290567095189638.56
38,3.0779788368626644,50.619049072265625,8397.24,2024-06-07 11:19:00,234.586666464,34610D,233.48948669433597,29.38532257080078,0.146071046590805,220.7131197608568,62570.15407947891,0.2118377523070878,0.1835637213705719,11.013823282234316,7598.738898017847,-1527.6022158647309,0.0002389277549139,0.3360061550930239,0.967638723926469,0.0917818606852859,0.17258189382413,0.0065077746085004,0.0181168243543595,0.0002757294802217,1.4757811839371163e-06,1070518340018895.0,34.7926677485782,13.624099400123848,0.0132165879386811,0.0002697262844628,0.0002202764656446,0.0716754794986351,0.199535501874195,0.0030368357688646,1.6253993163129934e-05,1.1790499817358936e+16,descent,GTF2035_wi,0,43031,1.237,3.16,3.16,5.464291646854727,25.163708571079024,21.892426456838752,0.19116544494512,0.1663139371022544,0.7205293965893121,3.799369449008924,6.507774608500416,1.4757811839371164,1070518340018895.0,116,19.0,1.0369098419670202,6.80879015360099,653.417488459881,936.500883184399,0.0238927754914,0.0137950254228253,0.0730473067125913,3.79889069006929,5.29519188791977,5.2939270218217676,19.61067282918005,0.25327514307372206,0.4730983330848438,280853556162435.53
39,3.0779788368626644,50.619049072265625,8397.24,2024-06-07 11:19:00,234.586666464,34610D,233.48948669433597,29.38532257080078,0.146071046590805,220.7131197608568,62570.15407947891,0.2118377523070878,0.1835637213705719,11.013823282234316,7598.738898017847,-1527.6022158647309,0.0002389277549139,0.3360061550930239,0.967638723926469,0.0917818606852859,0.17258189382413,0.0065077746085004,0.0181168243543595,0.0002757294802217,1.4757811839371163e-06,1070518340018895.0,34.7926677485782,13.624099400123848,0.0132165879386811,0.0002697262844628,0.0002202764656446,0.0716754794986351,0.199535501874195,0.0030368357688646,1.6253993163129934e-05,1.1790499817358936e+16,descent,GTF2035_wi,0,43031,1.237,3.16,3.16,5.464291646854727,25.163708571079024,21.892426456838752,0.19116544494512,0.1663139371022544,0.7205293965893121,3.799369449008924,6.507774608500416,1.4757811839371164,1070518340018895.0,116,19.5,1.064231300201294,6.81756139376625,653.974414715754,931.001025916575,0.0238927754914,0.0137360295750586,0.0726598491725557,3.79868205133383,5.28972719340156,5.288463632658864,20.147531210464116,0.25460832417443147,0.45463967951791445,270915939915069.72
40,3.0779788368626644,50.619049072265625,8397.24,2024-06-07 11:19:00,234.586666464,34610D,233.48948669433597,29.38532257080078,0.146071046590805,220.7131197608568,62570.15407947891,0.2118377523070878,0.1835637213705719,11.013823282234316,7598.738898017847,-1527.6022158647309,0.0002389277549139,0.3360061550930239,0.967638723926469,0.0917818606852859,0.17258189382413,0.0065077746085004,0.0181168243543595,0.0002757294802217,1.4757811839371163e-06,1070518340018895.0,34.7926677485782,13.624099400123848,0.0132165879386811,0.0002697262844628,0.0002202764656446,0.0716754794986351,0.199535501874195,0.0030368357688646,1.6253993163129934e-05,1.1790499817358936e+16,descent,GTF2035_wi,0,43031,1.237,3.16,3.16,5.464291646854727,25.163708571079024,21.892426456838752,0.19116544494512,0.1663139371022544,0.7205293965893121,3.799369449008924,6.507774608500416,1.4757811839371164,1070518340018895.0,116,20.0,1.0915527584355675,6.82660055076368,654.547017797937,925.583152805645,0.0238927754914,0.0136773794183409,0.0722742424219055,3.79929779356619,5.28421711581592,5.282954871269216,20.68567742127476,0.25597903277242634,0.4378296802632984,261030889776271.47
41,3.0779788368626644,50.619049072265625,8397.24,2024-06-07 11:19:00,234.586666464,34610D,233.48948669433597,29.38532257080078,0.146071046590805,220.7131197608568,62570.15407947891,0.2118377523070878,0.1835637213705719,11.013823282234316,7598.738898017847,-1527.6022158647309,0.0002389277549139,0.3360061550930239,0.967638723926469,0.0917818606852859,0.17258189382413,0.0065077746085004,0.0181168243543595,0.0002757294802217,1.4757811839371163e-06,1070518340018895.0,34.7926677485782,13.624099400123848,0.0132165879386811,0.0002697262844628,0.0002202764656446,0.0716754794986351,0.199535501874195,0.0030368357688646,1.6253993163129934e-05,1.1790499817358936e+16,descent,GTF2035_wi,0,43031,1.237,3.16,3.16,5.464291646854727,25.163708571079024,21.892426456838752,0.19116544494512,0.1663139371022544,0.7205293965893121,3.799369449008924,6.507774608500416,1.4757811839371164,1070518340018895.0,116,20.5,1.118874216669841,6.83545838529672,655.104868288756,920.20132220588,0.0238927754914,0.0136178869615485,0.071886499071564,3.79929925508443,5.2788291806609,5.277568223133941,21.224456545852806,0.2573144263250532,0.42252565870039277,251513435092607.56
42,3.0779788368626644,50.619049072265625,8397.24,2024-06-07 11:19:00,234.586666464,34610D,233.48948669433597,29.38532257080078,0.146071046590805,220.7131197608568,62570.15407947891,0.2118377523070878,0.1835637213705719,11.013823282234316,7598.738898017847,-1527.6022158647309,0.0002389277549139,0.3360061550930239,0.967638723926469,0.0917818606852859,0.17258189382413,0.0065077746085004,0.0181168243543595,0.0002757294802217,1.4757811839371163e-06,1070518340018895.0,34.7926677485782,13.624099400123848,0.0132165879386811,0.0002697262844628,0.0002202764656446,0.0716754794986351,0.199535501874195,0.0030368357688646,1.6253993163129934e-05,1.1790499817358936e+16,descent,GTF2035_wi,0,43031,1.237,3.16,3.16,5.464291646854727,25.163708571079024,21.892426456838752,0.19116544494512,0.1663139371022544,0.7205293965893121,3.799369449008924,6.507774608500416,1.4757811839371164,1070518340018895.0,116,21.0,1.146195674904115,6.84434278955179,655.661046761861,914.874468889104,0.0238927754914,0.0135580646795742,0.0714985170961508,3.79929908400554,5.27350464730162,5.272244961649577,21.764075245038363,0.25864581736856335,0.4085761832451897,242222308042412.28
43,3.0779788368626644,50.619049072265625,8397.24,2024-06-07 11:19:00,234.586666464,34610D,233.48948669433597,29.38532257080078,0.146071046590805,220.7131197608568,62570.15407947891,0.2118377523070878,0.1835637213705719,11.013823282234316,7598.738898017847,-1527.6022158647309,0.0002389277549139,0.3360061550930239,0.967638723926469,0.0917818606852859,0.17258189382413,0.0065077746085004,0.0181168243543595,0.0002757294802217,1.4757811839371163e-06,1070518340018895.0,34.7926677485782,13.624099400123848,0.0132165879386811,0.0002697262844628,0.0002202764656446,0.0716754794986351,0.199535501874195,0.0030368357688646,1.6253993163129934e-05,1.1790499817358936e+16,descent,GTF2035_wi,0,43031,1.237,3.16,3.16,5.464291646854727,25.163708571079024,21.892426456838752,0.19116544494512,0.1663139371022544,0.7205293965893121,3.799369449008924,6.507774608500416,1.4757811839371164,1070518340018895.0,116,21.5,1.1735171331383885,6.85324751859671,656.215493399096,909.601555226132,0.0238927754914,0.0134979148064422,0.0711102310144825,3.7992989342204,5.26823824525425,5.266979817591256,22.304538872120485,0.2599730627090704,0.39585181781835715,233153917305656.06
44,3.0779788368626644,50.619049072265625,8397.24,2024-06-07 11:19:00,234.586666464,34610D,233.48948669433597,29.38532257080078,0.146071046590805,220.7131197608568,62570.15407947891,0.2118377523070878,0.1835637213705719,11.013823282234316,7598.738898017847,-1527.6022158647309,0.0002389277549139,0.3360061550930239,0.967638723926469,0.0917818606852859,0.17258189382413,0.0065077746085004,0.0181168243543595,0.0002757294802217,1.4757811839371163e-06,1070518340018895.0,34.7926677485782,13.624099400123848,0.0132165879386811,0.0002697262844628,0.0002202764656446,0.0716754794986351,0.199535501874195,0.0030368357688646,1.6253993163129934e-05,1.1790499817358936e+16,descent,GTF2035_wi,0,43031,1.237,3.16,3.16,5.464291646854727,25.163708571079024,21.892426456838752,0.19116544494512,0.1663139371022544,0.7205293965893121,3.799369449008924,6.507774608500416,1.4757811839371164,1070518340018895.0,116,22.0,1.200838591372662,6.86217248843811,656.768195254392,904.381763179481,0.0238927754914,0.01343744003834,0.0707216475666876,3.79929878935652,5.26302981556778,5.261772632045937,22.845832744146772,0.26129613135601837,0.38423781909937954,224304465690850.5
45,3.0779788368626644,50.619049072265625,8397.24,2024-06-07 11:19:00,234.586666464,34610D,233.48948669433597,29.38532257080078,0.146071046590805,220.7131197608568,62570.15407947891,0.2118377523070878,0.1835637213705719,11.013823282234316,7598.738898017847,-1527.6022158647309,0.0002389277549139,0.3360061550930239,0.967638723926469,0.0917818606852859,0.17258189382413,0.0065077746085004,0.0181168243543595,0.0002757294802217,1.4757811839371163e-06,1070518340018895.0,34.7926677485782,13.624099400123848,0.0132165879386811,0.0002697262844628,0.0002202764656446,0.0716754794986351,0.199535501874195,0.0030368357688646,1.6253993163129934e-05,1.1790499817358936e+16,descent,GTF2035_wi,0,43031,1.237,3.16,3.16,5.464291646854727,25.163708571079024,21.892426456838752,0.19116544494512,0.1663139371022544,0.7205293965893121,3.799369449008924,6.507774608500416,1.4757811839371164,1070518340018895.0,116,22.5,1.2281600496069358,6.87111762403021,657.319139338018,899.214292583018,0.0238927754914,0.0133766430472538,0.0703327733823504,3.79929864927132,5.25787921034417,5.25662325715091,23.387942081025958,0.26261499221433143,0.37363178314127704,215670217142208.03
46,3.0779788368626644,50.619049072265625,8397.24,2024-06-07 11:19:00,234.586666464,34610D,233.48948669433597,29.38532257080078,0.146071046590805,220.7131197608568,62570.15407947891,0.2118377523070878,0.1835637213705719,11.013823282234316,7598.738898017847,-1527.6022158647309,0.0002389277549139,0.3360061550930239,0.967638723926469,0.0917818606852859,0.17258189382413,0.0065077746085004,0.0181168243543595,0.0002757294802217,1.4757811839371163e-06,1070518340018895.0,34.7926677485782,13.624099400123848,0.0132165879386811,0.0002697262844628,0.0002202764656446,0.0716754794986351,0.199535501874195,0.0030368357688646,1.6253993163129934e-05,1.1790499817358936e+16,descent,GTF2035_wi,0,43031,1.237,3.16,3.16,5.464291646854727,25.163708571079024,21.892426456838752,0.19116544494512,0.1663139371022544,0.7205293965893121,3.799369449008924,6.507774608500416,1.4757811839371164,1070518340018895.0,116,23.0,1.2554815078412094,6.88008286649932,657.868312754426,894.098360377514,0.0238927754914,0.0133155264643237,0.0699436149047573,3.79929851378348,5.25278629366682,5.251531557022041,23.930851996986554,0.26392961441439194,0.36394219656536025,207247493162580.53
47,3.0779788368626644,50.619049072265625,8397.24,2024-06-07 11:19:00,234.586666464,34610D,233.48948669433597,29.38532257080078,0.146071046590805,220.7131197608568,62570.15407947891,0.2118377523070878,0.1835637213705719,11.013823282234316,7598.738898017847,-1527.6022158647309,0.0002389277549139,0.3360061550930239,0.967638723926469,0.0917818606852859,0.17258189382413,0.0065077746085004,0.0181168243543595,0.0002757294802217,1.4757811839371163e-06,1070518340018895.0,34.7926677485782,13.624099400123848,0.0132165879386811,0.0002697262844628,0.0002202764656446,0.0716754794986351,0.199535501874195,0.0030368357688646,1.6253993163129934e-05,1.1790499817358936e+16,descent,GTF2035_wi,0,43031,1.237,3.16,3.16,5.464291646854727,25.163708571079024,21.892426456838752,0.19116544494512,0.1663139371022544,0.7205293965893121,3.799369449008924,6.507774608500416,1.4757811839371164,1070518340018895.0,116,23.5,1.282802966075483,6.88906817199301,658.415702688091,889.033200175468,0.0238927754914,0.0132540928827215,0.06955417839686,3.79929838270295,5.24775094095902,5.246497407112376,24.47454749870655,0.26523996727814175,0.3550871658465817,199032671673485.0
48,3.0779788368626644,50.619049072265625,8397.24,2024-06-07 11:19:00,234.586666464,34610D,233.48948669433597,29.38532257080078,0.146071046590805,220.7131197608568,62570.15407947891,0.2118377523070878,0.1835637213705719,11.013823282234316,7598.738898017847,-1527.6022158647309,0.0002389277549139,0.3360061550930239,0.967638723926469,0.0917818606852859,0.17258189382413,0.0065077746085004,0.0181168243543595,0.0002757294802217,1.4757811839371163e-06,1070518340018895.0,34.7926677485782,13.624099400123848,0.0132165879386811,0.0002697262844628,0.0002202764656446,0.0716754794986351,0.199535501874195,0.0030368357688646,1.6253993163129934e-05,1.1790499817358936e+16,descent,GTF2035_wi,0,43031,1.237,3.16,3.16,5.464291646854727,25.163708571079024,21.892426456838752,0.19116544494512,0.1663139371022544,0.7205293965893121,3.799369449008924,6.507774608500416,1.4757811839371164,1070518340018895.0,116,24.0,1.3101244243097565,6.89807351052733,658.961296388248,884.018061862409,0.0238927754914,0.0131923448607545,0.0691644699487322,3.79929825588574,5.24277303836164,5.241520693589985,25.01901348372302,0.26654602028254765,0.3469933028161096,191022185912294.94
49,3.0779788368626644,50.619049072265625,8397.24,2024-06-07 11:19:00,234.586666464,34610D,233.48948669433597,29.38532257080078,0.146071046590805,220.7131197608568,62570.15407947891,0.2118377523070878,0.1835637213705719,11.013823282234316,7598.738898017847,-1527.6022158647309,0.0002389277549139,0.3360061550930239,0.967638723926469,0.0917818606852859,0.17258189382413,0.0065077746085004,0.0181168243543595,0.0002757294802217,1.4757811839371163e-06,1070518340018895.0,34.7926677485782,13.624099400123848,0.0132165879386811,0.0002697262844628,0.0002202764656446,0.0716754794986351,0.199535501874195,0.0030368357688646,1.6253993163129934e-05,1.1790499817358936e+16,descent,GTF2035_wi,0,43031,1.237,3.16,3.16,5.464291646854727,25.163708571079024,21.892426456838752,0.19116544494512,0.1663139371022544,0.7205293965893121,3.799369449008924,6.507774608500416,1.4757811839371164,1070518340018895.0,116,24.5,1.3374458825440303,6.90709886495449,659.505081157889,879.052211175862,0.0238927754914,0.0131302849244233,0.0687744954822841,3.79929813315397,5.23785248211624,5.236601312721213,25.564234739180492,0.26784774303326003,0.33959474685211405,183212523282325.2
50,3.0779788368626644,50.619049072265625,8397.24,2024-06-07 11:19:00,234.586666464,34610D,233.48948669433597,29.38532257080078,0.146071046590805,220.7131197608568,62570.15407947891,0.2118377523070878,0.1835637213705719,11.013823282234316,7598.738898017847,-1527.6022158647309,0.0002389277549139,0.3360061550930239,0.967638723926469,0.0917818606852859,0.17258189382413,0.0065077746085004,0.0181168243543595,0.0002757294802217,1.4757811839371163e-06,1070518340018895.0,34.7926677485782,13.624099400123848,0.0132165879386811,0.0002697262844628,0.0002202764656446,0.0716754794986351,0.199535501874195,0.0030368357688646,1.6253993163129934e-05,1.1790499817358936e+16,descent,GTF2035_wi,0,43031,1.237,3.16,3.16,5.464291646854727,25.163708571079024,21.892426456838752,0.19116544494512,0.1663139371022544,0.7205293965893121,3.799369449008924,6.507774608500416,1.4757811839371164,1070518340018895.0,116,25.0,1.364767340778304,6.91614422998677,660.047044342499,874.134929312253,0.0238927754914,0.0130679155701062,0.0683842607574785,3.7992980143862,5.23298917800729,5.231739170313031,26.11019594065178,0.26914510523765056,0.332832306602855,175600224234370.5
