trajectory,season,diurnal,engine,saf_level,water_injection,untrimmed_min_altitude,untrimmed_max_altitude,trimmed_min_altitude,trimmed_max_altitude,fuel_sum,fuel_kg_sum,energy_sum,ei_co2_conservative_sum,ei_co2_optimistic_sum,co2_conservative_sum,co2_optimistic_sum,ei_nox_sum,nox_sum,ei_h2o_sum,h2o_sum,ei_nvpm_mass_sum,nvpm_mass_sum,ei_nvpm_num_sum,nvpm_num_sum,nox_impact_sum,co2_impact_cons_sum,co2_impact_opti_sum,h2o_impact_sum,contrail_atr20_cocip_sum,contrail_atr20_accf_sum,contrail_atr20_accf_cocip_pcfa_sum,climate_non_co2_cocip,climate_total_cons_cocip,climate_total_opti_cocip,climate_non_co2_accf,climate_total_cons_accf,climate_total_opti_accf,climate_non_co2_accf_cocip_pcfa,climate_total_cons_accf_cocip_pcfa,climate_total_opti_accf_cocip_pcfa,accf_sac_pcfa_sum,accf_sac_issr_sum,accf_sac_sac_sum,contrail_formed,contrail_atr20_cocip_sum_relative_change,contrail_atr20_accf_sum_relative_change,contrail_atr20_accf_cocip_pcfa_sum_relative_change,nox_impact_sum_relative_change,co2_impact_cons_sum_relative_change,co2_impact_opti_sum_relative_change,h2o_impact_sum_relative_change,climate_non_co2_cocip_relative_change,climate_non_co2_accf_relative_change,climate_non_co2_accf_cocip_pcfa_relative_change,climate_total_cons_cocip_relative_change,climate_total_opti_cocip_relative_change,climate_total_cons_accf_relative_change,climate_total_opti_accf_relative_change,climate_total_cons_accf_cocip_pcfa_relative_change,climate_total_opti_accf_cocip_pcfa_relative_change,engine_display,season_astro
bos_fll,2023-05-05,daytime,GTF1990,0,0,518.1600000000001,11459.633333333337,701.0400000000001,11459.633333333337,99.22470275088148,5953.482165052888,256184291.0443909,650.25,650.25,22772.069281327294,22772.069281327294,1.8451559623634872,72.48632436052617,210.29,7364.457438170424,0.0087055712225749,0.3353170725262163,9.935435146373522e+17,3.4902993382525567e+19,6.415803631876919e-11,3.425144069445439e-12,3.425144069445439e-12,2.240123059809746e-12,-2.7388233371297367e-12,5.5107745293304915e-11,5.5107745293304915e-11,6.365933604144919e-11,6.708448011089464e-11,6.708448011089464e-11,1.2150590467188383e-10,1.2493104874132928e-10,1.2493104874132928e-10,1.2150590467188383e-10,1.2493104874132928e-10,1.2493104874132928e-10,27.59445811976201,30.181716571604497,104.27326998185464,True,0.0,0.0,0.0,0.0,0.0,0.0,0.0,0.0,0.0,0.0,0.0,0.0,0.0,0.0,0.0,0.0,CFM1990,spring
bos_fll,2023-05-05,daytime,GTF2000,0,0,518.1600000000001,11459.633333333337,701.0400000000001,11459.633333333337,99.22470275088148,5953.482165052888,256184291.0443909,650.25,650.25,22772.069281327294,22772.069281327294,1.8517241473518544,72.82402411145083,210.29,7364.457438170424,0.0018726177029034,0.0848265064619946,9.456033402716422e+16,3.741762306773067e+18,6.416127468627943e-11,3.425144069445439e-12,3.425144069445439e-12,2.240123059809746e-12,3.224718104416256e-13,5.5107745293304915e-11,1.7211250664401568e-11,6.67238695565308e-11,7.014901362597622e-11,7.014901362597622e-11,1.215091430393941e-10,1.2493428710883952e-10,1.2493428710883952e-10,8.361264841049073e-11,8.703779247993617e-11,8.703779247993617e-11,27.59445811976201,30.181716571604497,104.27326998185464,True,-0.8822589956533767,0.0,-0.6876800062714129,5.047485390841727e-05,0.0,0.0,0.0,0.04813957709339381,2.665193530315736e-05,-0.31186349637674443,0.04568170626075843,0.04568170626075843,2.592123849809241e-05,2.592123849809241e-05,-0.30331336079513266,-0.30331336079513266,CFM2008,spring
bos_fll,2023-05-05,daytime,GTF,0,0,518.1600000000001,11459.633333333337,701.0400000000001,11459.633333333337,81.45265626139935,4887.15937568396,210299355.09505653,650.25,650.25,18693.38461199115,18693.38461199115,1.966503142460141,60.88641942168286,210.29,6045.41614772106,0.001174947043742,0.0431217983511887,1.0707470216775331e+17,3.196336913400101e+18,5.725716615318747e-11,2.8194446710467373e-12,2.8194446710467373e-12,1.8548295794436347e-12,3.344693081093128e-13,7.116959683912536e-11,2.1868611630090263e-11,5.944646504074041e-11,6.226590971178715e-11,6.226590971178715e-11,1.3028159257175647e-10,1.3310103724280319e-10,1.3310103724280319e-10,8.098060736272137e-11,8.380005203376811e-11,8.380005203376811e-11,30.16828008406879,30.181716571604497,112.42179346233291,True,-0.8778784656991299,0.2914626875103128,-0.6031662788289199,-0.1075604953258661,-0.17683910110583168,-0.17683910110583168,-0.17199656897368584,-0.06617836852658561,0.07222437398059484,-0.33352533293421016,-0.07182839296275541,-0.07182839296275541,0.06539598109345846,0.06539598109345846,-0.329229580011957,-0.329229580011957,GTF,spring
bos_fll,2023-05-05,daytime,GTF2035,0,0,518.1600000000001,11459.633333333337,701.0400000000001,11459.633333333337,74.85222155040944,4491.133293024565,193257956.7321401,650.25,650.25,17178.584845818965,17178.584845818965,2.300556208439668,65.58060160748157,210.29,5555.531883471388,0.0011982557572154,0.0404743073782835,1.0493057707109283e+17,2.9278017550142e+18,6.179166676352298e-11,2.5979647317523528e-12,2.5979647317523528e-12,1.708930831555882e-12,3.359851290766225e-13,7.116959683912536e-11,2.1855945913725788e-11,6.383658272415549e-11,6.643454745590784e-11,6.643454745590784e-11,1.3467019443420422e-10,1.3726815916595659e-10,1.3726815916595659e-10,8.535654350880464e-11,8.7954508240557e-11,8.7954508240557e-11,30.16828008406879,30.181716571604497,117.01926457116068,True,-0.8773250086919692,0.2914626875103128,-0.603396114332025,-0.03688344735940638,-0.24150205682501813,-0.24150205682501813,-0.23712636050404212,0.002784299895790505,0.10834279863081074,-0.29751114779728116,-0.00968827147370639,-0.00968827147370639,0.09875135563915251,0.09875135563915251,-0.29597558712032024,-0.29597558712032024,GTF2035,spring
bos_fll,2023-05-05,daytime,GTF2035,20,0,518.1600000000001,11459.633333333337,701.0400000000001,11459.633333333337,74.48081029766553,4468.848617859931,193255358.4793527,637.5,528.0029999999999,16758.182316974744,13879.79692221116,2.300476767165061,65.25287626000144,214.88,5648.624652974953,0.0009656397540893,0.0332148735010952,8.538559449102517e+16,2.458335652762063e+18,6.14829845965805e-11,2.534393498921997e-12,2.0990860715471557e-12,1.737570403976475e-12,3.109652425146905e-13,7.116959683912536e-11,2.1813124164804758e-11,6.353152024307166e-11,6.606591374199367e-11,6.563060631461883e-11,1.3439015183968234e-10,1.3692454533860433e-10,1.3648923791122948e-10,8.503367916536174e-11,8.756807266428374e-11,8.71327652369089e-11,30.16828008406879,30.181716571604497,118.8561097699628,True,-0.8864602771931325,0.2914626875103128,-0.6041731693302492,-0.0416947256443089,-0.2600622200010589,-0.3871539330936768,-0.22434153946701157,-0.0020078091655606482,0.10603803331691004,-0.30016833836192713,-0.015183338489278258,-0.02167228237995543,0.09600092785667456,0.0925165464177886,-0.2990687779657231,-0.3025531594046091,GTF2035 - 20,spring
bos_fll,2023-05-05,daytime,GTF2035,100,0,518.1600000000001,11459.633333333337,701.0400000000001,11459.633333333337,73.03109068343615,4381.865441006169,193244647.8138131,585.2249999999999,39.015,15084.571780663737,1005.6381187109158,2.300158388038609,63.97370837198216,232.9000000000001,6003.155654178452,0.0004682981452875,0.0176285068607169,4.595813566316088e+16,1.4994143842261284e+18,6.027772424469275e-11,2.2813094890217613e-12,1.5208729926811746e-13,1.846639348632611e-12,2.2050398469885365e-13,7.116959683912536e-11,2.180830095536712e-11,6.234486757802421e-11,6.462617706704597e-11,6.249695487729233e-11,1.3329396043245072e-10,1.3557526992147247e-10,1.3344604773171884e-10,8.393266454869245e-11,8.621397403771423e-11,8.408475184796057e-11,30.16828008406879,30.181716571604497,133.45811832991652,True,-0.9194895188347781,0.2914626875103128,-0.604260692588767,-0.06048053052617,-0.33395225346210755,-0.9555968168974739,-0.1756527211547715,-0.02064847900030117,0.09701632025537785,-0.3092297466913617,-0.03664488477491289,-0.0683843003034213,0.08520076704216366,0.06815758833514582,-0.3099075457517295,-0.32695072445874757,GTF2035 - 100,spring
bos_fll,2023-05-05,daytime,GTF2035_wi,0,15,693.4200000000001,11459.633333333337,701.0400000000001,11459.633333333337,66.13823078981967,3968.293847389181,170759652.54700384,650.25,650.25,15178.723966263617,15178.723966263617,0.1792291994416116,5.068851896892835,210.29,4908.7794892204165,0.0009486764553733,0.0303480239569137,6.964263234372466e+16,2.042090974138791e+18,4.430023759744744e-12,2.37997137278167e-12,2.37997137278167e-12,1.5665420421756064e-12,2.7164853305586005e-13,7.116959683912536e-11,2.180830095536712e-11,6.26821433497621e-12,8.64818570775788e-12,8.64818570775788e-12,7.716616264104569e-11,7.954613401382736e-11,7.954613401382736e-11,2.7804866757287465e-11,3.018483813006914e-11,3.018483813006914e-11,30.16828008406879,30.181716571604497,127.5852313044208,True,-0.900815605967289,0.2914626875103128,-0.604260692588767,-0.9309513817141447,-0.3051470757062174,-0.3051470757062174,-0.3006892923513527,-0.9015350343758703,-0.3649184140521711,-0.7711644809989102,-0.8710851497475732,-0.8710851497475732,-0.36327970656415237,-0.36327970656415237,-0.7583880193580453,-0.7583880193580453,GTF2035WI,spring
bos_fll,2023-05-05,daytime,GTF2035_wi,20,15,693.4200000000001,11459.633333333337,701.0400000000001,11459.633333333337,65.81044834991148,3948.6269009946895,170758370.33351535,637.5,528.0029999999999,14807.350878730083,12264.040291799409,0.1792199960257237,5.043441255481894,214.88,4991.064402857287,0.0007676529958464,0.0249727186289638,5.829793537859298e+16,1.7384326962019026e+18,4.4078059044769495e-12,2.3217442470592907e-12,1.922961455184387e-12,1.5927976428303386e-12,2.518855636842568e-13,7.116959683912536e-11,2.180830095536712e-11,6.252489110991545e-12,8.574233358050834e-12,8.175450566175929e-12,7.717020038643264e-11,7.949194463349193e-11,7.909316184161701e-11,2.7808904502674404e-11,3.01306487497337e-11,2.9731865957858794e-11,30.16828008406879,30.181716571604497,133.10402094053222,True,-0.9080314672839649,0.2914626875103128,-0.604260692588767,-0.9312976805808587,-0.3221469812698414,-0.4385750157669335,-0.2889686859588797,-0.9017820558649796,-0.36488518319480784,-0.771131250141547,-0.8721875261777818,-0.878132012759711,-0.3637134608700786,-0.36690548395715444,-0.7588217736639717,-0.7620137967510474,GTF2035WI - 20,spring
bos_fll,2023-05-05,daytime,GTF2035_wi,100,15,693.4200000000001,11459.633333333337,701.0400000000001,11459.633333333337,64.53249699596016,3871.9498197576095,170756859.00113034,585.2249999999999,39.015,13329.187254515571,888.6124836343715,0.1791805704003095,4.944404181534319,232.9000000000001,5304.571253067926,0.0003783929523648,0.0134021767161627,3.520594691915381e+16,1.1133329473162956e+18,4.321192796977551e-12,2.089982528744576e-12,1.3933216858297178e-13,1.692856263736823e-12,5.6837439044361455e-14,7.116959683912536e-11,2.180830095536712e-11,6.070886499758736e-12,8.160869028503311e-12,6.210218668341707e-12,7.718364589983972e-11,7.92736284285843e-11,7.732297806842271e-11,2.782235001608149e-11,2.9912332544826064e-11,2.7961682184664457e-11,30.16828008406879,30.181716571604497,133.67907930447603,True,-0.9792474971737584,0.2914626875103128,-0.604260692588767,-0.9326476768162337,-0.3898117899948767,-0.9593207859996584,-0.24430211263456317,-0.9046347813648901,-0.36477452591075743,-0.7710205928574966,-0.8783493735807015,-0.9074268942969247,-0.36546095444439136,-0.3810747700636009,-0.7605692672382846,-0.7761830828574942,GTF2035WI - 100,spring
dus_tos,2023-05-05,daytime,GTF1990,0,0,990.6,11041.38,990.6,11041.38,100.1229404605406,6007.376427632437,258503415.05745143,657.9,657.9,22978.214835694074,22978.214835694074,1.786012918195818,69.01725382504887,212.764,7431.124640981326,0.0096697523580958,0.359600832445704,1.20304968997175e+18,4.246741270232984e+19,5.2684228257928806e-11,3.435499777865153e-12,3.435499777865153e-12,2.650276657066684e-12,-5.4474994766246425e-11,2.0166438661159795e-11,2.0166438661159795e-11,8.595101487490645e-13,4.295009926614218e-12,4.295009926614218e-12,7.550094357615529e-11,7.893644335402044e-11,7.893644335402044e-11,7.550094357615529e-11,7.893644335402044e-11,7.893644335402044e-11,47.20677929826682,47.20677929826682,154.87404005560282,True,0.0,0.0,0.0,0.0,0.0,0.0,0.0,0.0,0.0,0.0,0.0,0.0,0.0,0.0,0.0,0.0,CFM1990,spring
dus_tos,2023-05-05,daytime,GTF2000,0,0,990.6,11041.38,990.6,11041.38,100.1229404605406,6007.376427632437,258503415.05745143,657.9,657.9,22978.214835694074,22978.214835694074,1.7884126632181645,69.20278884065301,212.764,7431.124640981326,0.0016899870700055,0.0715261836114437,9.912107268544112e+16,3.774982893784973e+18,5.2684455579570894e-11,3.435499777865153e-12,3.435499777865153e-12,2.650276657066684e-12,-1.5375900879031548e-11,2.0166438661159795e-11,6.296621429245392e-12,3.9958831357606025e-11,4.339433113547119e-11,4.339433113547119e-11,7.550117089779737e-11,7.893667067566252e-11,7.893667067566252e-11,6.163135366588298e-11,6.506685344374812e-11,6.506685344374812e-11,47.20677929826682,47.20677929826682,154.87404005560282,True,-0.7177438759744736,0.0,-0.6877673080982527,4.314794951050908e-06,0.0,0.0,0.0,45.49023797538902,3.0108450479373238e-06,-0.18370088178146438,9.103429765453232,9.103429765453232,2.8798059859544502e-06,2.8798059859544502e-06,-0.1757057870984746,-0.1757057870984746,CFM2008,spring
dus_tos,2023-05-05,daytime,GTF,0,0,990.6,11041.38,990.6,11041.38,84.92081426882595,5095.248856129558,219253653.52811095,657.9,657.9,19489.32687469556,19489.32687469556,2.0104437141695684,62.24462460675269,212.764,6302.822835032263,0.0011466954537582,0.0398070156110573,1.057715342454778e+17,3.1399047899411333e+18,4.93363690757276e-11,2.8776835419030658e-12,2.8776835419030658e-12,2.228358004418777e-12,-1.1790758514371163e-11,2.0166438661159795e-11,6.210505257140329e-12,3.977396856577521e-11,4.265165210767828e-11,4.265165210767828e-11,7.173116574130616e-11,7.460884928320922e-11,7.460884928320922e-11,5.7775232337286695e-11,6.065291587918976e-11,6.065291587918976e-11,47.20677929826682,47.20677929826682,154.87404005560282,True,-0.783556500281173,0.0,-0.6920375797883613,-0.0635457572959202,-0.16236829341573078,-0.16236829341573078,-0.1591979658134577,45.27515873275312,-0.049930208237022634,-0.23477469815975557,8.930513045705773,8.930513045705773,-0.05482377830734631,-0.05482377830734631,-0.23162340102949985,-0.23162340102949985,GTF,spring
dus_tos,2023-05-05,daytime,GTF2035,0,0,990.6,11041.38,990.6,11041.38,78.09457405211612,4685.674443126967,201629256.96219653,657.9,657.9,17922.70474496065,17922.70474496065,2.350608170945571,66.93766883199758,212.764,5796.179286148059,0.0011757863970682,0.0375239247320603,1.0335025556996435e+17,2.8794820030008566e+18,5.321405673374067e-11,2.651402121598999e-12,2.651402121598999e-12,2.052552551679841e-12,-1.1043144389955488e-11,2.0166438661159795e-11,6.179545522994261e-12,4.422346489546502e-11,4.687486701706402e-11,4.687486701706402e-11,7.543304794658031e-11,7.808445006817929e-11,7.808445006817929e-11,6.144615480841476e-11,6.409755693001376e-11,6.409755693001376e-11,47.20677929826682,47.20677929826682,154.87404005560282,True,-0.7972804873622862,0.0,-0.6935727905742745,0.010056680971351673,-0.228233941774084,-0.228233941774084,-0.22553272081730577,50.4519403404696,-0.0008992686231331516,-0.18615381612501214,9.913797131550696,9.913797131550696,-0.010793408591011145,-0.010793408591011145,-0.1879852422214675,-0.1879852422214675,GTF2035,spring
dus_tos,2023-05-05,daytime,GTF2035,20,0,990.6,11041.38,990.6,11041.38,77.70722770995133,4662.433662597079,201626943.7390107,645.0,534.2148,17484.12623473905,14481.052712660268,2.350527947506781,66.6032400910216,217.408,5893.316149522709,0.0009343501707936,0.0301241610105458,8.364503964196128e+16,2.382265150368637e+18,5.294820437204071e-11,2.5865258259777044e-12,2.1422641501077736e-12,2.0869545203231684e-12,-8.994802924652315e-12,2.0166438661159795e-11,6.179545522994261e-12,4.6040355967711556e-11,4.862688179368927e-11,4.818262011781934e-11,7.520159755352367e-11,7.778812337950137e-11,7.734386170363143e-11,6.121470441535814e-11,6.380123024133584e-11,6.335696856546591e-11,47.20677929826682,47.20677929826682,154.9783962145635,True,-0.834881986437094,0.0,-0.6935727905742745,0.005010533946127972,-0.2471180342835032,-0.3764330407149688,-0.21255220100945926,52.5658084255537,-0.003964798431024656,-0.1892193459329035,10.321715810799565,10.218279105539107,-0.014547399473890528,-0.020175492874013476,-0.1917392331043469,-0.1973673265044697,GTF2035 - 20,spring
dus_tos,2023-05-05,daytime,GTF2035,100,0,990.6,11041.38,990.6,11041.38,76.19492456699152,4571.695474019491,201616342.09973356,592.1099999999999,39.474,15738.061669312096,1049.2041112874729,2.350216082430945,65.29778859959407,235.64000000000007,6263.222799406702,0.0004192277172187,0.0143435889653643,4.418725600030781e+16,1.3754526860817329e+18,5.1910733943082706e-11,2.3282492556123416e-12,1.552166170408228e-13,2.2179708318177456e-12,-4.822652954358044e-12,2.0166438661159795e-11,6.179545522994261e-12,4.9306051820542414e-11,5.1634301076154747e-11,4.9461268437583234e-11,7.429514343606024e-11,7.662339269167259e-11,7.445036005310108e-11,6.030825029789472e-11,6.263649955350706e-11,6.046346691493555e-11,47.20677929826682,47.20677929826682,156.2068181366664,True,-0.9114703365268383,0.0,-0.6935727905742745,-0.014681705330469412,-0.3222967817919248,-0.954819785452795,-0.1631172444190837,56.36529335029108,-0.015970663186199788,-0.20122521068807844,11.021928227965326,10.51598466189666,-0.029302696752805203,-0.05683158640426471,-0.20649453038326157,-0.23402342003472107,GTF2035 - 100,spring
dus_tos,2023-05-05,daytime,GTF2035_wi,0,15,990.6,11041.38,990.6,11041.38,71.44232657258362,4286.539594355018,184454085.2846908,654.075,654.075,16396.01394840794,16396.01394840794,0.1849095197540934,4.88533210089231,211.527,5302.449478217158,0.0009417734751532,0.0278762026493465,8.044993512322038e+16,2.1207567316646303e+18,3.70106376434371e-12,2.425275280104964e-12,2.425275280104964e-12,1.877731747971465e-12,-8.194038227456509e-12,2.0166438661159795e-11,6.179545522994261e-12,-2.615242715141333e-12,-1.8996743503636978e-13,-1.8996743503636978e-13,2.5745234173474967e-11,2.817050945357993e-11,2.817050945357993e-11,1.1758341035309436e-11,1.41836163154144e-11,1.41836163154144e-11,47.20677929826682,47.20677929826682,155.83188906195767,True,-0.8495816610425144,0.0,-0.6935727905742745,-0.9297500620826364,-0.2940545955697748,-0.2940545955697748,-0.29149594893624003,2.042713013857452,-0.6590077824986835,-0.8442623300005624,-0.9557701988395351,-0.9557701988395351,-0.6431241609501128,-0.6431241609501128,-0.8203159945805693,-0.8203159945805693,GTF2035WI,spring
dus_tos,2023-05-05,daytime,GTF2035_wi,20,15,990.6,11041.38,990.6,11041.38,71.08886480342844,4265.331888205706,184454277.50545576,641.25,531.1089,15994.994580771396,13247.694311578103,0.1848995920605389,4.860889465143956,216.14399999999995,5391.379506692012,0.0007492140255177,0.0224021630619491,6.545676718901112e+16,1.7589734381267812e+18,3.682536175318623e-12,2.36596184813946e-12,1.9595842411030267e-12,1.9092277612261623e-12,-6.733005248270144e-12,2.0166438661159795e-11,6.179545522994261e-12,-1.1412413117253585e-12,1.2247205364141016e-12,8.183429293776684e-13,2.575820259770458e-11,2.8124164445844038e-11,2.771778683880761e-11,1.1771309459539048e-11,1.4137271307678508e-11,1.3730893700642071e-11,47.20677929826682,47.20677929826682,155.85982755453486,True,-0.8764019110573275,0.0,-0.6935727905742745,-0.9301017344832339,-0.3113194582682559,-0.42960722811610014,-0.2796119015969871,0.3277810778457089,-0.658836017437012,-0.8440905649388908,-0.7148503595241847,-0.8094665802035124,-0.6437112789626136,-0.6488594410759467,-0.8209031125930699,-0.8260512747064032,GTF2035WI - 20,spring
dus_tos,2023-05-05,daytime,GTF2035_wi,100,15,990.6,11041.38,990.6,11041.38,69.70856891435496,4182.514134861298,184453055.86151809,588.6675,39.2445,14398.304909260016,959.8869939506676,0.1848608459104158,4.7654726711670286,234.27000000000007,5730.044364759978,0.0003377499813083,0.0107214129035412,3.531740762445416e+16,1.0250928495429756e+18,3.6102142091134315e-12,2.1297919804353443e-12,1.4198613202902296e-13,2.029156912000269e-12,-3.511922184826479e-12,2.0166438661159795e-11,6.179545522994261e-12,2.1274489362872203e-12,4.257240916722565e-12,2.2694350683162438e-12,2.580580978227349e-11,2.793560176270884e-11,2.594779591430252e-11,1.181891664410796e-11,1.3948708624543304e-11,1.1960902776136984e-11,47.20677929826682,47.20677929826682,156.16123127893798,True,-0.9355314819231058,0.0,-0.6935727905742745,-0.9314744786345028,-0.3800634207117271,-0.9586708947141152,-0.23436034249868382,1.4751876861297337,-0.6582054665814338,-0.8434600140833125,-0.008793695599541181,-0.47161121694886204,-0.64610007018658,-0.6712824291065436,-0.8232919038170364,-0.848474262737,GTF2035WI - 100,spring
dus_tos,2023-05-05,nighttime,GTF1990,0,0,990.6,11041.38,990.6,11041.38,106.22068035202548,6373.240821121528,274246925.77368045,657.9,657.9,24377.64614078985,24377.64614078985,1.9141047503441435,77.06403732303612,212.764,7883.698895727332,0.0097903362087068,0.3739231537208893,1.181144480482067e+18,4.171545122719298e+19,5.538714280101679e-11,3.491865571094206e-12,3.491865571094206e-12,2.581493717454768e-12,4.5818608196932e-11,1.1299534994845027e-10,1.1299534994845027e-10,1.0378724471540355e-10,1.0727911028649776e-10,1.0727911028649776e-10,1.7096398646692183e-10,1.7445585203801603e-10,1.7445585203801603e-10,1.7096398646692183e-10,1.7445585203801603e-10,1.7445585203801603e-10,41.98944561232859,41.98944561232859,151.5948987967097,True,0.0,0.0,0.0,0.0,0.0,0.0,0.0,0.0,0.0,0.0,0.0,0.0,0.0,0.0,0.0,0.0,CFM1990,spring
dus_tos,2023-05-05,nighttime,GTF2000,0,0,990.6,11041.38,990.6,11041.38,106.22068035202548,6373.240821121528,274246925.77368045,657.9,657.9,24377.64614078985,24377.64614078985,1.9150717182049248,77.1421856910891,212.764,7883.698895727332,0.0018619056155307,0.0841442934110587,1.031706369097538e+17,4.04376106752999e+18,5.5387260732454206e-11,3.491865571094206e-12,3.491865571094206e-12,2.581493717454768e-12,2.822544493542813e-11,1.1299534994845027e-10,3.462774715045211e-11,8.61941993853371e-11,8.968606495643131e-11,8.968606495643131e-11,1.7096410439835926e-10,1.7445596996945346e-10,1.7445596996945346e-10,9.259650160036107e-11,9.608836717145528e-11,9.608836717145528e-11,41.98944561232859,41.98944561232859,151.5948987967097,True,-0.3839741963764387,0.0,-0.6935471489202903,2.129220455307731e-06,0.0,0.0,0.0,-0.16951066943060858,6.898028050789501e-07,-0.45838592376133747,-0.16399320690750288,-0.16399320690750288,6.759958812196432e-07,6.759958812196432e-07,-0.4492109834726755,-0.4492109834726755,CFM2008,spring
dus_tos,2023-05-05,nighttime,GTF,0,0,990.6,11041.38,990.6,11041.38,87.34093997245571,5240.456398347344,225502079.27728453,657.9,657.9,20044.745723678585,20044.745723678585,2.050922582610899,65.35254367127409,212.764,6482.444564755663,0.001204651384984,0.0431636442831307,1.0406714642380688e+17,3.2289996719585034e+18,5.152853886819559e-11,2.93593729852108e-12,2.93593729852108e-12,2.18189821283193e-12,2.1117547924421238e-11,1.1299534994845027e-10,3.462484976278691e-11,7.482798500544878e-11,7.776392230396985e-11,7.776392230396985e-11,1.6670578702947779e-10,1.6964172432799886e-10,1.6964172432799886e-10,8.833528684381445e-11,9.127122414233552e-11,9.127122414233552e-11,41.98944561232859,41.98944561232859,151.5948987967097,True,-0.5391054256022717,0.0,-0.6935727905742746,-0.06966605854148455,-0.15920666510621742,-0.15920666510621742,-0.15479235991200493,-0.27902522886472575,-0.024906996645565012,-0.4833105575664288,-0.2751252122030575,-0.2751252122030575,-0.027595105889414988,-0.027595105889414988,-0.47682337350055515,-0.47682337350055515,GTF,spring
dus_tos,2023-05-05,nighttime,GTF2035,0,0,990.6,11041.38,990.6,11041.38,80.35308115150015,4821.184869090009,207460406.10181212,657.9,657.9,18441.032124269284,18441.032124269284,2.3983650094505338,70.34631381571229,212.764,5963.805683064342,0.0012325880442677,0.0405858326420834,1.0194537332856042e+17,2.962348244512294e+18,5.5610502189398305e-11,2.7062182592650585e-12,2.7062182592650585e-12,2.010925871875568e-12,2.0381919190979545e-11,1.1299534994845027e-10,3.462484976278691e-11,7.800334725225342e-11,8.070956551151849e-11,8.070956551151849e-11,1.7061677800972414e-10,1.7332299626898918e-10,1.7332299626898918e-10,9.224627782406078e-11,9.495249608332583e-11,9.495249608332583e-11,41.98944561232859,41.98944561232859,151.5948987967097,True,-0.5551606652175805,0.0,-0.6935727905742746,0.00403269381820165,-0.2249935731583613,-0.2249935731583613,-0.22102236457958668,-0.24843031081374703,-0.0020308865298064647,-0.4604344474506704,-0.24766746017955502,-0.24766746017955502,-0.006493653011880509,-0.006493653011880509,-0.45572192062302075,-0.45572192062302075,GTF2035,spring
dus_tos,2023-05-05,nighttime,GTF2035,20,0,990.6,11041.38,990.6,11041.38,79.95444669989448,4797.266801993668,207457802.85221615,645.0,534.2148,17989.75050747626,14899.830960312134,2.398286647968038,69.99485194318692,217.408,6063.745237719997,0.0009885774686554,0.0329743726006602,8.3479180167091e+16,2.47560101499151e+18,5.5332719247110667e-11,2.6399974253010697e-12,2.1865514675313586e-12,2.0446278116980903e-12,1.7961657063571953e-11,1.1299534994845027e-10,3.462484976278691e-11,7.53390041223807e-11,7.797900154768179e-11,7.752555558991208e-11,1.7037269700725903e-10,1.730126944325601e-10,1.7255924847479038e-10,9.200219682159565e-11,9.464219424689674e-11,9.418874828912704e-11,41.98944561232859,41.98944561232859,151.5948987967097,True,-0.6079833550078315,0.0,-0.6935727905742746,-0.0009826026610841388,-0.24395788682271521,-0.3738156801820455,-0.20796715565358898,-0.2741015109422277,-0.003458561489364923,-0.46186212241022895,-0.2731203554966815,-0.27734714258094,-0.008272337033104841,-0.010871538793736516,-0.4575006046442451,-0.4600998064048767,GTF2035 - 20,spring
dus_tos,2023-05-05,nighttime,GTF2035,100,0,990.6,11041.38,990.6,11041.38,78.39870742269616,4703.92244536177,207447683.7628994,592.1099999999999,39.474,16193.253018157897,1079.5502012105262,2.397981383744476,68.62344168337455,235.64000000000007,6444.373750145625,0.0004662104510677,0.0166743492134948,4.627734732380285e+16,1.48456239629084e+18,5.4248900419742616e-11,2.3763789594688667e-12,1.5842526396459118e-13,2.172987186292805e-12,1.1529616508651118e-11,1.1299534994845027e-10,3.462484976278691e-11,6.795150411468655e-11,7.03278830741554e-11,6.810992937865114e-11,1.6941723755448568e-10,1.7179361651395456e-10,1.6957566281845028e-10,9.104673736882233e-11,9.34231163282912e-11,9.120516263278694e-11,41.98944561232859,41.98944561232859,152.14213633972108,True,-0.7483638861508862,0.0,-0.6935727905742746,-0.020550660743837497,-0.319452908170171,-0.9546301938780113,-0.15824424766167217,-0.34528077798945994,-0.009047220671444822,-0.46745078159230874,-0.34444009755171384,-0.3651147068916033,-0.015260224824566683,-0.02797377767816179,-0.464488492435707,-0.477202045289302,GTF2035 - 100,spring
dus_tos,2023-05-05,nighttime,GTF2035_wi,0,15,990.6,11041.38,990.6,11041.38,73.53571685576769,4412.143011346063,189858925.9212324,654.075,654.075,16876.447018398685,16876.447018398685,0.189262797518467,5.160923254161517,211.527,5457.820905035079,0.0009890150134792,0.0302305730541599,8.007794027020765e+16,2.18944048672823e+18,3.862149640474035e-12,2.4752412082173347e-12,2.4752412082173347e-12,1.839858188162844e-12,1.690020185712659e-11,1.1299534994845027e-10,3.462484976278691e-11,2.260220968576347e-11,2.5077450893980805e-11,2.5077450893980805e-11,1.1869735777708716e-10,1.2117259898530448e-10,1.2117259898530448e-10,4.0326857591423785e-11,4.280209879964112e-11,4.280209879964112e-11,41.98944561232859,41.98944561232859,151.7133207136876,True,-0.6311498205164114,0.0,-0.6935727905742746,-0.9302699246583426,-0.2911407504608785,-0.2911407504608785,-0.28728930242105805,-0.7822255543275929,-0.30571718506310824,-0.7641207459839722,-0.7662410619643527,-0.7662410619643527,-0.30542542672114253,-0.30542542672114253,-0.7546536943322829,-0.7546536943322829,GTF2035WI,spring
dus_tos,2023-05-05,nighttime,GTF2035_wi,20,15,990.6,11041.38,990.6,11041.38,73.17164303567311,4390.298582140387,189858462.18466103,641.25,531.1089,16463.619683026453,13635.828366269829,0.1892522573404492,5.135075003992435,216.14399999999995,5549.337407825449,0.0007940322782426,0.024593052664716,6.584634482974192e+16,1.8337524568214413e+18,3.842806169964161e-12,2.4146964418816534e-12,1.999948181024061e-12,1.8707087755066347e-12,1.463868550729896e-11,1.1299534994845027e-10,3.462484976278691e-11,2.0352200452769754e-11,2.276689689465141e-11,2.2352148633793816e-11,1.1870886489392107e-10,1.211235613358027e-10,1.2070881307494514e-10,4.033836470825771e-11,4.275306115013936e-11,4.2338312889281766e-11,41.98944561232859,41.98944561232859,152.14213633972108,True,-0.6805078529583279,0.0,-0.6935727905742746,-0.9306191658275318,-0.3084795526292303,-0.42725510466963357,-0.27533862939203047,-0.8039046078487023,-0.3056498778069327,-0.7640534387277967,-0.7877788431144653,-0.791644910420113,-0.305706515884555,-0.3080838982194691,-0.7549347834956952,-0.7573121658306096,GTF2035WI - 20,spring
dus_tos,2023-05-05,nighttime,GTF2035_wi,100,15,990.6,11041.38,990.6,11041.38,71.75080833733564,4305.048500240138,189856943.90909037,588.6675,39.2445,14820.129462076677,988.0086308051118,0.1892130054565372,5.034267371761002,234.27000000000007,5897.9164453289895,0.0003761703212017,0.012513278537061,3.709390054298132e+16,1.108498943996425e+18,3.767313232058717e-12,2.1736592402595224e-12,1.449106160173015e-13,1.9882208836723787e-12,9.190719566231511e-12,1.1299534994845027e-10,3.462484976278691e-11,1.4946253681962606e-11,1.711991292222213e-11,1.5091164297979908e-11,1.1875088406418138e-10,1.2092454330444088e-10,1.1889579468019867e-10,4.0380383878518e-11,4.2554043118777525e-11,4.0525294494535305e-11,41.98944561232859,41.98944561232859,152.8778923218648,True,-0.7994107650164957,0.0,-0.6935727905742746,-0.9319821705627039,-0.3775077545214927,-0.9585005169680995,-0.22981765548022662,-0.855991420497317,-0.30540409990289186,-0.763807660823756,-0.8404170870125416,-0.8593280252075385,-0.30684730897940893,-0.3184763176973287,-0.7560755765905492,-0.767704585308469,GTF2035WI - 100,spring
gru_lim,2023-11-06,nighttime,GTF1990,0,0,1544.3200000000002,12374.88,1844.04,12374.88,176.85600389236765,10611.36023354206,456617442.2095484,998.325,998.325,40588.45289329838,40588.45289329838,3.6129040488898623,160.16175404385842,322.8570000000001,13126.25260889153,0.0123763756755977,0.5310923550136444,9.497017498169148e+17,3.803987866014473e+19,2.5672523961042233e-10,7.297135085791897e-12,7.297135085791897e-12,2.2059512465776887e-12,5.770922718791339e-11,1.5003471501148063e-10,1.5003471501148063e-10,3.166404180449134e-10,3.239375531307053e-10,3.239375531307053e-10,4.089659058684807e-10,4.162630409542725e-10,4.162630409542725e-10,4.089659058684807e-10,4.162630409542725e-10,4.162630409542725e-10,37.46380856770279,38.16077592605901,169.18128286958415,True,0.0,0.0,0.0,0.0,0.0,0.0,0.0,0.0,0.0,0.0,0.0,0.0,0.0,0.0,0.0,0.0,CFM1990,spring
gru_lim,2023-11-06,nighttime,GTF2000,0,0,1544.3200000000002,12374.88,1844.04,12374.88,176.85600389236765,10611.36023354206,456617442.2095484,998.325,998.325,40588.45289329838,40588.45289329838,3.612951985739708,160.16268596845546,322.8570000000001,13126.25260889153,0.0044638893087112,0.2021860387681833,1.5476601678125482e+17,6.601925398755367e+18,2.567268240149746e-10,7.297135085791897e-12,7.297135085791897e-12,2.2059512465776887e-12,3.486101637315931e-11,1.5003471501148063e-10,5.475153038744724e-11,2.9379379163471155e-10,3.010909267205035e-10,3.010909267205035e-10,4.0896749027303296e-10,4.162646253588248e-10,4.162646253588248e-10,3.1368430564899954e-10,3.2098144073479143e-10,3.2098144073479143e-10,37.46380856770279,38.16077592605901,169.18128286958415,True,-0.39591954230049725,0.0,-0.6350742534268975,6.171596352039776e-06,0.0,0.0,0.0,-0.07215322210369618,3.874172711027281e-06,-0.2329817690233639,-0.07052787239207005,-0.07052787239207005,3.8062580542238657e-06,3.8062580542238657e-06,-0.22889757399804314,-0.22889757399804314,CFM2008,spring
gru_lim,2023-11-06,nighttime,GTF,0,0,1544.3200000000002,12374.88,1844.04,12374.88,146.8478390921432,8810.870345528594,379140561.83844095,998.325,998.325,33701.57907164688,33701.57907164688,3.480733437066859,125.12206251039991,322.8570000000001,10899.046617418871,0.0024923121925915,0.092368318911297,1.6951569824001446e+17,5.690058148697604e+18,2.0666586427104342e-10,6.044214913321932e-12,6.044214913321932e-12,1.8279743762441144e-12,3.2400406257671576e-11,1.5003471501148063e-10,4.961819014217805e-11,2.4089424490495914e-10,2.469384598182811e-10,2.469384598182811e-10,3.585285536587682e-10,3.6457276857209006e-10,3.6457276857209006e-10,2.581120287894656e-10,2.6415624370278746e-10,2.6415624370278746e-10,37.46380856770279,38.16077592605901,192.7091161846539,True,-0.4385576131149871,0.0,-0.6692886033850148,-0.19499202889183567,-0.1717002848021137,-0.1717002848021137,-0.1713441631676889,-0.23921827038900054,-0.12332899023111395,-0.3688666339035318,-0.23769733570024193,-0.23769733570024193,-0.12417694413533274,-0.12417694413533274,-0.3654102869733139,-0.3654102869733139,GTF,spring
gru_lim,2023-11-06,nighttime,GTF2035,0,0,1544.3200000000002,12374.88,1844.04,12374.88,135.74662419215952,8144.797451529574,350478779.136769,998.325,998.325,31153.850252100616,31153.850252100616,4.067464137144597,137.6682840015414,322.8570000000001,10075.11444754208,0.002549094603602,0.0882357010501542,1.6111096731529344e+17,5.275656455939061e+18,2.2779839049813927e-10,5.634852927031125e-12,5.634852927031125e-12,1.7041261928525877e-12,3.129933793741143e-11,1.5003471501148063e-10,4.8713579565266845e-11,2.608018546284033e-10,2.6643670755543447e-10,2.6643670755543447e-10,3.7953723170247246e-10,3.8517208462950364e-10,3.8517208462950364e-10,2.7821609625625876e-10,2.838509491832899e-10,2.838509491832899e-10,37.46380856770279,38.16077592605901,221.04571611450856,True,-0.4576372018378587,0.0,-0.6753179451732935,-0.11267629609063458,-0.22779928550279518,-0.22779928550279518,-0.2274869195335264,-0.17634692299007063,-0.07195874703421415,-0.3197083368956183,-0.17750595761297813,-0.17750595761297813,-0.07469064813799854,-0.07469064813799854,-0.3180971615145828,-0.3180971615145828,GTF2035,spring
gru_lim,2023-11-06,nighttime,GTF2035,20,0,1544.3200000000002,12374.88,1844.04,12374.88,135.07429812271454,8104.457887362872,350477281.33900744,978.75,810.6398999999999,30391.71707761077,25171.63575236035,4.067378076584956,136.98409064647117,329.90399999999994,10244.034769626667,0.0021751412520358,0.0755250546622924,1.4223427569458429e+17,4.686327100062958e+18,2.2666536343382087e-10,5.497011401492152e-12,4.55284472317186e-12,1.7326998392318785e-12,2.917062687726364e-11,1.5003471501148063e-10,4.681635386928593e-11,2.5756869015031643e-10,2.630657015518086e-10,2.621215348734883e-10,3.7843277828453337e-10,3.839297896860256e-10,3.8298562300770524e-10,2.7521441714233874e-10,2.8071142854383085e-10,2.7976726186551056e-10,37.46380856770279,38.16077592605901,221.04571611450856,True,-0.4945240423636598,0.0,-0.6879631899477161,-0.11708968008839718,-0.24668909964469882,-0.3760777798897253,-0.21453393771961737,-0.18655776245917546,-0.07465934726051826,-0.3270480174676348,-0.18791230282070928,-0.19082695926975438,-0.07767504699462084,-0.07994324422912878,-0.32563931714834204,-0.3279075143828499,GTF2035 - 20,spring
gru_lim,2023-11-06,nighttime,GTF2035,100,0,1544.3200000000002,12374.88,1844.04,12374.88,132.44968029130058,7946.980817478034,350469801.03159875,898.4925000000001,59.89949999999999,27357.48146416813,1823.8320976112088,4.067018565614173,134.31207652697887,357.5700000000001,10887.363719944908,0.0013577492969435,0.0476424587107854,1.027065885948583e+17,3.4283013560934195e+18,2.2224250034745719e-10,4.948236258690067e-12,3.2988241724600454e-13,1.841526348776956e-12,2.3555024380787778e-11,1.5003471501148063e-10,4.5974719037952017e-11,2.4763905107702193e-10,2.5258728733571197e-10,2.4796893349426786e-10,3.7411874170771476e-10,3.7906697796640485e-10,3.7444862412496074e-10,2.7005874573418617e-10,2.7500698199287616e-10,2.703886281514321e-10,37.46380856770279,38.16077592605901,221.04571611450856,True,-0.5918326144952928,0.0,-0.6935727905742745,-0.1343176826528327,-0.32189329092664365,-0.9547928860617763,-0.16520079415449507,-0.21791711681641374,-0.08520799328434102,-0.3396546219160031,-0.22025932191382658,-0.23451624827759598,-0.08935711155762616,-0.10045190832569052,-0.339343263907289,-0.3504380606753532,GTF2035 - 100,spring
gru_lim,2023-11-06,nighttime,GTF2035_wi,0,15,1844.04,12374.88,1844.04,12374.88,124.30917501183887,7458.550500710333,320948886.5960664,998.325,998.325,28528.95566521703,28528.95566521703,0.3117624187194272,9.771120660722548,322.8570000000001,9226.226969378684,0.002042131368141,0.0648865366279022,1.2868103657078998e+17,3.8719663215420006e+18,1.5983642575011005e-11,5.157128251958437e-12,5.157128251958437e-12,1.5596392535401234e-12,2.557145092125588e-11,1.5003471501148063e-10,4.604115382428566e-11,4.3114732749807e-11,4.827186100176544e-11,4.827186100176544e-11,1.6757799684003175e-10,1.7273512509199017e-10,1.7273512509199017e-10,6.358443565283679e-11,6.874156390479522e-11,6.874156390479522e-11,37.46380856770279,38.16077592605901,221.04571611450856,True,-0.5568914683610326,0.0,-0.6931299944765277,-0.9377402759492367,-0.2932667147686801,-0.2932667147686801,-0.2929856197140591,-0.8638369257594541,-0.5902396888460352,-0.8445238716958354,-0.8509840537620895,-0.8509840537620895,-0.5850337212354976,-0.5850337212354976,-0.8348602754950166,-0.8348602754950166,GTF2035WI,spring
gru_lim,2023-11-06,nighttime,GTF2035_wi,20,15,1844.04,12374.88,1844.04,12374.88,123.69573666961033,7421.744200176618,320953327.9366379,978.75,810.6398999999999,27831.54075066232,23051.195311328564,0.3117477682885321,9.722456090378394,329.90399999999994,9381.084669023248,0.001742982918692,0.0555636365303742,1.1368581277280704e+17,3.440893406121054e+18,1.5904148602585074e-11,5.031060447349918e-12,4.166925504913096e-12,1.5858177623526354e-12,2.352947612783505e-11,1.5003471501148063e-10,4.5974719037952017e-11,4.101944249277277e-11,4.6050502940122675e-11,4.518636799768586e-11,1.6752468137641835e-10,1.7255574182376827e-10,1.7169160688133144e-10,6.346468540288973e-11,6.849574585023966e-11,6.763161090780283e-11,37.46380856770279,38.16077592605901,221.04571611450856,True,-0.5922753210466999,0.0,-0.6935727905742745,-0.9380499220617364,-0.31054305721353676,-0.42896418170653966,-0.28111839968681446,-0.8704541803410756,-0.5903700553701104,-0.8448166840017727,-0.8578414188319136,-0.860509016132953,-0.5854646585289229,-0.5875405933523842,-0.8354508108785856,-0.8375267457020468,GTF2035WI - 20,spring
gru_lim,2023-11-06,nighttime,GTF2035_wi,100,15,1844.04,12374.88,1844.04,12374.88,121.29732509158464,7277.83950549508,320960000.0318385,898.4925000000001,59.89949999999999,25053.96249766681,1670.2641665111205,0.3116987333543852,9.532615739627843,357.5700000000001,9970.64012252826,0.0010889219154009,0.0351037952900341,8.227139382106118e+16,2.5202814622700887e+18,1.5593552373224813e-11,4.5289846999558055e-12,3.0193231333038713e-13,1.685486310584712e-12,1.862246429795614e-11,1.5003471501148063e-10,4.5974719037952017e-11,3.5901502981765665e-11,4.043048768172147e-11,3.620343529509605e-11,1.6731375369529016e-10,1.7184273839524596e-10,1.6761568600862056e-10,6.325375772176154e-11,6.778274242171735e-11,6.355569003509193e-11,37.46380856770279,38.16077592605901,221.04571611450856,True,-0.6773052559287014,0.0,-0.6935727905742745,-0.9392597611481915,-0.37934755945876636,-0.9586231706305844,-0.2359367355921513,-0.8866174343647018,-0.5908858139653906,-0.8453324425970528,-0.875190488750132,-0.8882394617567283,-0.5871775260150388,-0.5973322886788944,-0.8371636783647015,-0.847318441028557,GTF2035WI - 100,spring
hel_kef,2023-05-05,daytime,GTF1990,0,0,518.1600000000001,9966.96,723.9000000000001,9966.96,125.66806286978893,7540.083772187334,324457344.8009932,749.7,749.7,28840.82042861656,28840.82042861656,2.1442036098860124,87.99442930342504,242.452,9327.083626195734,0.0115984916028376,0.4768809656115033,1.4331777515623224e+18,5.680819712908016e+19,5.2806781549049726e-11,4.609331796918056e-12,4.609331796918056e-12,2.4765881553470746e-12,-2.133118507213044e-10,1.1915423247018102e-10,1.1915423247018102e-10,-1.5802848101690762e-10,-1.5341914921998955e-10,-1.5341914921998955e-10,1.7443760217457786e-10,1.7904693397149592e-10,1.7904693397149592e-10,1.7443760217457786e-10,1.7904693397149592e-10,1.7904693397149592e-10,76.59367082192495,76.59367082192495,168.18772161783764,True,0.0,0.0,0.0,0.0,0.0,0.0,0.0,0.0,0.0,0.0,0.0,0.0,0.0,0.0,0.0,0.0,CFM1990,spring
hel_kef,2023-05-05,daytime,GTF2000,0,0,518.1600000000001,9966.96,723.9000000000001,9966.96,125.66806286978893,7540.083772187334,324457344.8009932,749.7,749.7,28840.82042861656,28840.82042861656,2.144556476683792,87.99948877709284,242.452,9327.083626195734,0.0020653816821013,0.0926691436992171,1.1942583368921133e+17,4.924493981565932e+18,5.280717010965924e-11,4.609331796918056e-12,4.609331796918056e-12,2.4765881553470746e-12,-3.6303287928379715e-11,1.1915423247018102e-10,3.651209894710175e-11,1.8980470336626587e-11,2.3589802133544644e-11,2.3589802133544644e-11,1.7443799073518736e-10,1.7904732253210542e-10,1.7904732253210542e-10,9.179585721210806e-11,9.640518900902612e-11,9.640518900902612e-11,76.59367082192495,76.59367082192495,168.18772161783764,True,-0.8298111998671346,0.0,-0.6935727905742745,7.358157382765053e-06,0.0,0.0,0.0,-0.8798920915110494,2.2275048765770346e-06,-0.4737610694726336,-0.8462395192941727,-0.8462395192941727,2.1701606438239e-06,2.1701606438239e-06,-0.4615647033398867,-0.4615647033398867,CFM2008,spring
hel_kef,2023-05-05,daytime,GTF,0,0,518.1600000000001,9966.96,723.9000000000001,9966.96,107.99775582269544,6479.865349361726,278835085.84838444,749.7,749.7,24785.484961308604,24785.484961308604,2.3796538234584803,81.67858762349043,242.452,8015.593437160456,0.0015408691507782,0.0562927180080249,1.469925862169247e+17,4.614680371517463e+18,5.118420036933443e-11,3.978057636267983e-12,3.978057636267983e-12,2.1355707003997915e-12,-3.1693050878345106e-11,1.1915423247018102e-10,3.651209894710175e-11,2.162672019138911e-11,2.560477782765709e-11,2.560477782765709e-11,1.7247400353991528e-10,1.7645206117618326e-10,1.7645206117618326e-10,8.983187001683595e-11,9.380992765310393e-11,9.380992765310393e-11,76.59367082192495,76.59367082192495,170.12256487667142,True,-0.8514238624287563,0.0,-0.6935727905742745,-0.03072675766479267,-0.13695567784297125,-0.13695567784297125,-0.1376964733563026,-0.8631466932275629,-0.011256739431085514,-0.4850200364085958,-0.8331057240387763,-0.8331057240387763,-0.014492696064406006,-0.014492696064406006,-0.47605956956493667,-0.47605956956493667,GTF,spring
hel_kef,2023-05-05,daytime,GTF2035,0,0,518.1600000000001,9966.96,723.9000000000001,9966.96,99.1502679552626,5949.016077315756,255992110.82297432,749.7,749.7,22754.986495732766,22754.986495732766,2.7833790738633564,87.75085420253018,242.452,7358.932887639592,0.0015704407402275,0.0527971182824282,1.4390717273065171e+17,4.204053299697382e+18,5.512767620949046e-11,3.659539703881619e-12,3.659539703881619e-12,1.9660487779823385e-12,-2.964701536969033e-11,1.1915423247018102e-10,3.651209894710175e-11,2.7446709617782467e-11,3.1106249321664086e-11,3.1106249321664086e-11,1.7624795745765382e-10,1.7990749716153547e-10,1.7990749716153547e-10,9.360582393457456e-11,9.726536363845616e-11,9.726536363845616e-11,76.59367082192495,76.59367082192495,170.12256487667142,True,-0.8610156197630826,0.0,-0.6935727905742745,0.0439506933079223,-0.20605852103584696,-0.20605852103584696,-0.2061462566000151,-0.8263179558446434,0.010378239900730526,-0.4633850570767794,-0.7972466313376536,-0.7972466313376536,0.004806355355833999,0.004806355355833999,-0.4567605181446966,-0.4567605181446966,GTF2035,spring
hel_kef,2023-05-05,daytime,GTF2035,20,0,518.1600000000001,9966.96,723.9000000000001,9966.96,98.65855999396372,5919.513599637823,255989365.6163377,735.0,608.7564,22198.17599864184,18385.41728911512,2.7832801830981846,87.31252276163792,247.74399999999997,7482.265189942209,0.0012382805372918,0.0416910307542215,1.1527045466643789e+17,3.429964617422602e+18,5.485230606758189e-11,3.5699987866914657e-12,2.95681579508934e-12,1.999002832529587e-12,-2.5300291994478582e-11,1.1915423247018102e-10,3.651209894710175e-11,3.1551016905632886e-11,3.512101569232436e-11,3.450783270072223e-11,1.7600554137029252e-10,1.79575540156984e-10,1.7896235716538187e-10,9.336340784721323e-11,9.693340663390469e-11,9.632022364230256e-11,76.59367082192495,76.59367082192495,170.12256487667142,True,-0.8813929375750724,0.0,-0.6935727905742745,0.03873601947568363,-0.22548452921560586,-0.3585153064775333,-0.1928400254141398,-0.80034600913327,0.008988539031541273,-0.4647747579459688,-0.771078018155583,-0.775074800791386,0.002952333076936277,-0.00047237226708116695,-0.4586145404235943,-0.4620392457676118,GTF2035 - 20,spring
hel_kef,2023-05-05,daytime,GTF2035,100,0,518.1600000000001,9966.96,723.9000000000001,9966.96,96.7393528493046,5804.3611709582765,255978132.000431,674.73,44.982,19981.51333102387,1332.1008887349244,2.7828945171488684,85.60197942198207,268.5200000000001,7951.97480421284,0.0005321662665926,0.0181420603537046,5.786662568790431e+16,1.8713244373246449e+18,5.377771819303239e-11,3.213535707604739e-12,2.1423571384031603e-13,2.124510520437852e-12,-1.4930491468685956e-11,1.1915423247018102e-10,3.651209894710175e-11,4.0971737244784285e-11,4.418527295238903e-11,4.118597295862461e-11,1.750564611836513e-10,1.7826999689125603e-10,1.7527069689749158e-10,9.241432766057199e-11,9.562786336817672e-11,9.262856337441229e-11,76.59367082192495,76.59367082192495,170.12256487667142,True,-0.930006272890141,0.0,-0.6935727905742745,0.01838659004584108,-0.302819616987996,-0.9535213077991997,-0.1421623672668667,-0.7407319428679399,0.0035477385687409228,-0.4702155584087692,-0.711996363054841,-0.7315460738244118,-0.0043392928491228595,-0.021090766483638928,-0.4659061663496535,-0.4826576399841694,GTF2035 - 100,spring
hel_kef,2023-05-05,daytime,GTF2035_wi,0,15,518.1600000000001,9966.96,723.9000000000001,9966.96,90.66048969735436,5439.629381841263,234072691.93001133,749.7,749.7,20806.582385542824,20806.582385542824,0.2125134220476887,6.16141940827985,242.452,6728.8215453376415,0.0012508170697767,0.0386080442689762,1.1310108401193245e+17,3.0565815124386934e+18,3.814924040335067e-12,3.345603900543364e-12,3.345603900543364e-12,1.7970549075717525e-12,-2.299845589802433e-11,1.1915423247018102e-10,3.651209894710175e-11,-1.7386476950117512e-11,-1.404087304957415e-11,-1.404087304957415e-11,1.2476621141808786e-10,1.2811181531863122e-10,1.2811181531863122e-10,4.212407789500857e-11,4.5469681795551936e-11,4.5469681795551936e-11,76.59367082192495,76.59367082192495,170.12256487667142,True,-0.8921838809224331,0.0,-0.6935727905742745,-0.9277569295377041,-0.27416726589733903,-0.27416726589733903,-0.27438282231471417,-0.8899788390153716,-0.2847516254366915,-0.7585149224142016,-0.908480309524851,-0.908480309524851,-0.28447914478654807,-0.28447914478654807,-0.7460460182870785,-0.7460460182870785,GTF2035WI,spring
hel_kef,2023-05-05,daytime,GTF2035_wi,20,15,518.1600000000001,9966.96,723.9000000000001,9966.96,90.21195984239868,5412.717590543921,234072972.20307183,735.0,608.7564,20297.690964539703,16811.359564470364,0.2125016109954233,6.13057740818346,247.74399999999997,6841.675034447516,0.0009869385269112,0.0305027888755985,9.08257212651671e+16,2.4970982224534523e+18,3.795816247068992e-12,3.2637772176577373e-12,2.703190842752845e-12,1.827194832667908e-12,-1.9464062837605918e-11,1.1915423247018102e-10,3.651209894710175e-11,-1.384105175786902e-11,-1.0577274540211284e-11,-1.1137860915116176e-11,1.2477724354991794e-10,1.2804102076757568e-10,1.274804343926708e-10,4.213511002683865e-11,4.539888724449639e-11,4.4838300869591485e-11,76.59367082192495,76.59367082192495,170.12256487667142,True,-0.9087530169008938,0.0,-0.6935727905742745,-0.9281187730870658,-0.2919196617956639,-0.4135395406856406,-0.2622128839940927,-0.9124141947780403,-0.28468838143601416,-0.7584516784135242,-0.9310563603436205,-0.9274024072500529,-0.28487454139840407,-0.28800548791879593,-0.7464414148989346,-0.7495723614193266,GTF2035WI - 20,spring
hel_kef,2023-05-05,daytime,GTF2035_wi,100,15,518.1600000000001,9966.96,723.9000000000001,9966.96,88.46103720243148,5307.662232145889,234073212.09986585,674.73,44.982,18271.62723416222,1218.1084822774817,0.2124539007474192,6.010228928429787,268.5200000000001,7271.497258039867,0.0004254935885915,0.0133099632749455,4.609343528919779e+16,1.3694825426359793e+18,3.721280908572099e-12,2.938011729255783e-12,1.958674486170522e-13,1.9419985432491775e-12,-1.1054266070499709e-11,1.1915423247018102e-10,3.651209894710175e-11,-5.390986618678434e-12,-2.452974889422651e-12,-5.195119170061382e-12,1.2481751192200232e-10,1.2775552365125808e-10,1.2501337937061934e-10,4.217537839892303e-11,4.5113390128178814e-11,4.237124584754008e-11,76.59367082192495,76.59367082192495,170.12256487667142,True,-0.948177909323274,0.0,-0.6935727905742745,-0.929530245937909,-0.36259487086170933,-0.9575063247241139,-0.21585729179221508,-0.9658859809068111,-0.28445753457970346,-0.7582208315572135,-0.9840112860624374,-0.9661377396728225,-0.2864690792661291,-0.30178430539044393,-0.7480359527666594,-0.7633511788909743,GTF2035WI - 100,spring
hel_kef,2023-05-05,nighttime,GTF1990,0,0,518.1600000000001,9966.96,723.9000000000001,9966.96,130.54929288111416,7832.95757286685,337059997.3180334,749.7,749.7,29961.062716215703,29961.062716215703,2.2484758724435805,95.83071337215286,242.452,9689.368517636296,0.0111827908809927,0.4814633318151442,1.2875467491267108e+18,5.3556720288203325e+19,6.093617333018441e-11,4.836768452634065e-12,4.836768452634065e-12,2.9671584153320325e-12,4.751741452199626e-12,1.8683114048628635e-10,1.8683114048628635e-10,6.865507319771606e-11,7.349184165035012e-11,7.349184165035012e-11,2.5073447223180275e-10,2.5557124068443687e-10,2.5557124068443687e-10,2.5073447223180275e-10,2.5557124068443687e-10,2.5557124068443687e-10,36.68016753188756,37.70727576885207,157.6709532797343,True,0.0,0.0,0.0,0.0,0.0,0.0,0.0,0.0,0.0,0.0,0.0,0.0,0.0,0.0,0.0,0.0,CFM1990,spring
hel_kef,2023-05-05,nighttime,GTF2000,0,0,518.1600000000001,9966.96,723.9000000000001,9966.96,130.54929288111416,7832.95757286685,337059997.3180334,749.7,749.7,29961.062716215703,29961.062716215703,2.2489526738009173,95.8726475606108,242.452,9689.368517636296,0.0023550132359991,0.1082491666759844,1.195478138634178e+17,5.157200281226895e+18,6.093652333560805e-11,4.836768452634065e-12,4.836768452634065e-12,2.9671584153320325e-12,3.1177929544866336e-12,1.8683114048628635e-10,5.7363571321426356e-11,6.702147470542671e-11,7.185824315806077e-11,7.185824315806077e-11,2.5073482223722643e-10,2.555715906898605e-10,2.555715906898605e-10,1.2126725307236643e-10,1.261040215250005e-10,1.261040215250005e-10,36.68016753188756,37.70727576885207,157.6709532797343,True,-0.3438630898060799,0.0,-0.692965684563506,5.743803795178669e-06,0.0,0.0,0.0,-0.023794286659411714,1.3959206349287874e-06,-0.5163518921313083,-0.022228297122576835,-0.022228297122576835,1.3695023848822576e-06,1.3695023848822576e-06,-0.5065797654411917,-0.5065797654411917,CFM2008,spring
hel_kef,2023-05-05,nighttime,GTF,0,0,518.1600000000001,9966.96,723.9000000000001,9966.96,112.54996509685094,6752.997905811057,290588252.8849556,749.7,749.7,25830.21698972729,25830.21698972729,2.4492855570908207,87.51289861202201,242.452,8353.458409488278,0.0016769856936281,0.0632326888256001,1.531782269009846e+17,4.970744596046477e+18,5.7619238425078026e-11,4.177064597324598e-12,4.177064597324598e-12,2.559517301961362e-12,3.0604075858676747e-12,1.8683114048628635e-10,5.727311711207882e-11,6.323916331290707e-11,6.741622791023165e-11,6.741622791023165e-11,2.470098962133257e-10,2.5118696081065033e-10,2.5118696081065033e-10,1.1745187283911819e-10,1.216289374364428e-10,1.216289374364428e-10,36.68016753188756,37.70727576885207,162.91415664750065,True,-0.3559397924626175,0.0,-0.693449834096138,-0.05443293734796043,-0.13639351599520902,-0.13639351599520902,-0.13738434431552063,-0.07888579288542899,-0.014854662724771688,-0.5315687077501872,-0.08267058769630828,-0.08267058769630828,-0.017154824862316835,-0.017154824862316835,-0.5240898893368738,-0.5240898893368738,GTF,spring
hel_kef,2023-05-05,nighttime,GTF2035,0,0,518.1600000000001,9966.96,723.9000000000001,9966.96,103.44155591397607,6206.493354838565,267071615.55205837,749.7,749.7,23739.837082257516,23739.837082257516,2.8648129467296792,94.1274183060577,242.452,7677.432279935307,0.0017065741118168,0.0592983045802027,1.5013041943807376e+17,4.543166279554188e+18,6.213609331372207e-11,3.847419025996679e-12,3.847419025996679e-12,2.358765298964644e-12,2.9928584673923256e-12,1.8683114048628635e-10,5.725014501303842e-11,6.748771708007903e-11,7.133513610607571e-11,7.133513610607571e-11,2.51325999098973e-10,2.5517341812496973e-10,2.5517341812496973e-10,1.217450036257251e-10,1.255924226517218e-10,1.255924226517218e-10,36.68016753188756,37.70727576885207,164.2211466476537,True,-0.37015544774497294,0.0,-0.6935727905742745,0.01969142330345977,-0.20454760990235005,-0.20454760990235005,-0.2050423439556421,-0.017003202578711487,0.0023591764702517327,-0.5144464877842068,-0.02934618994221569,-0.02934618994221569,-0.0015566014329380063,-0.0015566014329380063,-0.5085815512129733,-0.5085815512129733,GTF2035,spring
hel_kef,2023-05-05,nighttime,GTF2035,20,0,518.1600000000001,9966.96,723.9000000000001,9966.96,102.92838967667038,6175.703380600223,267068292.69405663,735.0,608.7564,23158.88767725084,19181.117129806236,2.864715347182837,93.65722248019097,247.74399999999997,7806.089073078681,0.0013603762514424,0.0472835772265466,1.2139321854121394e+17,3.7447560653495854e+18,6.182569398333795e-11,3.753273017703519e-12,3.1086108441827628e-12,2.3982957598400735e-12,2.8541850624683797e-12,1.8683114048628635e-10,5.725014501303842e-11,6.707817480564641e-11,7.083144782334993e-11,7.018678564982918e-11,2.510551302294644e-10,2.548084032471679e-10,2.5416374107364713e-10,1.2147413475621644e-10,1.2522740777391995e-10,1.245827456003992e-10,36.68016753188756,37.70727576885207,164.6466502794072,True,-0.3993391494086551,0.0,-0.6935727905742745,0.0145975798042592,-0.2240122605704813,-0.35729591469489536,-0.19171967784143465,-0.022968417607369358,0.001278874798536579,-0.515526789455922,-0.036199852490531745,-0.04497174007756273,-0.0029848328600121455,-0.0055072691552474975,-0.5100097826400475,-0.5125322189352829,GTF2035 - 20,spring
hel_kef,2023-05-05,nighttime,GTF2035,100,0,518.1600000000001,9966.96,723.9000000000001,9966.96,100.92569601282348,6055.541760769409,267055447.1916917,674.73,44.982,20846.20251144869,1389.7468340965793,2.864335362990401,91.82256328407232,268.5200000000001,8296.09221225409,0.0006229380054621,0.021735836999381,6.378764812699051e+16,2.1313084430867103e+18,6.061455825453453e-11,3.378486748176126e-12,2.2523244987840845e-13,2.5488537597969068e-12,2.34011435590254e-12,1.8683114048628635e-10,5.725014501303842e-11,6.550352637023398e-11,6.888201311841011e-11,6.572875882011239e-11,2.499945525006178e-10,2.5337303924879393e-10,2.502197849504962e-10,1.2041355702736986e-10,1.23792043775546e-10,1.2063878947724827e-10,36.68016753188756,37.70727576885207,166.79552662979262,True,-0.5075248980940916,0.0,-0.6935727905742745,-0.005277900761953007,-0.3014991763072244,-0.9534332784204816,-0.14097820102008823,-0.04590406332254731,-0.0029510091875237115,-0.5197566734419823,-0.06272571796298225,-0.10563189948582202,-0.008601129883612894,-0.020939193782559838,-0.5156260796636483,-0.5279641435625952,GTF2035 - 100,spring
hel_kef,2023-05-05,nighttime,GTF2035_wi,0,15,518.1600000000001,9966.96,723.9000000000001,9966.96,94.60090385670986,5676.054231402592,244246289.63148493,749.7,749.7,21710.90743511491,21710.90743511491,0.2184696294503866,6.601842120820587,242.452,7021.279084245007,0.0013595424964769,0.0433661874795411,1.178058591702073e+17,3.302813314715011e+18,4.30079360157663e-12,3.518288493035908e-12,3.518288493035908e-12,2.156699312339385e-12,2.7054001296270826e-12,1.8683114048628635e-10,5.725014501303842e-11,9.162893043543098e-12,1.2681181536579005e-11,1.2681181536579005e-11,1.9328863340020238e-10,1.968069218932383e-10,1.968069218932383e-10,6.370763792695443e-11,6.722592641999034e-11,6.722592641999034e-11,36.68016753188756,37.70727576885207,166.29869786469567,True,-0.43065081363491964,0.0,-0.6935727905742745,-0.9294213376630551,-0.2725952198270155,-0.2725952198270155,-0.27314318602094423,-0.8665372766094739,-0.22911025484558017,-0.7459159191000388,-0.8274477649245494,-0.8274477649245494,-0.22993322188296228,-0.22993322188296228,-0.7369581716629977,-0.7369581716629977,GTF2035WI,spring
hel_kef,2023-05-05,nighttime,GTF2035_wi,20,15,518.1600000000001,9966.96,723.9000000000001,9966.96,94.1330210387198,5647.981262323188,244246949.68916628,735.0,608.7564,21179.92973371196,17542.065002649593,0.2184573399744042,6.568822402410438,247.74399999999997,7139.048315576511,0.0010845283729621,0.0345973473798282,9.554539136266637e+16,2.726316106911945e+18,4.279275862529565e-12,3.4322485740354856e-12,2.842725558959151e-12,2.192879422326397e-12,2.511341073452758e-12,1.8683114048628635e-10,5.725014501303842e-11,8.983496358308719e-12,1.2415744932344206e-11,1.1826221917267871e-11,1.9330329577114232e-10,1.967355443451778e-10,1.9614602133010148e-10,6.372230029789436e-11,6.715454887192985e-11,6.656502585685352e-11,36.68016753188756,37.70727576885207,166.79552662979262,True,-0.47149037911348596,0.0,-0.6935727905742745,-0.9297744569659439,-0.290383939680571,-0.41226759420103604,-0.2609496645021535,-0.8691502908687078,-0.22905177716275726,-0.745857441417216,-0.8310595481956456,-0.8390811598716886,-0.23021250819025313,-0.23251919580305935,-0.7372374579702885,-0.7395441455830948,GTF2035WI - 20,spring
hel_kef,2023-05-05,nighttime,GTF2035_wi,100,15,518.1600000000001,9966.96,723.9000000000001,9966.96,92.30494873235372,5538.296923941223,244244432.64273185,674.73,44.982,19065.58716066766,1271.0391440445107,0.2184081694177424,6.439806188211104,268.5200000000001,7587.4667857994755,0.0004981003128999,0.0159423426965056,5.080389664371915e+16,1.559747109238495e+18,4.195182734470818e-12,3.0896211755883162e-12,2.059747450392211e-13,2.330609746003922e-12,2.0138771918067368e-12,1.8683114048628635e-10,5.725014501303842e-11,8.539669672281475e-12,1.1629290847869792e-11,8.745644417320697e-12,1.933569329667611e-10,1.9644655414234937e-10,1.9356290771180032e-10,6.377593749351316e-11,6.686555866910147e-11,6.398191223855236e-11,37.52314568869679,37.70727576885207,168.99194024479917,True,-0.5761812354343282,0.0,-0.6935727905742745,-0.9311544768041292,-0.36122202130520975,-0.9574148014203472,-0.21453140689722122,-0.8756148777572701,-0.22883785685438746,-0.7456435211088461,-0.841760791582852,-0.8809984316500111,-0.23134327001640573,-0.24262641135432172,-0.738368219796441,-0.7496513611343572,GTF2035WI - 100,spring
lhr_ist,2023-05-05,daytime,GTF1990,0,0,586.74,10744.2,586.74,10744.2,123.19056387446932,7391.43383246816,318060789.24493736,684.675,684.675,28272.234409190714,28272.234409190714,2.212305997802709,105.98371771265248,221.423,9143.203650763116,0.009445201682923,0.4328487047895938,9.586015321486422e+17,3.813979196878474e+19,7.631683555520673e-11,4.2607361259495816e-12,4.2607361259495816e-12,1.9041808714474174e-12,-3.435544309271674e-11,2.3162725595899487e-10,2.3162725595899487e-10,4.386557333393742e-11,4.8126309459887e-11,4.8126309459887e-11,3.0984827238564903e-10,3.1410900851159855e-10,3.1410900851159855e-10,3.0984827238564903e-10,3.1410900851159855e-10,3.1410900851159855e-10,75.60656016730444,75.60656016730444,132.32952305039043,True,0.0,0.0,0.0,0.0,0.0,0.0,0.0,0.0,0.0,0.0,0.0,0.0,0.0,0.0,0.0,0.0,CFM1990,spring
lhr_ist,2023-05-05,daytime,GTF2000,0,0,586.74,10744.2,586.74,10744.2,123.19056387446932,7391.43383246816,318060789.24493736,684.675,684.675,28272.234409190714,28272.234409190714,2.2123439110627747,105.98652434691527,221.423,9143.203650763116,0.0025088476489499,0.1369463300559926,1.099614960149633e+17,5.126640739262077e+18,7.63171650793968e-11,4.2607361259495816e-12,4.2607361259495816e-12,1.9041808714474174e-12,1.2621704271160195e-11,2.3162725595899487e-10,7.307578008483766e-11,9.084305022200444e-11,9.510378634795402e-11,9.510378634795402e-11,3.0984860190983915e-10,3.1410933803578873e-10,3.1410933803578873e-10,1.5129712603568188e-10,1.5555786216163148e-10,1.5555786216163148e-10,75.60656016730444,75.60656016730444,132.32952305039043,True,-0.6326141322905551,0.0,-0.6845113076944006,4.3178439943441975e-06,0.0,0.0,0.0,1.0709418187798316,1.0635017829338208e-06,-0.5117057620790227,0.9761288038764425,0.9761288038764425,1.0490758979955614e-06,1.0490758979955614e-06,-0.504764721971075,-0.504764721971075,CFM2008,spring
lhr_ist,2023-05-05,daytime,GTF,0,0,586.74,10744.2,586.74,10744.2,104.57331344313344,6274.398806588006,269993655.0462885,684.675,684.675,23999.575435199124,23999.575435199124,2.271662037882477,87.83200551518301,221.423,7761.431323749363,0.0016168198928265,0.0727359209887857,1.3235944505467693e+17,4.820020836205753e+18,6.777193776432952e-11,3.639459176181144e-12,3.639459176181144e-12,1.6268059796016042e-12,1.0959729242603684e-11,2.3162725595899487e-10,7.312284642558722e-11,8.035847298653479e-11,8.399793216271594e-11,8.399793216271594e-11,3.01025999702926e-10,3.0466545887910713e-10,3.0466545887910713e-10,1.4252159016951835e-10,1.4616104934569948e-10,1.4616104934569948e-10,75.60656016730444,75.60656016730444,136.135728695418,True,-0.6809900191644707,0.0,-0.6843081090658337,-0.11196609147526736,-0.14581446290104974,-0.14581446290104974,-0.1456662526154741,0.8319257421939122,-0.028472880015746826,-0.5400278043437644,0.7453640868250605,0.7453640868250605,-0.030064561590384054,-0.030064561590384054,-0.534680491851279,-0.534680491851279,GTF,spring
lhr_ist,2023-05-05,daytime,GTF2035,0,0,586.74,10744.2,586.74,10744.2,96.58334814086628,5795.0008884519775,249364683.23097703,684.675,684.675,22165.87839832881,22165.87839832881,2.6617578061969303,95.45546799389491,221.423,7168.416099015096,0.0016510868605063,0.0688665976339427,1.2834109415130642e+17,4.433634648407525e+18,7.368328265212722e-11,3.368847069632461e-12,3.368847069632461e-12,1.507947339773749e-12,1.1239410055923176e-11,2.3162725595899487e-10,7.267732424284924e-11,8.643064004782413e-11,8.97994871174566e-11,8.97994871174566e-11,3.0681848595089587e-10,3.1018733302052827e-10,3.1018733302052827e-10,1.478685542347502e-10,1.5123740130438264e-10,1.5123740130438264e-10,75.60656016730444,75.60656016730444,139.2058549313793,True,-0.6728492185185672,0.0,-0.6862315536142458,-0.03450815123452589,-0.20932745655971527,-0.20932745655971527,-0.2080860792244389,0.9703524536166375,-0.009778290553068414,-0.5227710869702468,0.8659125980209214,0.8659125980209214,-0.012485078061444641,-0.012485078061444641,-0.5185193763750391,-0.5185193763750391,GTF2035,spring
lhr_ist,2023-05-05,daytime,GTF2035,20,0,586.74,10744.2,586.74,10744.2,96.10334203046892,5766.200521828136,249359341.5664577,671.25,555.9561,21623.25195685551,17909.242200746005,2.661657347265593,94.97746306909012,226.256,7288.477459590762,0.0013726874684282,0.0581785128173596,1.0737494862743928e+17,3.840043745538368e+18,7.331491447328007e-11,3.2864061920066017e-12,2.7219330644675477e-12,1.5332174814144548e-12,1.0599506844436912e-11,2.3162725595899487e-10,7.154444657121461e-11,8.544763879913144e-11,8.873404499113804e-11,8.816957186359898e-11,3.0647538791368935e-10,3.09761794105696e-10,3.0919732097815693e-10,1.4639257852590915e-10,1.4967898471791574e-10,1.4911451159037668e-10,75.60656016730444,75.60656016730444,140.24877442895462,True,-0.6914751815067122,0.0,-0.6911225050998308,-0.03933497844987437,-0.22867643175763036,-0.3611589678389398,-0.19481520668306243,0.9479430520294438,-0.010885600381084775,-0.527534630421617,0.8437741432281932,0.8320451506278038,-0.013839827219543169,-0.015636888469756388,-0.5234807641233606,-0.5252778253735738,GTF2035 - 20,spring
lhr_ist,2023-05-05,daytime,GTF2035,100,0,586.74,10744.2,586.74,10744.2,94.23362496200303,5654.017497720181,249347825.6669577,616.2075,41.0805,19463.955235901725,1297.5970157267816,2.6613020144324206,93.11614332782872,245.23000000000008,7746.003971876648,0.0007723662225139,0.0349248482623977,6.500840760393838e+16,2.60425030488091e+18,7.187781292681477e-11,2.9582242030602147e-12,1.9721494687068098e-13,1.6294640747575225e-12,9.270406918591415e-12,2.3162725595899487e-10,7.097689367045304e-11,8.27776839201637e-11,8.573590812322392e-11,8.297489886703438e-11,3.0513453296056717e-10,3.0809275716362736e-10,3.0533174790743784e-10,1.444841706720253e-10,1.4744239487508555e-10,1.4468138561889602e-10,75.60656016730444,75.60656016730444,143.51306917540396,True,-0.7301619165972358,0.0,-0.6935727905742746,-0.05816570611317899,-0.30570114749809313,-0.9537134098332062,-0.14427032684194305,0.8870763021834529,-0.015213056986856316,-0.533693799356755,0.7814768904040793,0.7241068305101075,-0.019153386833695468,-0.02794335840844441,-0.5306011897788624,-0.5393911613536113,GTF2035 - 100,spring
lhr_ist,2023-05-05,daytime,GTF2035_wi,0,15,586.74,10744.2,586.74,10744.2,88.17100105519685,5290.260063311811,227645180.7843705,680.85,680.85,20235.24474216768,20235.24474216768,0.2040137431538993,6.768506915053444,220.186,6544.051698316711,0.0013138459999176,0.0506522045149514,9.847800511543107e+16,3.2338400119707924e+18,5.104820958081129e-12,3.07587670603839e-12,3.07587670603839e-12,1.3774529685844737e-12,1.1970126831527612e-11,2.3162725595899487e-10,7.097357093637514e-11,1.845240075819321e-11,2.1528277464231605e-11,2.1528277464231605e-11,2.3810952988566047e-10,2.4118540659169886e-10,2.4118540659169886e-10,7.745584486304074e-11,8.053172156907913e-11,8.053172156907913e-11,75.60656016730444,75.60656016730444,143.1878327788199,True,-0.6515799025143342,0.0,-0.6935871357516766,-0.9331101594956939,-0.2780879605979177,-0.2780879605979177,-0.27661652879779436,-0.5793420818253122,-0.23152861866113544,-0.7500200847767315,-0.5526713411886424,-0.5526713411886424,-0.23216017351889154,-0.23216017351889154,-0.7436185547473547,-0.7436185547473547,GTF2035WI,spring
lhr_ist,2023-05-05,daytime,GTF2035_wi,20,15,586.74,10744.2,586.74,10744.2,87.73258463406796,5263.955078044077,227639737.3500161,667.5,552.8502,19739.831542665288,16349.3180768971,0.2040066493423305,6.734498367281185,224.992,6653.639218647713,0.0010939363288719,0.0428451517959618,8.305666560624755e+16,2.806537766507128e+18,5.079128471520221e-12,3.00055530635448e-12,2.485179926935034e-12,1.400463857788512e-12,1.0872149803230732e-11,2.3162725595899487e-10,7.097689367045304e-11,1.7351742132539467e-11,2.0352297438893943e-11,1.9836922059474502e-11,2.3810684828830363e-10,2.4110740359465806e-10,2.4059202821523865e-10,7.745648599976178e-11,8.045704130611626e-11,7.994166592669682e-11,75.60656016730444,75.60656016730444,143.51433648520737,True,-0.6835392349943058,0.0,-0.6935727905742746,-0.9334468150497929,-0.2957659855817163,-0.4167252198982008,-0.26453212570926465,-0.6044337093135639,-0.23153727321110662,-0.7500180155810051,-0.5771066248938647,-0.5878154323050999,-0.2324085044961227,-0.2340492577551951,-0.7438563074412895,-0.7454970607003621,GTF2035WI - 20,spring
lhr_ist,2023-05-05,daytime,GTF2035_wi,100,15,586.74,10744.2,586.74,10744.2,86.1430713311533,5168.584279869197,227939735.32651144,612.765,40.851,17792.85138344971,1186.1900922299806,0.2049271340649912,6.605664231526631,243.86000000000007,7080.960463420799,0.0006191937788466,0.0258567907950967,5.192921737580553e+16,1.916359750205108e+18,4.979320560362908e-12,2.7010174537964136e-12,1.8006783025309425e-13,1.4884244508892729e-12,8.470529807677745e-12,2.3162725595899487e-10,7.097689367045304e-11,1.4938274818929926e-11,1.7639292272726338e-11,1.511834264918302e-11,2.380950009702471e-10,2.407960184240435e-10,2.3827506880050016e-10,7.744463868170523e-11,8.014565613550165e-11,7.762470651195833e-11,75.60656016730444,75.60656016730444,143.7053066647131,True,-0.753444314927975,0.0,-0.6935727905742746,-0.9347546249246548,-0.36606788734318924,-0.9577378591562126,-0.21833872338089252,-0.659453332452567,-0.23157550908044142,-0.7500562514503399,-0.633479224343421,-0.6858611678548908,-0.23339983286358998,-0.24142554863496762,-0.744847635808757,-0.7528733515801346,GTF2035WI - 100,spring
lhr_ist,2023-05-05,nighttime,GTF1990,0,0,586.74,10744.2,586.74,10744.2,122.96251536504636,7377.7509219027825,317471999.92039865,684.675,684.675,28219.89727627815,28219.89727627815,2.2186454607776622,107.0402475127857,221.423,9126.277890393743,0.0094306092756787,0.4296914403374844,9.63273157039926e+17,3.772719205231204e+19,7.666646381902726e-11,4.24335708127378e-12,4.24335708127378e-12,2.002726514660932e-12,3.7077214324196494e-11,2.1329824694680903e-10,2.1329824694680903e-10,1.1574640465788469e-10,1.199897617391585e-10,1.199897617391585e-10,2.9196743728049727e-10,2.9621079436177104e-10,2.9621079436177104e-10,2.9196743728049727e-10,2.9621079436177104e-10,2.9621079436177104e-10,42.461179319197214,42.461179319197214,138.60385017543626,True,0.0,0.0,0.0,0.0,0.0,0.0,0.0,0.0,0.0,0.0,0.0,0.0,0.0,0.0,0.0,0.0,CFM1990,spring
lhr_ist,2023-05-05,nighttime,GTF2000,0,0,586.74,10744.2,586.74,10744.2,122.96251536504636,7377.7509219027825,317471999.92039865,684.675,684.675,28219.89727627815,28219.89727627815,2.219254836918893,107.09233894079708,221.423,9126.277890393743,0.0024818182918844,0.1366259772520799,1.0907660369311987e+17,5.06453154281138e+18,7.666783388506289e-11,4.24335708127378e-12,4.24335708127378e-12,2.002726514660932e-12,2.2504051259356738e-11,2.1329824694680903e-10,7.244154837013386e-11,1.0117461165908057e-10,1.0541796874035436e-10,1.0541796874035436e-10,2.9196880734653286e-10,2.9621216442780663e-10,2.9621216442780663e-10,1.5111210876985768e-10,1.5535546585113143e-10,1.5535546585113143e-10,42.461179319197214,42.461179319197214,138.60385017543626,True,-0.3930490283712967,0.0,-0.66037438466056,1.7870473834052768e-05,0.0,0.0,0.0,-0.12589413072375275,4.692530264161835e-06,-0.48243506132952035,-0.12144196961138433,-0.12144196961138433,4.625307590631567e-06,4.625307590631567e-06,-0.4755239552094405,-0.4755239552094405,CFM2008,spring
lhr_ist,2023-05-05,nighttime,GTF,0,0,586.74,10744.2,586.74,10744.2,103.3471902301408,6200.831413808447,266827976.5675913,684.675,684.675,23718.18015781731,23718.18015781731,2.252297061086113,87.4864110201581,221.423,7670.42845888105,0.0015873559814691,0.0717325331420771,1.26421323579653e+17,4.6773195249014e+18,6.758260832194572e-11,3.599579067342903e-12,3.599579067342903e-12,1.680149431760913e-12,2.1984020050022072e-11,2.1329824694680903e-10,7.235751289660779e-11,9.124677780372869e-11,9.48463568710716e-11,9.48463568710716e-11,2.825610047005157e-10,2.861605837678586e-10,2.861605837678586e-10,1.4162027065031442e-10,1.4521984971765732e-10,1.4521984971765732e-10,42.461179319197214,42.461179319197214,139.1738466302882,True,-0.40707465620804856,0.0,-0.6607683657397716,-0.11848538519428997,-0.15171431524627343,-0.15171431524627343,-0.16106896300548176,-0.21166641786041065,-0.032217402966566784,-0.5149449816410252,-0.2095462521439559,-0.2095462521439559,-0.03392925168566895,-0.03392925168566895,-0.5097415337933431,-0.5097415337933431,GTF,spring
lhr_ist,2023-05-05,nighttime,GTF2035,0,0,586.74,10744.2,586.74,10744.2,95.4507730372237,5727.046382233421,246440532.87388635,684.675,684.675,21905.95241204284,21905.95241204284,2.640406824025596,95.13513356334158,221.423,7084.356374822743,0.0016205177558394,0.0678214021685777,1.2337308887955194e+17,4.303545722206208e+18,7.346771662544073e-11,3.3305629117595307e-12,3.3305629117595307e-12,1.5547058389192585e-12,1.9490027442136643e-11,2.1329824694680903e-10,7.065836357333771e-11,9.451244990649664e-11,9.784301281825615e-11,9.784301281825615e-11,2.8832066941116903e-10,2.916512323229286e-10,2.916512323229286e-10,1.4568078603769768e-10,1.4901134894945723e-10,1.4901134894945723e-10,42.461179319197214,42.461179319197214,139.39981433393382,True,-0.47433948862178943,0.0,-0.6687344383521443,-0.04172289987362975,-0.21511132625214865,-0.21511132625214865,-0.2237053698854758,-0.1834523915809733,-0.01249032393233886,-0.5010375561239726,-0.18457198847553657,-0.18457198847553657,-0.01539296381371482,-0.01539296381371482,-0.4969415302014104,-0.4969415302014104,GTF2035,spring
lhr_ist,2023-05-05,nighttime,GTF2035,20,0,586.74,10744.2,586.74,10744.2,94.97712914488288,5698.627748692972,246437156.9922276,671.25,555.9561,21369.854057598648,17699.3679246655,2.6403134433354625,94.65940598755444,226.256,7203.065474347917,0.0013520166916083,0.0575507778152839,1.0372539070116858e+17,3.736376977515514e+18,7.310035939558025e-11,3.2490597398685906e-12,2.691001238948761e-12,1.580761274452029e-12,2.2646179607333524e-11,2.1329824694680903e-10,6.7668918388464e-11,9.732730027736579e-11,1.005763600172344e-10,1.0001830151631456e-10,2.8797936761684133e-10,2.912284273567099e-10,2.906703688557901e-10,1.4235003905849628e-10,1.4559909879836487e-10,1.4504104029744503e-10,42.461179319197214,42.461179319197214,139.40047289040183,True,-0.3892157212966594,0.0,-0.6827497677215375,-0.04651452859316522,-0.23431856484411612,-0.36583200814649086,-0.2106953880721668,-0.15913327446291597,-0.013659296053020284,-0.5124454960306462,-0.1617921516014525,-0.1664430359171742,-0.016820342471976352,-0.01870433357406368,-0.5084611986808949,-0.5103451897829824,GTF2035 - 20,spring
lhr_ist,2023-05-05,nighttime,GTF2035,100,0,586.74,10744.2,586.74,10744.2,93.26009246176828,5595.605547706095,246771800.2593865,616.2075,41.0805,19262.872097978237,1284.191473198549,2.650881293897587,92.84684447663894,245.23000000000008,7665.979600357352,0.000772158727915,0.035149502534564,6.411340733624114e+16,2.553595121600893e+18,7.166751779916654e-11,2.9246183417815575e-12,1.9497455611877053e-13,1.6800022084893782e-12,2.350111753739857e-11,2.1329824694680903e-10,6.537035410962091e-11,9.684863754505447e-11,9.977325588683603e-11,9.704361210117326e-11,2.8664576695446493e-10,2.895703852962465e-10,2.868407415105837e-10,1.3871787411727683e-10,1.416424924590584e-10,1.389128486733956e-10,42.461179319197214,42.461179319197214,140.05817310640575,True,-0.36615741053497103,0.0,-0.6935260601278052,-0.06520381625609903,-0.3107772252568386,-0.9540518150171227,-0.1611424744262659,-0.16326871809700652,-0.018226930974222778,-0.5248858043576669,-0.1684852570694357,-0.19123422953257507,-0.022417849693264137,-0.03163305669321229,-0.5218185996082702,-0.5310338066082183,GTF2035 - 100,spring
lhr_ist,2023-05-05,nighttime,GTF2035_wi,0,15,586.74,10744.2,586.74,10744.2,87.24478398932196,5234.687039359317,225253817.9906708,680.85,680.85,20022.67792554939,20022.67792554939,0.202788736147238,6.756753660956038,220.186,6475.307867687476,0.0012936794986643,0.0498788353016992,9.774770232443629e+16,3.1442138663574467e+18,5.085240979488796e-12,3.040937716718342e-12,3.040937716718342e-12,1.418752809851401e-12,2.067648168596513e-11,2.1329824694680903e-10,6.551620935329336e-11,2.7180475475305327e-11,3.0221413192023673e-11,3.0221413192023673e-11,2.1980224073614924e-10,2.228431784528676e-10,2.228431784528676e-10,7.202020314263357e-11,7.506114085935191e-11,7.506114085935191e-11,42.461179319197214,42.461179319197214,139.77459671412043,True,-0.44233993672842586,0.0,-0.6928422512087904,-0.9336705943358414,-0.2833651143482116,-0.2833651143482116,-0.2915893410980279,-0.765172183484718,-0.2471686473550744,-0.7533279607703556,-0.7481334011003293,-0.7481334011003293,-0.24768717854116212,-0.24768717854116212,-0.7465955249163625,-0.7465955249163625,GTF2035WI,spring
lhr_ist,2023-05-05,nighttime,GTF2035_wi,20,15,586.74,10744.2,586.74,10744.2,86.81347111611367,5208.80826696682,225254913.50498012,667.5,552.8502,19533.03100112558,16178.037596372247,0.2027769280557217,6.722914837237597,224.992,6583.93364944606,0.0010801361212519,0.0423760992507004,8.230476921633662e+16,2.73392245704652e+18,5.059863749095005e-12,2.9666048172358508e-12,2.457060773827421e-12,1.4425838871591769e-12,2.107020649332785e-11,2.1329824694680903e-10,6.537284964687733e-11,2.7572654129582036e-11,3.053925894681788e-11,3.0029714903409456e-11,2.1980069458306318e-10,2.2276729940029903e-10,2.2225775535689064e-10,7.187529728313151e-11,7.484190210036735e-11,7.433235805695893e-11,42.461179319197214,42.461179319197214,140.05817310640575,True,-0.43172088633483213,0.0,-0.693514360372687,-0.9340016025645983,-0.3008825888521904,-0.4209629953909382,-0.2796900242750265,-0.7617839257203763,-0.2471739429904386,-0.7538242690602518,-0.7454844604725018,-0.7497310231460415,-0.24794334426507525,-0.2496635518101996,-0.7473356693106845,-0.749055876855809,GTF2035WI - 20,spring
lhr_ist,2023-05-05,nighttime,GTF2035_wi,100,15,586.74,10744.2,586.74,10744.2,85.25187651407626,5115.112590844576,225581580.3688366,612.765,40.851,17608.77509398245,1173.9183395988302,0.2045463005825245,6.602585743260073,243.86000000000007,7007.704249457069,0.0006188230807037,0.0260041175601054,5.118133169866142e+16,1.8777647418849876e+18,4.9603991327265326e-12,2.670447172821028e-12,1.7802981152140188e-13,1.5331966204699565e-12,2.1604836059796474e-11,2.1329824694680903e-10,6.536038658730997e-11,2.8098431812992963e-11,3.076887898581399e-11,2.8276461624514364e-11,2.1979184270000554e-10,2.2246228987282656e-10,2.199698725115269e-10,7.185398234050646e-11,7.452442951332749e-11,7.203201215202784e-11,42.461179319197214,42.461179319197214,140.20142718894408,True,-0.4173015299669583,0.0,-0.6935727905742745,-0.9352989705585527,-0.3706758300860678,-0.9580450553390712,-0.234445337770179,-0.7572414288284428,-0.24720426103939672,-0.7538972735802886,-0.7435707968759754,-0.764342713789335,-0.24897304856106375,-0.2573873852724247,-0.7484074485742455,-0.7568217852856064,GTF2035WI - 100,spring
sin_maa,2023-05-05,daytime,GTF1990,0,0,586.74,11711.94,586.74,11711.94,141.9141482327207,8514.84889396324,366402462.75613225,830.0250000000001,830.0250000000001,32569.297019409398,32569.297019409398,2.854614347741608,125.53642877570256,268.4290000000001,10532.86808183253,0.0094879796407487,0.4135511016044161,7.670752334296166e+17,2.879893490034162e+19,1.4938925122172008e-10,5.280607643962068e-12,5.280607643962068e-12,1.5686435650352029e-12,-2.4237123152846645e-12,-2.6791736551202996e-11,-2.6791736551202996e-11,1.4853418247147062e-10,1.538147901154327e-10,1.538147901154327e-10,1.2416615823555228e-10,1.2944676587951438e-10,1.2944676587951438e-10,1.2416615823555228e-10,1.2944676587951438e-10,1.2944676587951438e-10,111.20957617720308,129.25703283040176,125.03646575509694,True,0.0,0.0,0.0,0.0,0.0,0.0,0.0,0.0,0.0,0.0,0.0,0.0,0.0,0.0,0.0,0.0,CFM1990,spring
sin_maa,2023-05-05,daytime,GTF2000,0,0,586.74,11711.94,586.74,11711.94,141.9141482327207,8514.84889396324,366402462.75613225,830.0250000000001,830.0250000000001,32569.297019409398,32569.297019409398,2.8724268613641737,127.13207840322733,268.4290000000001,10532.86808183253,0.0032832709154533,0.1619389358681195,1.1668646874134957e+17,4.985855737569675e+18,1.4941659007019602e-10,5.280607643962068e-12,5.280607643962068e-12,1.5686435650352029e-12,-4.770912371970792e-13,-2.6791736551202996e-11,-1.1628287375276988e-11,1.5050814239803415e-10,1.5578875004199622e-10,1.5578875004199622e-10,1.2419349708402822e-10,1.294741047279903e-10,1.294741047279903e-10,1.3935694625995423e-10,1.4463755390391628e-10,1.4463755390391628e-10,111.20957617720308,129.25703283040176,125.03646575509694,True,-0.8031568209690575,0.0,-0.5659748537369499,0.0001830041201248309,0.0,0.0,0.0,0.013289600371568849,0.00022017954702338788,0.12234241793632619,0.012833355785111057,0.012833355785111057,0.00021119761695211937,0.00021119761695211937,0.11735162266271743,0.11735162266271743,CFM2008,spring
sin_maa,2023-05-05,daytime,GTF,0,0,586.74,11711.94,586.74,11711.94,116.09466060603594,6965.679636362158,299740160.4323,830.0250000000001,830.0250000000001,26643.724609085253,26643.724609085253,2.780819125023196,99.14059871518288,268.4290000000001,8616.54571017999,0.0018528079069843,0.0696061735276609,1.2797146212073517e+17,4.223128936173102e+18,1.2397521256236378e-10,4.398176322253334e-12,4.398176322253334e-12,1.3068746862854597e-12,-5.5197921131897157e-11,-2.687084333361608e-11,-1.0795553845639852e-11,7.008416611675209e-11,7.448234243900541e-11,7.448234243900541e-11,9.841124391503318e-11,1.0280942023728651e-10,1.0280942023728651e-10,1.1448653340300939e-10,1.1888470972526274e-10,1.1888470972526274e-10,111.27265443678397,129.25703283040176,133.18226881858908,True,21.77412248302009,0.0029526560274246564,-0.5970565840326199,-0.17011959328745394,-0.16710791280198975,-0.16710791280198975,-0.16687594593477242,-0.5281613635957948,-0.20742297810052357,-0.07795702927507779,-0.51576605615683,-0.51576605615683,-0.20577837894398388,-0.20577837894398388,-0.08159382030511697,-0.08159382030511697,GTF,spring
sin_maa,2023-05-05,daytime,GTF2035,0,0,586.74,11711.94,586.74,11711.94,106.6466054884357,6398.796329306142,275346604.8463726,830.0250000000001,830.0250000000001,24475.395959595997,24475.395959595997,3.2395269954316928,108.3127228201947,268.4290000000001,7915.311059351698,0.001869414904155,0.0652918002458224,1.1867250673341658e+17,3.840898680328483e+18,1.3521925932628366e-10,4.074353225068357e-12,4.074353225068357e-12,1.2106482938773037e-12,-6.163341167038311e-11,-2.687084333361608e-11,-1.0412567624948906e-11,7.479649594977787e-11,7.887084917484622e-11,7.887084917484622e-11,1.0955906428654489e-10,1.1363341751161324e-10,1.1363341751161324e-10,1.2601733999521206e-10,1.3009169322028042e-10,1.3009169322028042e-10,111.27265443678397,129.25703283040176,140.77257482258415,True,24.429342947058583,0.0029526560274246564,-0.6113515223229767,-0.09485282093291734,-0.22843098753473223,-0.22843098753473223,-0.2282196409289864,-0.4964358055147054,-0.11764150680491113,0.01490890743472909,-0.4872349459004796,-0.4872349459004796,-0.12216101546036143,-0.12216101546036143,0.004982181952435349,0.004982181952435349,GTF2035,spring
sin_maa,2023-05-05,daytime,GTF2035,20,0,586.74,11711.94,586.74,11711.94,106.11710198373711,6367.026119024225,275342044.5172027,813.75,673.9802999999999,23876.34794634085,19775.346423077342,3.239412824747508,107.77235211244104,274.288,8047.921014446623,0.0015893102001451,0.0559412232451403,1.0426597177144349e+17,3.409116308761508e+18,1.3454267780992598e-10,3.974639700775506e-12,3.291955585770305e-12,1.2309335812680468e-12,-5.958935474134174e-11,-2.6637723080229936e-11,-9.541064419302876e-12,7.618425664985229e-11,8.015889635062778e-11,7.94762122356226e-11,1.0913588831096409e-10,1.131105280117396e-10,1.124278438967344e-10,1.2623254697189115e-10,1.3020718667266666e-10,1.2952450255766142e-10,111.33191312613756,129.25703283040176,140.85790028487753,True,23.585985046803287,-0.0057485437974025165,-0.6438803285084383,-0.09938180485126841,-0.24731395158279312,-0.3765953072589326,-0.21528790306137982,-0.4870927662426444,-0.12104964942278934,0.016642125082252924,-0.4788609320958583,-0.4832992836646044,-0.12620043271672093,-0.13147429267271724,0.005874390047411909,0.0006005300914153169,GTF2035 - 20,spring
sin_maa,2023-05-05,daytime,GTF2035,100,0,586.74,11711.94,586.74,11711.94,104.050888388539,6243.05330331234,275324893.7293775,747.0225,49.80149999999999,21491.710996652728,1432.7807331101822,3.2389465345312285,105.66301172587217,297.2900000000001,8552.983025537906,0.0009778833487967,0.0354149365538066,7.419361112374357e+16,2.4879526864304256e+18,1.3190307438606942e-10,3.5776958269907826e-12,2.385130551327189e-13,1.3081907092812525e-12,-5.800356238154154e-11,-2.489777491745539e-11,-7.632938162172585e-12,7.520770271380917e-11,7.878539854079996e-11,7.544621576894189e-11,1.0831349017789532e-10,1.1189118600488609e-10,1.0855200323302804e-10,1.2557832693317812e-10,1.291560227601689e-10,1.2581683998831082e-10,111.84153136001126,129.25703283040176,144.78503189753195,True,22.93170262648479,-0.07069200722125513,-0.7151010294691087,-0.11705110436424958,-0.322484064673584,-0.954832270978239,-0.16603698989330654,-0.49366737364811947,-0.1276730172128165,0.011373217289584243,-0.48779048827701005,-0.5094996020062693,-0.13562007328146428,-0.16141587242074965,-0.0022460439036082807,-0.028041843042893765,GTF2035 - 100,spring
sin_maa,2023-05-05,daytime,GTF2035_wi,0,15,586.74,11711.94,586.74,11711.94,96.4822233490224,5788.933400941345,249103593.17590705,826.2000000000002,826.2000000000002,22142.670258600643,22142.670258600643,0.245497472851308,7.397250788630829,267.19200000000006,7160.910616964445,0.001495522289166,0.0462048454834446,9.490929009605645e+16,2.7470813824554245e+18,9.41507050476899e-12,3.735421839449607e-12,3.735421839449607e-12,1.109920287703629e-12,-6.115845120541685e-11,-2.6637723080229936e-11,-8.198463917504945e-12,-5.063346041294423e-11,-4.689803857349463e-11,-4.689803857349463e-11,-1.6112732287757317e-11,-1.237731044830771e-11,-1.237731044830771e-11,2.3265268749676745e-12,6.0619487144172816e-12,6.0619487144172816e-12,111.33191312613756,129.25703283040176,143.23484679460836,True,24.23337890381343,-0.0057485437974025165,-0.6939928137231247,-0.9369762521214102,-0.2926151512656411,-0.2926151512656411,-0.29243308521861655,-0.6591124038221333,-0.870232497189852,-0.9812627940815075,-0.6951005911830762,-0.6951005911830762,-0.904383007453209,-0.904383007453209,-0.9531703347454847,-0.9531703347454847,GTF2035WI,spring
sin_maa,2023-05-05,daytime,GTF2035_wi,20,15,586.74,11711.94,586.74,11711.94,96.0031182562622,5760.1870953757325,249099290.93952352,810.0,670.8743999999999,21600.701607658997,17890.565099527485,0.2454790871823464,7.359860860814821,273.024,7280.876488554924,0.0012715289078757,0.0394903350843472,8.340672992938216e+16,2.4342367102524774e+18,9.367709096991311e-12,3.643985839339758e-12,3.0180948315747608e-12,1.1285113955833705e-12,-5.903335079398461e-11,-2.489777491745539e-11,-7.632079167209583e-12,-4.853713030140994e-11,-4.489314446207018e-11,-4.5519035469835176e-11,-1.4401554424880708e-11,-1.075756858554095e-11,-1.1383459593305945e-11,2.8641413253650988e-12,6.508127164704857e-12,5.8822361569398595e-12,111.84153136001126,129.25703283040176,144.78503189753195,True,23.35658325524131,-0.07069200722125513,-0.715133091405869,-0.9372932856923691,-0.3099305827982979,-0.42845690589686225,-0.2805813756944555,-0.6732258562049674,-0.8840138518455254,-0.9769329955435071,-0.7081350601695752,-0.704065939070783,-0.9168958103166995,-0.9120606875269377,-0.9497235244118617,-0.9545586472016235,GTF2035WI - 20,spring
sin_maa,2023-05-05,daytime,GTF2035_wi,100,15,586.74,11711.94,586.74,11711.94,94.69860821995782,5681.916493197468,250578199.26650155,743.5800000000002,49.57199999999999,19559.997527832285,1303.9998351888191,0.2488523016218572,7.25590370370577,295.9200000000001,7784.225595680533,0.0007830402152744,0.0247779626272703,5.991622865571437e+16,1.774313160505239e+18,9.183352373910976e-12,3.2801617156757465e-12,2.1867744771171646e-13,1.1993763265311452e-12,-4.753772210466527e-11,-2.3243068288974215e-11,-7.122308554281941e-12,-3.715499340422315e-11,-3.3874831688547396e-11,-3.693631595651143e-11,-1.2860339588532098e-11,-9.580177872856353e-12,-1.2641662140820382e-11,3.26042014616018e-12,6.540581861835926e-12,3.479097593871896e-12,112.24490880878211,129.25703283040176,145.25218556589846,True,18.61359927285016,-0.13245383536250993,-0.7341602497221429,-0.938527355222624,-0.3788287377445404,-0.9585885825163026,-0.23540544629446825,-0.7498556037001138,-0.8964263711523144,-0.9737414751934668,-0.7797686967350441,-0.7598649913393113,-0.9259913694423749,-0.9023408421606539,-0.9494728059260769,-0.9731233332077979,GTF2035WI - 100,spring
sin_maa,2023-05-05,nighttime,GTF1990,0,0,586.74,11711.94,586.74,11711.94,136.5332881256549,8191.997287539296,352509835.28010345,830.0250000000001,830.0250000000001,31334.389624837808,31334.389624837808,2.794161789640725,119.6334971296958,268.4290000000001,10133.500644686108,0.0092371089216891,0.3917763162367133,7.563303613165857e+17,2.809369417910129e+19,1.4597425768112144e-10,5.219682971379567e-12,5.219682971379567e-12,1.5849876684140657e-12,0.0,5.643966571863079e-10,5.643966571863079e-10,1.4755924534953548e-10,1.5277892832091507e-10,1.5277892832091507e-10,7.119559025358434e-10,7.17175585507223e-10,7.17175585507223e-10,7.119559025358434e-10,7.17175585507223e-10,7.17175585507223e-10,84.42396638315034,101.33916650723084,110.9437484620186,True,,0.0,0.0,0.0,0.0,0.0,0.0,0.0,0.0,0.0,0.0,0.0,0.0,0.0,0.0,0.0,CFM1990,spring
sin_maa,2023-05-05,nighttime,GTF2000,0,0,586.74,11711.94,586.74,11711.94,136.5332881256549,8191.997287539296,352509835.28010345,830.0250000000001,830.0250000000001,31334.389624837808,31334.389624837808,2.7978434592800028,119.72133716515116,268.4290000000001,10133.500644686108,0.0031563305657946,0.14994669505541,1.1351436270734003e+17,4.728076802863062e+18,1.4599005888652234e-10,5.219682971379567e-12,5.219682971379567e-12,1.5849876684140657e-12,0.0,5.643966571863079e-10,2.1893567106561187e-10,1.475750465549364e-10,1.5279472952631598e-10,1.5279472952631598e-10,7.119717037412442e-10,7.171913867126241e-10,7.171913867126241e-10,3.665107176205483e-10,3.717304005919279e-10,3.717304005919279e-10,84.42396638315034,101.33916650723084,110.9437484620186,True,,0.0,-0.6120890010988478,0.00010824651998177604,0.0,0.0,0.0,0.00010708380463369033,2.219407879697609e-05,-0.4852058725616137,0.00010342529283693953,0.00010342529283693953,2.2032547845147457e-05,2.2032547845147457e-05,-0.4816744907329475,-0.4816744907329475,CFM2008,spring
sin_maa,2023-05-05,nighttime,GTF,0,0,586.74,11711.94,586.74,11711.94,114.11113616904268,6846.6681701425605,294618978.0294045,830.0250000000001,830.0250000000001,26188.50575079529,26188.50575079529,2.730382906613808,97.06108118077026,268.4290000000001,8469.328526466346,0.0018134832753356,0.0679365470044157,1.1814088337144102e+17,4.063265153692615e+18,1.2167075379698818e-10,4.351057852402893e-12,4.351057852402893e-12,1.3213691819858202e-12,1.465794895158078e-11,5.761320555643953e-10,2.0694786385888622e-10,1.3765007193055478e-10,1.4200112978295768e-10,1.4200112978295768e-10,6.991241785433691e-10,7.034752363957722e-10,7.034752363957722e-10,3.2993998683786017e-10,3.342910446902631e-10,3.342910446902631e-10,86.08306043218931,101.33916650723084,138.37377202385318,True,,0.020792820490099985,-0.6333290404472177,-0.16649171073179148,-0.16641338635689124,-0.16641338635689124,-0.16632210564263977,-0.06715386349061389,-0.018023200519540927,-0.5365724398622437,-0.07054505916757332,-0.07054505916757332,-0.019103200650313894,-0.019103200650313894,-0.5338783814652092,-0.5338783814652092,GTF,spring
sin_maa,2023-05-05,nighttime,GTF2035,0,0,586.74,11711.94,586.74,11711.94,105.56578509934766,6333.94710596086,272556077.9166018,830.0250000000001,830.0250000000001,24227.34768030029,24227.34768030029,3.2158919946197653,106.29932348784452,268.4290000000001,7835.092570073584,0.0018414911197534,0.0638048612898018,1.1733064436461706e+17,3.770124038419156e+18,1.3255356412567586e-10,4.029056841627473e-12,4.029056841627473e-12,1.2235712055906293e-12,2.666025660408827e-11,5.761320555643953e-10,1.9790113127169455e-10,1.6043739193535476e-10,1.6446644877698222e-10,1.6446644877698222e-10,7.099091908956618e-10,7.139382477372892e-10,7.139382477372892e-10,3.31678266602961e-10,3.357073234445885e-10,3.357073234445885e-10,86.08306043218931,101.33916650723084,144.26246953872638,True,,0.020792820490099985,-0.6493580733481078,-0.0919387689900974,-0.22810315037915238,-0.22810315037915238,-0.22802477900983842,0.08727441344196205,-0.0028747730482908455,-0.5341308844809209,0.0764995577892606,0.0764995577892606,-0.004514010007248362,-0.004514010007248362,-0.5319035808962191,-0.5319035808962191,GTF2035,spring
sin_maa,2023-05-05,nighttime,GTF2035,20,0,586.74,11711.94,586.74,11711.94,105.04172390647406,6302.503434388444,272551761.02012825,813.75,673.9802999999999,23634.387878956662,19574.945416867064,3.2157775467840803,105.76912556748772,274.288,7966.364341066992,0.001562521565506,0.0545811455386731,1.0294188874249085e+17,3.341234465115557e+18,1.318901568370142e-10,3.9304542988875295e-12,3.2553594685106082e-12,1.2440737416738499e-12,2.6903295721351927e-11,5.761320555643953e-10,1.8373534308459678e-10,1.6003752630003994e-10,1.639679805989275e-10,1.6329288576855058e-10,7.092662861430832e-10,7.131967404419708e-10,7.125216456115938e-10,3.1686957366328485e-10,3.2080002796217237e-10,3.201249331317954e-10,86.08306043218931,101.33916650723084,144.27124180862447,True,,0.020792820490099985,-0.6744570671262046,-0.09648345583557442,-0.24699367366966607,-0.3763300402801641,-0.21508932437394504,0.08456454843575643,-0.0037777850891891943,-0.5549308987612023,0.07323688155810071,0.06881811230898767,-0.005547937137929964,-0.006489261471913737,-0.5526896976905784,-0.553631022024562,GTF2035 - 20,spring
sin_maa,2023-05-05,nighttime,GTF2035,100,0,586.74,11711.94,586.74,11711.94,102.99658573281704,6179.795143969024,272535145.6441779,747.0225,49.80149999999999,21273.94478311337,1418.2629855408911,3.215304501413203,103.6987605928936,297.2900000000001,8466.319347237564,0.000953980356654,0.034352248189695,7.293704639056365e+16,2.4278313768126986e+18,1.2930135132004708e-10,3.53792093616333e-12,2.35861395744222e-13,1.3221546361309214e-12,2.5893165467626748e-11,5.761320555643953e-10,1.7726507293153438e-10,1.5651667142380474e-10,1.6005459235996806e-10,1.5675253281954896e-10,7.067555615205733e-10,7.102934824567366e-10,7.069914229163175e-10,3.0788857888771235e-10,3.1142649982387567e-10,3.0812444028345665e-10,86.08306043218931,101.33916650723084,144.27993119390032,True,,0.020792820490099985,-0.6859211147435641,-0.11421812740090152,-0.32219620318659814,-0.9548130802124398,-0.16582654712142605,0.06070392982189001,-0.007304302129875673,-0.5675454367453443,0.047622169621260285,0.0260088517592377,-0.009596120098844467,-0.014200375468307085,-0.5657597579766759,-0.5703640133461384,GTF2035 - 100,spring
sin_maa,2023-05-05,nighttime,GTF2035_wi,0,15,586.74,11711.94,586.74,11711.94,95.5601689978638,5733.610139871827,246722977.9288246,826.2000000000002,826.2000000000002,21931.058785009744,21931.058785009744,0.2442359513859595,7.257894634572275,267.19200000000006,7092.475743021452,0.0014733624679036,0.0451404591768446,9.362051773146178e+16,2.695165952937834e+18,9.20914878094742e-12,3.694186487913707e-12,3.694186487913707e-12,1.1218738857181473e-12,2.795984615107146e-11,5.761320555643953e-10,1.7753224921795907e-10,3.829086881773703e-11,4.1985055305650736e-11,4.1985055305650736e-11,5.864630782310607e-10,5.901572647189746e-10,5.901572647189746e-10,1.8786327188462463e-10,1.915574583725384e-10,1.915574583725384e-10,86.08306043218931,101.33916650723084,144.27993119390032,True,,0.020792820490099985,-0.6854477308511849,-0.9369125150746463,-0.2922584555097358,-0.2922584555097358,-0.2921876251310578,-0.7405051189640177,-0.17626488362243012,-0.7361307474023412,-0.7251907984492448,-0.7251907984492448,-0.17710909762553423,-0.17710909762553423,-0.7329001959303185,-0.7329001959303185,GTF2035WI,spring
sin_maa,2023-05-05,nighttime,GTF2035_wi,20,15,586.74,11711.94,586.74,11711.94,95.08581644489246,5705.148986693548,246719167.92956245,810.0,670.8743999999999,21394.308700100803,17719.62223777149,0.2442163578641945,7.220996816433851,273.024,7211.308319180644,0.0012503973028484,0.0385190031036721,8.220210837703597e+16,2.384729429218438e+18,9.162846948813171e-12,3.6037617590731904e-12,2.98477963933478e-12,1.1406659494649813e-12,2.6254759010942204e-11,5.761320555643953e-10,1.7713805711985835e-10,3.655827190922036e-11,4.016203366829355e-11,3.9543051548555134e-11,5.864355684626735e-10,5.900393302217465e-10,5.894203481020083e-10,1.874415700181365e-10,1.9104533177720968e-10,1.9042634965747126e-10,86.08306043218931,101.33916650723084,144.27993119390032,True,,0.020792820490099985,-0.6861461618094153,-0.9372297068375626,-0.3095822526323447,-0.4281684049202131,-0.2803313412486493,-0.7522468224703791,-0.17630352333071725,-0.7367230619895033,-0.7371232138509807,-0.7411747026691129,-0.17727354061496567,-0.17813662370402603,-0.7336142840918201,-0.7344773671808807,GTF2035WI - 20,spring
sin_maa,2023-05-05,nighttime,GTF2035_wi,100,15,586.74,11711.94,586.74,11711.94,93.2369447340652,5594.216684043913,246710549.98302057,743.5800000000002,49.57199999999999,19258.090934821168,1283.872728988078,0.2441607255914152,7.079277838882395,295.9200000000001,7664.07685714016,0.0007640111459104,0.0240197284240645,5.838564844240554e+16,1.7249547700434568e+18,8.982478784993115e-12,3.2439581754006357e-12,2.1626387836004243e-13,1.2122949909000992e-12,2.1165044818998e-11,5.771373276779972e-10,1.771568028819061e-10,3.135981859489122e-11,3.460377677029185e-11,3.157608247325126e-11,5.873321014538904e-10,5.90576059629291e-10,5.875483653322506e-10,1.8735157665779926e-10,1.9059553483319994e-10,1.8756784053615932e-10,86.18695762157898,101.33916650723084,144.38382838329,True,,0.02257396518825176,-0.6861129480016986,-0.938465323080353,-0.3785143287077348,-0.9585676219138489,-0.2351391653960827,-0.7874764233131805,-0.17504426978983967,-0.7368494649872405,-0.7735042577494329,-0.7933217439061682,-0.1765251473087924,-0.18074683912070633,-0.7342414623632215,-0.7384631541751357,GTF2035WI - 100,spring
