trajectory,season,diurnal,engine,saf_level,water_injection,untrimmed_min_altitude,untrimmed_max_altitude,trimmed_min_altitude,trimmed_max_altitude,fuel_sum,fuel_kg_sum,energy_sum,ei_co2_conservative_sum,ei_co2_optimistic_sum,co2_conservative_sum,co2_optimistic_sum,ei_nox_sum,nox_sum,ei_nvpm_mass_sum,nvpm_mass_sum,ei_nvpm_num_sum,nvpm_num_sum,nox_impact_sum,co2_impact_cons_sum,co2_impact_opti_sum,h2o_impact_sum,contrail_atr20_cocip_sum,contrail_atr20_accf_sum,contrail_atr20_accf_cocip_pcfa_sum,climate_non_co2_cocip,climate_total_cons_cocip,climate_total_opti_cocip,climate_non_co2_accf,climate_total_cons_accf,climate_total_opti_accf,climate_non_co2_accf_cocip_pcfa,climate_total_cons_accf_cocip_pcfa,climate_total_opti_accf_cocip_pcfa,accf_sac_pcfa_sum,accf_sac_issr_sum,accf_sac_sac_sum,contrail_formed,contrail_atr20_cocip_sum_relative_change,contrail_atr20_accf_sum_relative_change,contrail_atr20_accf_cocip_pcfa_sum_relative_change,nox_impact_sum_relative_change,co2_impact_cons_sum_relative_change,co2_impact_opti_sum_relative_change,h2o_impact_sum_relative_change,climate_non_co2_cocip_relative_change,climate_non_co2_accf_relative_change,climate_non_co2_accf_cocip_pcfa_relative_change,climate_total_cons_cocip_relative_change,climate_total_opti_cocip_relative_change,climate_total_cons_accf_relative_change,climate_total_opti_accf_relative_change,climate_total_cons_accf_cocip_pcfa_relative_change,climate_total_opti_accf_cocip_pcfa_relative_change,engine_display,season_astro
sfo_dfw,2023-11-06,daytime,GTF1990,0,0,632.46,11308.08,632.46,11308.08,104.83748888800652,6290.249333280392,270675719.06038857,711.45,711.45,24060.2036997975,24060.2036997975,1.985979313716632,76.93142490658639,0.0093856007306594,0.3475745183176165,1.0981571654291642e+18,3.6347281975181648e+19,1.711813372030777e-10,4.705106501293733e-12,4.705106501293733e-12,1.5262988463217966e-12,-1.208807527633023e-13,1.3588593371853223e-10,1.3588593371853223e-10,1.7258675529663619e-10,1.772918617979299e-10,1.772918617979299e-10,3.085935697679317e-10,3.132986762692254e-10,3.132986762692254e-10,3.085935697679317e-10,3.132986762692254e-10,3.132986762692254e-10,20.298285091538556,25.172958043588544,103.60889676396756,True,0.0,0.0,0.0,0.0,0.0,0.0,0.0,0.0,0.0,0.0,0.0,0.0,0.0,0.0,0.0,0.0,CFM1990,autumn
sfo_dfw,2023-11-06,daytime,GTF2000,0,0,632.46,11308.08,632.46,11308.08,104.83748888800652,6290.249333280392,270675719.06038857,711.45,711.45,24060.2036997975,24060.2036997975,1.9902001831897944,77.11112243477777,0.0019194696238691,0.0875148703471579,1.0097607515724349e+17,3.842383145066102e+18,1.7224067060820606e-10,4.705106501293733e-12,4.705106501293733e-12,1.5262988463217966e-12,-1.2274036811401732e-14,1.3588593371853223e-10,1.3588593371853223e-10,1.7375469541771644e-10,1.7845980191901018e-10,1.7845980191901018e-10,3.096529031730601e-10,3.143580096743538e-10,3.143580096743538e-10,3.096529031730601e-10,3.143580096743538e-10,3.143580096743538e-10,20.298285091538556,25.172958043588544,103.60889676396756,True,-0.8156425788271685,0.0,0.0,0.003084640416261529,0.0,0.0,0.0,0.0033722216000172498,0.001713448359986846,0.001713448359986846,0.003283020826599892,0.003283020826599892,0.0016877592939775025,0.0016877592939775025,0.0016877592939775025,0.0016877592939775025,CFM2008,autumn
sfo_dfw,2023-11-06,daytime,GTF,0,0,632.46,11308.08,632.46,11308.08,87.35148986851888,5241.089392111131,225529317.6319341,711.45,711.45,20047.166924825084,20047.166924825084,2.135735075952028,64.39696239937487,0.0012344539695656,0.0436957160091554,1.1456852397047056e+17,3.2316496405313e+18,1.3655187966933642e-10,3.920334865299128e-12,3.920334865299128e-12,1.2725988242880513e-12,-4.163537826635878e-15,1.6104564308619462e-10,1.6104564308619462e-10,1.3782031495579782e-10,1.4174064982109696e-10,1.4174064982109696e-10,2.9887012157981906e-10,3.0279045644511824e-10,3.0279045644511824e-10,2.9887012157981906e-10,3.0279045644511824e-10,3.0279045644511824e-10,25.172958043588544,25.172958043588544,115.77016959449672,True,-0.9334069903233008,0.08473234688747283,0.08473234688747283,-0.11253077547393465,-0.09098335988162858,-0.09098335988162858,-0.09064283581988439,-0.11200273341894262,-0.016006632703494877,-0.016006632703494877,-0.11143444847177982,-0.11143444847177982,-0.01705633043356959,-0.01705633043356959,-0.01705633043356959,-0.01705633043356959,GTF,autumn
sfo_dfw,2023-11-06,daytime,GTF2035,0,0,632.46,11308.08,632.46,11308.08,80.17505949897168,4810.503569938301,207000779.118015,711.45,711.45,18400.176155014,18400.176155014,2.496509291241101,69.24566224118915,0.001258534553111,0.0409680570949688,1.117037982987e+17,2.947259111250779e+18,1.4620368060113534e-10,3.598256670313849e-12,3.598256670313849e-12,1.1678614121947809e-12,-9.868430260044912e-16,1.6104564308619462e-10,1.6104564308619462e-10,1.473705551703041e-10,1.5096881184061794e-10,1.5096881184061794e-10,3.0841718509952475e-10,3.1201544176983856e-10,3.1201544176983856e-10,3.0841718509952475e-10,3.1201544176983856e-10,3.1201544176983856e-10,25.172958043588544,25.172958043588544,120.45037312221918,True,-0.9838046689997789,0.08473234688747283,0.08473234688747283,-0.0786982850505894,-0.1333013874142748,-0.1333013874142748,-0.13304235818710122,-0.07881113917832348,-0.00028586968219837354,-0.00028586968219837354,-0.08018947157312123,-0.08018947157312123,-0.0020521438143935714,-0.0020521438143935714,-0.0020521438143935714,-0.0020521438143935714,GTF2035,autumn
sfo_dfw,2023-11-06,daytime,GTF2035,20,0,632.46,11308.08,632.46,11308.08,79.77710644854098,4786.626386912458,206997658.1020293,697.5,577.6974,17949.848950921718,14866.782895111402,2.496423605554842,68.89950431115193,0.0010144425284455,0.0337679971522775,9.048059255051853e+16,2.475211989245668e+18,1.454718941177482e-10,3.510192683735803e-12,2.907281988377341e-12,1.1874289689252992e-12,8.02091178640287e-16,1.6104564308619462e-10,1.6104564308619462e-10,1.4666012517785208e-10,1.5017031786158792e-10,1.4956740716622946e-10,3.077049661728681e-10,3.1121515885660394e-10,3.1061224816124545e-10,3.077049661728681e-10,3.1121515885660394e-10,3.1061224816124545e-10,25.172958043588544,25.172958043588544,120.93159986460064,True,-0.9868166924332739,0.08473234688747283,0.08473234688747283,-0.0811911597367572,-0.14544982363337192,-0.2361708832064711,-0.12487246344034762,-0.08121185109232716,-0.0014418395359435702,-0.0014418395359435702,-0.08282343922752206,-0.0848207692551025,-0.003336222987280442,-0.0043057878982199595,-0.003336222987280442,-0.0043057878982199595,GTF2035 - 20,autumn
sfo_dfw,2023-11-06,daytime,GTF2035,100,0,632.46,11308.08,632.46,11308.08,78.22426353395494,4693.455812037297,206986094.7666568,640.3050000000001,42.687,16157.221632938394,1077.1481088625596,2.496087837924249,67.54900071466318,0.0004932639541832,0.0182878720410973,4.79918802348131e+16,1.5125988246395172e+18,1.4261668373434779e-10,3.159634452663508e-12,2.1064229684423386e-13,1.2619560142132029e-12,1.2572171878549815e-15,1.6104564308619462e-10,1.6104564308619462e-10,1.4387989696574884e-10,1.4703953141841234e-10,1.4409053926259308e-10,3.0492428283475567e-10,3.080839172874192e-10,3.0513492513159986e-10,3.0492428283475567e-10,3.080839172874192e-10,3.0513492513159986e-10,25.172958043588544,25.172958043588544,124.19960256665368,True,-0.9794131638448268,0.08473234688747283,0.08473234688747283,-0.09102878782790662,-0.19650641485560968,-0.9142989987917921,-0.09480583566807543,-0.09071053182275352,-0.005980733759596456,-0.005980733759596456,-0.09327598565007866,-0.1033078427000871,-0.00839218709355564,-0.013200691422868477,-0.00839218709355564,-0.013200691422868477,GTF2035 - 100,autumn
sfo_dfw,2023-11-06,daytime,GTF2035_wi,0,15,632.46,11308.08,632.46,11308.08,73.31374072061593,4398.824443236956,189285814.6169294,707.625,707.625,16825.503495381356,16825.503495381356,0.1946886526216173,5.005596934894233,0.0010146653599203,0.0306614948638257,8.894073491043706e+16,2.192917920403672e+18,1.0964997623890362e-11,3.2903206835412425e-12,3.2903206835412425e-12,1.067516839365025e-12,-1.537957339249736e-16,1.6104564308619462e-10,1.6104564308619462e-10,1.203236066752146e-11,1.5322681351062704e-11,1.5322681351062704e-11,1.7307815754945004e-10,1.7636847823299126e-10,1.7636847823299126e-10,1.7307815754945004e-10,1.7636847823299126e-10,1.7636847823299126e-10,25.172958043588544,25.172958043588544,123.31408124664304,True,-0.997458647372432,0.08473234688747283,0.08473234688747283,-0.8796023248636138,-0.1769493718154212,-0.1769493718154212,-0.1768753306136669,-0.8696520606256455,-0.2813439206266475,-0.2813439206266475,-0.8408979810085244,-0.8408979810085244,-0.27963933618425757,-0.27963933618425757,-0.27963933618425757,-0.27963933618425757,GTF2035WI,autumn
sfo_dfw,2023-11-06,daytime,GTF2035_wi,20,15,632.46,11308.08,632.46,11308.08,72.95020221090711,4377.012132654427,189283889.6766407,693.75,574.5915,16413.7954974541,13594.561982811383,0.1946771541395407,4.980477807557241,0.0008188765462032,0.0253145838698153,7.224023536889117e+16,1.845001978532741e+18,1.0909869715398008e-11,3.209808897279913e-12,2.6584921210831147e-12,1.0854082763771264e-12,-1.6364648332301035e-16,1.6104564308619462e-10,1.6104564308619462e-10,1.1995114345291812e-11,1.5204923242571724e-11,1.4653606466374927e-11,1.7304092107796977e-10,1.7625072997524968e-10,1.7569941319905289e-10,1.7304092107796977e-10,1.7625072997524968e-10,1.7569941319905289e-10,25.172958043588544,25.172958043588544,123.62794291457875,True,-0.9972960916103257,0.08473234688747283,0.08473234688747283,-0.8801713723575629,-0.18892148920294072,-0.277936710726094,-0.16881317438421523,-0.8700293331239819,-0.28144298480760566,-0.28144298480760566,-0.8420241331368462,-0.8473149004362299,-0.27994711983275417,-0.2813901854295459,-0.27994711983275417,-0.2813901854295459,GTF2035WI - 20,autumn
sfo_dfw,2023-11-06,daytime,GTF2035_wi,100,15,632.46,11308.08,632.46,11308.08,71.53281712947692,4291.969027768615,189280126.0936237,636.8625,42.4575,14775.103378093456,985.0068918728972,0.1946382704413562,4.882717658660529,0.0004004521364283,0.0138116604849374,3.869716808025506e+16,1.1343331043338058e+18,1.0695819064578762e-11,2.889353549493832e-12,1.9262356996625545e-13,1.1535733589227359e-12,3.4248222310436865e-15,1.6104564308619462e-10,1.6104564308619462e-10,1.1852817245732542e-11,1.4742170795226375e-11,1.2045440815698796e-11,1.7289503550969616e-10,1.7578438905919003e-10,1.7308765907966242e-10,1.7289503550969616e-10,1.7578438905919003e-10,1.7308765907966242e-10,25.172958043588544,25.172958043588544,126.10680863470638,True,-0.9448967235588677,0.08473234688747283,0.08473234688747283,-0.88238414010786,-0.23908914388345523,-0.9213416961883729,-0.13908330653589893,-0.8714720807216167,-0.2818312474497529,-0.2818312474497529,-0.8464629358020181,-0.8727620954833254,-0.281167549969647,-0.2882708805727216,-0.281167549969647,-0.2882708805727216,GTF2035WI - 100,autumn
sfo_dfw,2023-11-06,nighttime,GTF1990,0,0,632.46,11308.08,632.46,11308.08,104.51951358778322,6271.170815266993,269854751.35175395,711.45,711.45,23987.22836839625,23987.22836839625,1.99075345171408,77.59117345061006,0.0091915162952699,0.3412962950774223,1.0750594724062724e+18,3.562693519394144e+19,1.7818878396746836e-10,4.690835769819711e-12,4.690835769819711e-12,1.5557267539079365e-12,1.8506088490782943e-11,3.197067235255996e-10,3.197067235255996e-10,1.9825059921215924e-10,2.0294143498197892e-10,2.0294143498197892e-10,4.994512342469758e-10,5.041420700167956e-10,5.041420700167956e-10,4.994512342469758e-10,5.041420700167956e-10,5.041420700167956e-10,54.59241692464892,58.90640216050673,120.23267306281627,True,0.0,0.0,0.0,0.0,0.0,0.0,0.0,0.0,0.0,0.0,0.0,0.0,0.0,0.0,0.0,0.0,CFM1990,autumn
sfo_dfw,2023-11-06,nighttime,GTF2000,0,0,632.46,11308.08,632.46,11308.08,104.51951358778322,6271.170815266993,269854751.35175395,711.45,711.45,23987.22836839625,23987.22836839625,1.993389987857456,77.74020301248754,0.0018783451631494,0.086477578104518,9.69323246185818e+16,3.6860742753885e+18,1.7903477253625568e-10,4.690835769819711e-12,4.690835769819711e-12,1.5557267539079365e-12,1.2142511277863e-11,3.197067235255996e-10,3.197067235255996e-10,1.9273301056802664e-10,1.9742384633784632e-10,1.9742384633784632e-10,5.002972228157632e-10,5.049880585855829e-10,5.049880585855829e-10,5.002972228157632e-10,5.049880585855829e-10,5.049880585855829e-10,54.59241692464892,58.90640216050673,120.23267306281627,True,-0.20763027547607554,0.0,0.0,0.00236823287094309,0.0,0.0,0.0,-0.014112071468250635,0.0008462014247792708,0.0008462014247792708,-0.013781386402795914,-0.013781386402795914,0.0008383344672891078,0.0008383344672891078,0.0008383344672891078,0.0008383344672891078,CFM2008,autumn
sfo_dfw,2023-11-06,nighttime,GTF,0,0,632.46,11308.08,632.46,11308.08,85.95626355498464,5157.375813299079,221927038.62207264,711.45,711.45,19726.96248586897,19726.96248586897,2.094649703280798,64.81109789973561,0.0012320611603151,0.0446703095843309,1.0473067033824755e+17,3.070929907014754e+18,1.3283075826793968e-10,3.857717108347711e-12,3.857717108347711e-12,1.2772716568991645e-12,1.1268527563932452e-11,3.282052947290892e-10,3.282052947290892e-10,1.453765574887713e-10,1.49234274597119e-10,1.49234274597119e-10,4.62313324653928e-10,4.661710417622758e-10,4.661710417622758e-10,4.62313324653928e-10,4.661710417622758e-10,4.661710417622758e-10,55.68433704326881,58.90640216050673,123.0025585045657,True,-0.2430782285672591,0.013116859950186743,0.013116859950186743,-0.14583657789965357,-0.0974572741545231,-0.0974572741545231,-0.09828988817873782,-0.15387038158164512,-0.03861434615087988,-0.03861434615087988,-0.1525010354889266,-0.1525010354889266,-0.03913275806909366,-0.03913275806909366,-0.03913275806909366,-0.03913275806909366,GTF,autumn
sfo_dfw,2023-11-06,nighttime,GTF2035,0,0,632.46,11308.08,632.46,11308.08,81.61854119266263,4897.112471559759,210727646.763688,711.45,711.45,18731.45520371608,18731.45520371608,2.524382039783377,71.41032448835762,0.0012718705925744,0.0422445592935753,1.0815707541158294e+17,2.9386830886008243e+18,1.5630192603963426e-10,3.6630401287267e-12,3.6630401287267e-12,1.2121302921770742e-12,1.0811734156910863e-11,3.2940898454992584e-10,3.2940898454992584e-10,1.6832579048872218e-10,1.7198883061744887e-10,1.7198883061744887e-10,4.869230408817371e-10,4.905860810104641e-10,4.905860810104641e-10,4.869230408817371e-10,4.905860810104641e-10,4.905860810104641e-10,55.83914389487032,58.90640216050673,124.1610962338864,True,-0.2624463087294558,0.014946889905177556,0.014946889905177556,-0.06543338057840037,-0.12303218931847545,-0.12303218931847545,-0.12413808083653073,-0.08163321360618744,-0.012701257201384212,-0.012701257201384212,-0.08255563021844586,-0.08255563021844586,-0.01362783288311707,-0.01362783288311707,-0.01362783288311707,-0.01362783288311707,GTF2035,autumn
sfo_dfw,2023-11-06,nighttime,GTF2035,20,0,632.46,11308.08,632.46,11308.08,81.21321537696602,4872.792922617962,210723929.9386137,697.5,577.6974,18272.97345981736,15134.407538359124,2.5242905566608065,71.05312245148873,0.0010294072611635,0.0350128676003715,8.81887320731259e+16,2.478627201005121e+18,1.555182966199405e-10,3.573381476586505e-12,2.9596174741680066e-12,1.2324368463258828e-12,1.0245662895666004e-11,3.3026345999939886e-10,3.3026345999939886e-10,1.6699639636193242e-10,1.7056977783851889e-10,1.6995601383610043e-10,4.870141934656653e-10,4.905875749422517e-10,4.899738109398332e-10,4.870141934656653e-10,4.905875749422517e-10,4.899738109398332e-10,55.94789400814494,58.90640216050673,125.22849757115604,True,-0.2873016493530957,0.016241878075924466,0.016241878075924466,-0.06793529015812927,-0.13521598717883937,-0.2262896380697734,-0.11595083859316654,-0.08557004774564066,-0.012607680342278996,-0.012607680342278996,-0.08666850159333027,-0.08845708451593795,-0.013626310569141507,-0.014252120249128671,-0.013626310569141507,-0.014252120249128671,GTF2035 - 20,autumn
sfo_dfw,2023-11-06,nighttime,GTF2035,100,0,632.46,11308.08,632.46,11308.08,79.63294916778628,4777.976950067177,210713561.47491255,640.3050000000001,42.687,16448.185650606258,1096.5457100404171,2.523955918880098,69.6608414571315,0.0005104684249115,0.0194260218053799,4.809382114475782e+16,1.538148505645104e+18,1.5246929498660506e-10,3.2165340827852238e-12,2.144356055190149e-13,1.3097969131565017e-12,8.574281282212027e-12,3.3026345999939886e-10,3.3026345999939886e-10,1.623533731819736e-10,1.6556990726475878e-10,1.6256780878749258e-10,4.840425518991605e-10,4.872590859819457e-10,4.842569875046795e-10,4.840425518991605e-10,4.872590859819457e-10,4.842569875046795e-10,55.94789400814494,58.90640216050673,131.17691414454146,True,-0.3667530130432374,0.016241878075924466,0.016241878075924466,-0.07778273273170379,-0.18644653209800302,-0.9125693201819205,-0.08582369902509847,-0.09954750579106407,-0.015667289986848763,-0.015667289986848763,-0.10141215054433234,-0.11045856399722188,-0.017029417337971458,-0.020118475792540978,-0.017029417337971458,-0.020118475792540978,GTF2035 - 100,autumn
sfo_dfw,2023-11-06,nighttime,GTF2035_wi,0,15,632.46,11308.08,632.46,11308.08,74.63925835735911,4478.355501441547,192708115.5825312,707.625,707.625,17129.709793013917,17129.709793013917,0.1960090949209627,5.152816682565307,0.0010250448045692,0.0316304410856605,8.585023787425443e+16,2.181342952466716e+18,1.1765109422419954e-11,3.349809915078277e-12,3.349809915078277e-12,1.1083358782905016e-12,9.669675945487698e-12,3.3026345999939886e-10,3.3026345999939886e-10,2.2543121246198156e-11,2.5892931161276428e-11,2.5892931161276428e-11,3.4313690530010933e-10,3.464867152151876e-10,3.464867152151876e-10,3.4313690530010933e-10,3.464867152151876e-10,3.464867152151876e-10,55.94789400814494,58.90640216050673,128.57318049159042,True,-0.31361749085040397,0.016241878075924466,0.016241878075924466,-0.8761266830338499,-0.1667808665242097,-0.1667808665242097,-0.16793556961092876,-0.7957992537160958,-0.18551688732633934,-0.18551688732633934,-0.7736971802122861,-0.7736971802122861,-0.18533978339166163,-0.18533978339166163,-0.18533978339166163,-0.18533978339166163,GTF2035WI,autumn
sfo_dfw,2023-11-06,nighttime,GTF2035_wi,20,15,632.46,11308.08,632.46,11308.08,74.26972338174582,4456.1834029047495,192707651.25861588,693.75,574.5915,16710.68776089281,13840.46003108186,0.1960026725099231,5.127090477425922,0.0008308152120189,0.0262707078379451,7.021837522741205e+16,1.843826887836198e+18,1.1706747587681902e-11,3.2678678287968162e-12,2.706578850522675e-12,1.126920931912868e-12,9.120533399930674e-12,3.3026345999939886e-10,3.3026345999939886e-10,2.1954201919525445e-11,2.522206974832226e-11,2.466078077004812e-11,3.4309712851899357e-10,3.4636499634779046e-10,3.4580370736951625e-10,3.4309712851899357e-10,3.4636499634779046e-10,3.4580370736951625e-10,55.94789400814494,58.90640216050673,131.08101476095823,True,-0.339728654772921,0.016241878075924466,0.016241878075924466,-0.8767032853084067,-0.17879393589557116,-0.268236542242808,-0.15984425545759562,-0.8006019686519312,-0.18557285568117823,-0.18557285568117823,-0.7789123218620277,-0.7832992909267977,-0.185509421271958,-0.18629231047442738,-0.185509421271958,-0.18629231047442738,GTF2035WI - 20,autumn
sfo_dfw,2023-11-06,nighttime,GTF2035_wi,100,15,632.46,11308.08,632.46,11308.08,72.82646913893194,4369.588148335917,192703206.9297623,636.8625,42.4575,15042.307200646392,1002.8204800430927,0.1959604650767485,5.026336567366277,0.0004146236440626,0.0147040733983337,3.874426898568502e+16,1.1524318503913376e+18,1.1476405206412103e-11,2.9416067414597388e-12,1.9610711609731598e-13,1.1976895853598758e-12,7.559754768249784e-12,3.3026345999939886e-10,3.3026345999939886e-10,2.0233849560021763e-11,2.3175456301481505e-11,2.042995667611908e-11,3.4293755479117083e-10,3.4587916153263057e-10,3.431336619072681e-10,3.4293755479117083e-10,3.4587916153263057e-10,3.431336619072681e-10,55.94789400814494,58.90640216050673,133.02718940223127,True,-0.41994934189362443,0.016241878075924466,0.016241878075924466,-0.8789824821687146,-0.22918338733307322,-0.9197424153810151,-0.13003379236257084,-0.8147799564341526,-0.18579743877469554,-0.18579743877469554,-0.7950134890857956,-0.8170763361908936,-0.18618700640651292,-0.19003070906314798,-0.18618700640651292,-0.19003070906314798,GTF2035WI - 100,autumn
gru_lim,2023-05-05,daytime,GTF1990,0,0,1544.3200000000002,12374.88,1844.04,12374.88,226.3592793247691,13581.556759486146,584427968.9174483,998.325,998.325,51949.4546050345,51949.4546050345,4.564236668600552,252.39989479627843,0.0138062631459681,0.7580138275293543,6.701943085639324e+17,3.4827381048766923e+19,5.019107963347495e-10,1.0159004456095635e-11,1.0159004456095635e-11,3.213532207898894e-12,4.7117402149199925e-11,3.9837196910550806e-10,3.9837196910550806e-10,5.522417306918483e-10,5.624007351479441e-10,5.624007351479441e-10,9.034962976481564e-10,9.136553021042519e-10,9.136553021042519e-10,9.034962976481564e-10,9.136553021042519e-10,9.136553021042519e-10,84.00917300737925,84.03776887770127,229.42487815898485,True,0.0,0.0,0.0,0.0,0.0,0.0,0.0,0.0,0.0,0.0,0.0,0.0,0.0,0.0,0.0,0.0,CFM1990,autumn
gru_lim,2023-05-05,daytime,GTF2000,0,0,1544.3200000000002,12374.88,1844.04,12374.88,226.3592793247691,13581.556759486146,584427968.9174483,998.325,998.325,51949.4546050345,51949.4546050345,4.564704505051636,252.40357675812817,0.0064908650740019,0.3639004968647621,1.9271244304016378e+17,1.0486085546234644e+19,5.019319883726661e-10,1.0159004456095635e-11,1.0159004456095635e-11,3.213532207898894e-12,4.3548248821940796e-11,3.9837196910550806e-10,3.9837196910550806e-10,5.486937694025058e-10,5.588527738586013e-10,5.588527738586013e-10,9.035174896860727e-10,9.136764941421685e-10,9.136764941421685e-10,9.035174896860727e-10,9.136764941421685e-10,9.136764941421685e-10,84.00917300737925,84.03776887770127,229.42487815898485,True,-0.039366102697428455,0.0,0.0,2.111091322210642e-05,0.0,0.0,0.0,-0.0032226786119971982,1.1727657013426751e-05,1.1727657013426751e-05,-0.0031642811022159385,-0.0031642811022159385,1.1597257794193223e-05,1.1597257794193223e-05,1.1597257794193223e-05,1.1597257794193223e-05,CFM2008,autumn
gru_lim,2023-05-05,daytime,GTF,0,0,1544.3200000000002,12374.88,1844.04,12374.88,194.7833913994345,11687.003483966071,502903446.91854405,998.325,998.325,44702.78832617022,44702.78832617022,4.182572262946035,196.2653927442932,0.0038048339189448,0.1823840608296363,1.9444708102504397e+17,8.60677987594915e+18,3.8822017499027885e-10,8.741878606006623e-12,8.741878606006623e-12,2.764995472470476e-12,4.1062559523686426e-11,3.9837196910550806e-10,3.9837196910550806e-10,4.320477299864358e-10,4.407896085924424e-10,4.407896085924424e-10,7.893571395682572e-10,7.980990181742641e-10,7.980990181742641e-10,7.893571395682572e-10,7.980990181742641e-10,7.980990181742641e-10,84.00917300737925,84.03776887770127,229.42487815898485,True,-0.06866460940383065,0.0,0.0,-0.12772347554117056,-0.07497670058233735,-0.07497670058233735,-0.07502461465574517,-0.12211245320313148,-0.06742412282753785,-0.06742412282753785,-0.1212243791164054,-0.1212243791164054,-0.06750751703152467,-0.06750751703152467,-0.06750751703152467,-0.06750751703152467,GTF,autumn
gru_lim,2023-05-05,daytime,GTF2035,0,0,1544.3200000000002,12374.88,1844.04,12374.88,182.32913387940272,10939.748032764164,470748297.5978747,998.325,998.325,41844.536225322925,41844.536225322925,5.0309659625452365,224.85691723371175,0.0038097807944446,0.1722822307617086,1.72878074216094e+17,7.607948437021762e+18,4.422309252762943e-10,8.182931528507594e-12,8.182931528507594e-12,2.5893399799337207e-12,3.9747133498093305e-11,3.9837196910550806e-10,3.9837196910550806e-10,4.845673987543212e-10,4.927503302828289e-10,4.927503302828289e-10,8.431922343617361e-10,8.513751658902435e-10,8.513751658902435e-10,8.431922343617361e-10,8.513751658902435e-10,8.513751658902435e-10,84.00917300737925,84.03776887770127,229.42487815898485,True,-0.08484784493677638,0.0,0.0,-0.06321071264239858,-0.10773524284714633,-0.10773524284714633,-0.10756608240897862,-0.0652717361523201,-0.034524794879731174,-0.034524794879731174,-0.06600988914955026,-0.06600988914955026,-0.035285587044156706,-0.035285587044156706,-0.035285587044156706,-0.035285587044156706,GTF2035,autumn
gru_lim,2023-05-05,daytime,GTF2035,20,0,1544.3200000000002,12374.88,1844.04,12374.88,181.42946282746735,10885.767769648044,470755027.1984296,978.75,810.6398999999999,40821.62913618017,33810.10611574986,5.031080845830873,223.7530900704059,0.0034623583006576,0.1561393965831585,1.62927861117002e+17,7.177166293098281e+18,4.400588111664615e-10,7.982896364408565e-12,6.6117540848577496e-12,2.6328033263393986e-12,3.910493181144433e-11,3.98524464231843e-10,3.98524464231843e-10,4.817965463042452e-10,4.897794426686536e-10,4.884083003891028e-10,8.412160787246439e-10,8.491989750890523e-10,8.478278328095015e-10,8.412160787246439e-10,8.491989750890523e-10,8.478278328095015e-10,84.03456907598995,84.03776887770127,229.45143593314097,True,-0.09292801493187189,0.000191361286053555,0.000191361286053555,-0.06566240001348289,-0.11994928829219519,-0.211514008896835,-0.09933211635879145,-0.0681262830929703,-0.03569655363653178,-0.03569655363653178,-0.06901982570132473,-0.07041473022833804,-0.036563616090731305,-0.037370479449962773,-0.036563616090731305,-0.037370479449962773,GTF2035 - 20,autumn
gru_lim,2023-05-05,daytime,GTF2035,100,0,1544.3200000000002,12374.88,1844.04,12374.88,178.0990859139331,10685.945154835988,471260867.27342176,898.4925000000001,59.89949999999999,36786.36619552288,2452.424413034859,5.040396572937622,219.5440179953306,0.0026708561098894,0.1188577721670187,1.4010983206159363e+17,6.132416737559103e+18,4.319644609320056e-10,7.1937782782355855e-12,4.79585218549039e-13,2.801015470315115e-12,3.717358075042252e-11,3.9854239184118436e-10,3.9854239184118436e-10,4.719390571527433e-10,4.791328354309789e-10,4.724186423712924e-10,8.33307868243505e-10,8.405016465217405e-10,8.33787453462054e-10,8.33307868243505e-10,8.405016465217405e-10,8.33787453462054e-10,84.03776887770127,84.03776887770127,230.49839359011048,True,-0.11797016782470031,0.00021385326206676224,0.00021385326206676224,-0.07489901339442408,-0.17087900097968522,-0.909840451936585,-0.06858649389013965,-0.07840673686928216,-0.040412402723951975,-0.040412402723951975,-0.07994739878685024,-0.08695439487455771,-0.04170302756535649,-0.0457055593883043,-0.04170302756535649,-0.0457055593883043,GTF2035 - 100,autumn
gru_lim,2023-05-05,daytime,GTF2035_wi,0,15,1844.04,12374.88,1844.04,12374.88,166.78210257070742,10006.926154242448,430608039.3432067,998.325,998.325,38276.49253997736,38276.49253997736,0.3770603181315597,15.436309352519702,0.0030734834786892,0.1272034816893895,1.4092685947150672e+17,5.658042765622811e+18,3.0526343618361696e-11,7.48518076337335e-12,7.48518076337335e-12,2.36835410866178e-12,3.638310863148436e-11,3.9854239184118436e-10,3.9854239184118436e-10,6.927780635850784e-11,7.676298712188119e-11,7.676298712188119e-11,4.314370895682079e-10,4.3892227033158124e-10,4.3892227033158124e-10,4.314370895682079e-10,4.3892227033158124e-10,4.3892227033158124e-10,84.03776887770127,84.03776887770127,230.44693189365003,True,-0.1285536270060598,0.00021385326206676224,0.00021385326206676224,-0.8853335301851782,-0.15154135254553602,-0.15154135254553602,-0.15141442360257126,-0.7770695779338153,-0.35362004771211686,-0.35362004771211686,-0.7598018021133075,-0.7598018021133075,-0.3509839594025889,-0.3509839594025889,-0.3509839594025889,-0.3509839594025889,GTF2035WI,autumn
gru_lim,2023-05-05,daytime,GTF2035_wi,20,15,1844.04,12374.88,1844.04,12374.88,165.95962517017733,9957.577510210638,430615439.4290591,978.75,810.6398999999999,37340.915663289896,30927.23998896322,0.3770598026884479,15.360260931224964,0.0027911158254599,0.1152100982614102,1.326054753664949e+17,5.332995652007345e+18,3.0375763848268716e-11,7.302223507487801e-12,6.0479935978416956e-12,2.40811405139518e-12,3.575017025503577e-11,3.9854239184118436e-10,3.9854239184118436e-10,6.853404815469967e-11,7.583627166218748e-11,7.458204175254135e-11,4.313262697408482e-10,4.3862849324833605e-10,4.3737426333869003e-10,4.313262697408482e-10,4.3862849324833605e-10,4.3737426333869003e-10,84.03776887770127,84.03776887770127,230.49839359011048,True,-0.13717346320601434,0.00021385326206676224,0.00021385326206676224,-0.8858668765267173,-0.16360710452700364,-0.25365652815977296,-0.14327087108551942,-0.7791987042985423,-0.3537324281465377,-0.3537324281465377,-0.7623570214418861,-0.7658271323584213,-0.3512774541027903,-0.3525319141401696,-0.3512774541027903,-0.3525319141401696,GTF2035WI - 20,autumn
gru_lim,2023-05-05,daytime,GTF2035_wi,100,15,1844.04,12374.88,1844.04,12374.88,162.57780816758716,9754.668490055228,430190635.07992566,898.4925000000001,59.89949999999999,33580.44627701512,2238.696418467675,0.3759969788488521,15.052571861566236,0.002148168060089,0.087532493055017,1.133673669007345e+17,4.545261308229251e+18,2.974697419181725e-11,6.56684282750518e-12,4.3778952183367866e-13,2.5570627899571174e-12,3.4008146501588536e-11,3.9854239184118436e-10,3.9854239184118436e-10,6.631218348336289e-11,7.287902631086808e-11,6.674997300519659e-11,4.308464288229587e-10,4.3741327165046384e-10,4.312842183447924e-10,4.308464288229587e-10,4.3741327165046384e-10,4.312842183447924e-10,84.03776887770127,84.03776887770127,230.50097596674885,True,-0.16159219710231174,0.00021385326206676224,0.00021385326206676224,-0.8880972842272008,-0.21476709476550468,-0.9173732125498536,-0.11376113176989185,-0.7855896407291044,-0.35421924176496733,-0.35421924176496733,-0.7705608434825195,-0.787809273230766,-0.35249286357855075,-0.3586563383894072,-0.35249286357855075,-0.3586563383894072,GTF2035WI - 100,autumn
gru_lim,2023-05-05,nighttime,GTF1990,0,0,1544.3200000000002,12374.88,1844.04,12374.88,231.20235864285323,13872.141518571194,596932121.685637,998.325,998.325,53060.94130853482,53060.94130853482,4.675903864943296,263.84403605405566,0.0138903447048655,0.7791590375273441,6.344184070383933e+17,3.375913361648267e+19,5.192702573301523e-10,1.0376361855891252e-11,1.0376361855891252e-11,3.358099935287148e-12,8.160100793751244e-10,3.1363366949223187e-10,3.1363366949223187e-10,1.3386384366405639e-09,1.349014798496455e-09,1.349014798496455e-09,8.362620267576712e-10,8.466383886135624e-10,8.466383886135624e-10,8.362620267576712e-10,8.466383886135624e-10,8.466383886135624e-10,94.80965139386328,94.80965139386328,228.53547403422235,True,0.0,0.0,0.0,0.0,0.0,0.0,0.0,0.0,0.0,0.0,0.0,0.0,0.0,0.0,0.0,0.0,CFM1990,autumn
gru_lim,2023-05-05,nighttime,GTF2000,0,0,1544.3200000000002,12374.88,1844.04,12374.88,231.20235864285323,13872.141518571194,596932121.685637,998.325,998.325,53060.94130853482,53060.94130853482,4.675903864943296,263.84403605405566,0.0066867674847675,0.3821150589391471,1.9539505432387357e+17,1.0855684916097008e+19,5.192702573301523e-10,1.0376361855891252e-11,1.0376361855891252e-11,3.358099935287148e-12,5.025788132775071e-10,3.1363366949223187e-10,3.1363366949223187e-10,1.0252071705429467e-09,1.0355835323988381e-09,1.0355835323988381e-09,8.362620267576712e-10,8.466383886135624e-10,8.466383886135624e-10,8.362620267576712e-10,8.466383886135624e-10,8.466383886135624e-10,94.80965139386328,94.80965139386328,228.53547403422235,True,-0.23770203726430708,0.0,0.0,0.0,0.0,0.0,0.0,-0.13259379764275986,0.0,0.0,-0.13143985804097236,-0.13143985804097236,0.0,0.0,0.0,0.0,CFM2008,autumn
gru_lim,2023-05-05,nighttime,GTF,0,0,1544.3200000000002,12374.88,1844.04,12374.88,198.2762287898899,11896.573727393392,511921464.0634651,998.325,998.325,45504.394507279736,45504.394507279736,4.222942391393266,204.4563229687749,0.0038896435903735,0.1903604192726141,1.831291851675191e+17,8.66677454970878e+18,3.98482122873916e-10,8.89863714809026e-12,8.89863714809026e-12,2.8826697215036418e-12,4.341733967180751e-10,3.1363366949223187e-10,3.1363366949223187e-10,8.355381893134946e-10,8.44436826461585e-10,8.44436826461585e-10,7.149984620876514e-10,7.238970992357417e-10,7.238970992357417e-10,7.149984620876514e-10,7.238970992357417e-10,7.238970992357417e-10,94.80965139386328,94.80965139386328,229.42487815898485,True,-0.3054245156481206,0.0,0.0,-0.1316129895837244,-0.07666535845193811,-0.07666535845193811,-0.07618134299607977,-0.2313980572329546,-0.07817098774963452,-0.07817098774963452,-0.2300383406196717,-0.2300383406196717,-0.07815250933673773,-0.07815250933673773,-0.07815250933673773,-0.07815250933673773,GTF,autumn
gru_lim,2023-05-05,nighttime,GTF2035,0,0,1544.3200000000002,12374.88,1844.04,12374.88,186.9547627855735,11217.285767134412,482691023.8455609,998.325,998.325,42906.11805928913,42906.11805928913,5.153959185538607,235.7005128012397,0.0038888441382459,0.1791294009416203,1.720448589974107e+17,7.735162390200411e+18,4.5884827416258224e-10,8.39052975381654e-12,8.39052975381654e-12,2.7184304336629995e-12,4.0506045881789017e-10,3.1363366949223187e-10,3.1363366949223187e-10,8.666271634141356e-10,8.75017693167952e-10,8.75017693167952e-10,7.75200374088477e-10,7.835909038422936e-10,7.835909038422936e-10,7.75200374088477e-10,7.835909038422936e-10,7.835909038422936e-10,94.80965139386328,94.80965139386328,229.42487815898485,True,-0.3365486331079388,0.0,0.0,-0.061773682045833785,-0.10581571756121162,-0.10581571756121162,-0.10526887266008435,-0.2140382878210772,-0.03789207407950186,-0.03789207407950186,-0.21312508117800752,-0.21312508117800752,-0.038673998230206647,-0.038673998230206647,-0.038673998230206647,-0.038673998230206647,GTF2035,autumn
gru_lim,2023-05-05,nighttime,GTF2035,20,0,1544.3200000000002,12374.88,1844.04,12374.88,186.032925077054,11161.97550462324,482699630.697432,978.75,810.6398999999999,41857.40814233715,34667.97971980932,5.154136545330869,234.54682704021053,0.003550387642873,0.1629362629794216,1.6306033206940474e+17,7.334350944425892e+18,4.5660070518559766e-10,8.185448703390377e-12,6.779516034096046e-12,2.7640694746904067e-12,3.9543976781685735e-10,3.1363366949223187e-10,3.1363366949223187e-10,8.548045424771454e-10,8.629899911805358e-10,8.615840585112415e-10,7.729984441525201e-10,7.811838928559103e-10,7.797779601866161e-10,7.729984441525201e-10,7.811838928559103e-10,7.797779601866161e-10,94.80965139386328,94.80965139386328,229.42487815898485,True,-0.3471627921973877,0.0,0.0,-0.06421909714681481,-0.11803337532745874,-0.20965676282263795,-0.09702940588815218,-0.2205819338682038,-0.0393122081532081,-0.0393122081532081,-0.21972140819229025,-0.22049714648138738,-0.04020985368167147,-0.04110904841572078,-0.04020985368167147,-0.04110904841572078,GTF2035 - 20,autumn
gru_lim,2023-05-05,nighttime,GTF2035,100,0,1544.3200000000002,12374.88,1844.04,12374.88,182.43445906025104,10946.067543615063,482732524.7409679,898.4925000000001,59.89949999999999,37681.83751889485,2512.122501259657,5.154867122394823,230.04470811068603,0.0027752668550898,0.1253351930087301,1.419348068685585e+17,6.33824453769896e+18,4.478284125631671e-10,7.36889267036166e-12,4.912595113574439e-13,2.9379171586753503e-12,3.6933854693303757e-10,3.1363366949223187e-10,3.1363366949223187e-10,8.201048766548801e-10,8.274737693252418e-10,8.205961361662374e-10,7.643999992140744e-10,7.717688918844361e-10,7.648912587254317e-10,7.643999992140744e-10,7.717688918844361e-10,7.648912587254317e-10,94.80965139386328,94.80965139386328,229.42611512047569,True,-0.37682713973632515,0.0,0.0,-0.073872343113517,-0.16948019432915115,-0.9095920818813339,-0.06673787099700344,-0.2402015824633235,-0.04489519110067607,-0.04489519110067607,-0.23962497983308462,-0.2435545718764413,-0.04626122091225908,-0.05072642009603363,-0.04626122091225908,-0.05072642009603363,GTF2035 - 100,autumn
gru_lim,2023-05-05,nighttime,GTF2035_wi,0,15,1844.04,12374.88,1844.04,12374.88,170.9011966989266,10254.071801935595,441242963.7090907,998.325,998.325,39221.82464240366,39221.82464240366,0.3855175167004364,16.14074467131224,0.0031401276232991,0.1323635563293922,1.3968212963592226e+17,5.751249803000918e+18,3.153925575047515e-11,7.670045707847828e-12,7.670045707847828e-12,2.484877626114432e-12,3.3821569480807523e-10,3.1363366949223187e-10,3.1363366949223187e-10,3.722398281846648e-10,3.7990987389251264e-10,3.7990987389251264e-10,3.4765780286882143e-10,3.553278485766693e-10,3.553278485766693e-10,3.4765780286882143e-10,3.553278485766693e-10,3.553278485766693e-10,94.80965139386328,94.80965139386328,229.42487815898485,True,-0.4139522745497219,0.0,0.0,-0.885480352094578,-0.14996425956162415,-0.14996425956162415,-0.14944817090196943,-0.5648552724787931,-0.412700430943028,-0.412700430943028,-0.5605246660427762,-0.5605246660427762,-0.40875569116267524,-0.40875569116267524,-0.40875569116267524,-0.40875569116267524,GTF2035WI,autumn
gru_lim,2023-05-05,nighttime,GTF2035_wi,20,15,1844.04,12374.88,1844.04,12374.88,170.058006477219,10203.48038863314,441249509.40644014,978.75,810.6398999999999,38263.05145737427,31690.98973905567,0.3855199232844314,16.061301912234246,0.0028648009313307,0.1203177959687639,1.3233627486586038e+17,5.449414337578027e+18,3.138395200374997e-11,7.482552284997636e-12,6.197349104526442e-12,2.526588335110934e-12,3.2946320277473456e-10,3.1363366949223187e-10,3.1363366949223187e-10,3.6337374311359553e-10,3.708562953985932e-10,3.6957109221812203e-10,3.475442098310928e-10,3.5502676211609035e-10,3.5374155893561923e-10,3.475442098310928e-10,3.5502676211609035e-10,3.5374155893561923e-10,94.80965139386328,94.80965139386328,229.42611512047569,True,-0.4247561983176281,0.0,0.0,-0.8860121235004687,-0.1620372631876925,-0.2521470756516373,-0.1413008747394473,-0.5730068827520591,-0.41283598769918584,-0.41283598769918584,-0.5687394285362366,-0.5699125726390589,-0.4091086657534878,-0.41061734718602366,-0.4091086657534878,-0.41061734718602366,GTF2035WI - 20,autumn
gru_lim,2023-05-05,nighttime,GTF2035_wi,100,15,1844.04,12374.88,1844.04,12374.88,166.7683769066942,10006.10261440165,441279131.39772713,898.4925000000001,59.89949999999999,34446.00825007768,2296.400550005179,0.385526534795101,15.750945802157876,0.0022348665878748,0.0923814346631065,1.1510122297859597e+17,4.702410369265228e+18,3.0777046971505674e-11,6.736108280015191e-12,4.4907388533434614e-13,2.6854971044315403e-12,3.0596207948079487e-10,3.1363366949223187e-10,3.1363366949223187e-10,3.394246235567321e-10,3.461607318367473e-10,3.3987369744206646e-10,3.470962135681691e-10,3.538323218481843e-10,3.475452874535034e-10,3.470962135681691e-10,3.538323218481843e-10,3.475452874535034e-10,94.80965139386328,94.80965139386328,229.79210282737043,True,-0.4545995155659015,0.0,0.0,-0.8880930904276302,-0.21272519671124834,-0.9170335687044587,-0.11129180625962372,-0.595456652842564,-0.413370859744729,-0.413370859744729,-0.5915930525864703,-0.5975178962265387,-0.4105106959051306,-0.4179366299862482,-0.4105106959051306,-0.4179366299862482,GTF2035WI - 100,autumn
hel_kef,2023-11-06,daytime,GTF1990,0,0,716.2800000000001,9966.96,723.9000000000001,9966.96,111.87923459825248,6712.754075895147,288856520.6398442,749.7,749.7,25676.284340298946,25676.284340298946,1.9397488602448991,72.73076910951707,0.0119082344366636,0.4278379715722857,1.6448847609269494e+18,5.578616297356153e+19,1.0562658176994076e-10,5.021140048769572e-12,5.021140048769572e-12,3.2363781454797832e-12,1.1690694790015222e-09,-3.132414654664358e-11,-3.132414654664358e-11,1.2779324389169431e-09,1.2829535789657122e-09,1.2829535789657122e-09,7.753881336877696e-11,8.255995341754652e-11,8.255995341754652e-11,7.753881336877696e-11,8.255995341754652e-11,8.255995341754652e-11,89.76591145262319,90.2578926652701,169.2264899390387,True,0.0,0.0,0.0,0.0,0.0,0.0,0.0,0.0,0.0,0.0,0.0,0.0,0.0,0.0,0.0,0.0,CFM1990,autumn
hel_kef,2023-11-06,daytime,GTF2000,0,0,716.2800000000001,9966.96,723.9000000000001,9966.96,111.87923459825248,6712.754075895147,288856520.6398442,749.7,749.7,25676.284340298946,25676.284340298946,1.94055259859409,72.74326406210321,0.0014885435927025,0.0656488179909505,1.2196633605720704e+17,4.415039460568881e+18,1.0565321210359416e-10,5.021140048769572e-12,5.021140048769572e-12,3.2363781454797832e-12,2.5734183658859774e-11,-3.132414654664358e-11,-3.132414654664358e-11,1.3462377390793368e-10,1.3964491395670327e-10,1.3964491395670327e-10,7.756544370243035e-11,8.258658375119992e-11,8.258658375119992e-11,7.756544370243035e-11,8.258658375119992e-11,8.258658375119992e-11,89.76591145262319,90.2578926652701,169.2264899390387,True,-0.9569231590710738,0.0,0.0,0.00012604297441401048,0.0,0.0,0.0,-0.8093898526859917,0.00017169311891394856,0.00017169311891394856,-0.8036762801992942,-0.8036762801992942,0.0001612527523128659,0.0001612527523128659,0.0001612527523128659,0.0001612527523128659,CFM2008,autumn
hel_kef,2023-11-06,daytime,GTF,0,0,716.2800000000001,9966.96,723.9000000000001,9966.96,93.88806979836804,5633.284187902082,242405851.8896145,749.7,749.7,21547.312018725464,21547.312018725464,2.184949401693532,66.95486128062834,0.0011430521175761,0.0393680561886342,1.2628770488903907e+17,3.495764916931931e+18,8.512892063618972e-11,4.2136965725507575e-12,4.2136965725507575e-12,2.740923223220164e-12,5.83216775449584e-12,-3.132414654664358e-11,-3.132414654664358e-11,9.370201161390572e-11,9.791570818645648e-11,9.791570818645648e-11,5.6545697312766294e-11,6.075939388531706e-11,6.075939388531706e-11,5.6545697312766294e-11,6.075939388531706e-11,6.075939388531706e-11,89.76591145262319,90.2578926652701,169.2264899390387,True,-0.9900720749339336,0.0,0.0,-0.10745515004914631,-0.08743451663829999,-0.08743451663829999,-0.08288939969700403,-0.8633717437213082,-0.15656630247076234,-0.15656630247076234,-0.8581825099631369,-0.8581825099631369,-0.15211176957260586,-0.15211176957260586,-0.15211176957260586,-0.15211176957260586,GTF,autumn
hel_kef,2023-11-06,daytime,GTF2035,0,0,716.2800000000001,9966.96,723.9000000000001,9966.96,86.9770486441266,5218.622918647596,224562562.8123247,749.7,749.7,19961.23266382706,19961.23266382706,2.5731667554315893,72.0258271821275,0.0012040571395264,0.0375797132828688,1.374102030511399e+17,3.4143734823607363e+18,9.408582164564022e-11,3.903529943148403e-12,3.903529943148403e-12,2.527786492584934e-12,4.483199800582701e-12,-3.132414654664358e-11,-3.132414654664358e-11,1.0109680793880784e-10,1.0500033788195626e-10,1.0500033788195626e-10,6.528946159158158e-11,6.919299153472996e-11,6.919299153472996e-11,6.528946159158158e-11,6.919299153472996e-11,6.919299153472996e-11,89.76591145262319,90.2578926652701,169.2264899390387,True,-0.9923596104690267,0.0,0.0,-0.0577868971927868,-0.12522705115519758,-0.12522705115519758,-0.12293050205671334,-0.8533797478634871,-0.08576279298055757,-0.08576279298055757,-0.8486976597602983,-0.8486976597602983,-0.08808370662605738,-0.08808370662605738,-0.08808370662605738,-0.08808370662605738,GTF2035,autumn
hel_kef,2023-11-06,daytime,GTF2035,20,0,716.2800000000001,9966.96,723.9000000000001,9966.96,86.5456239457688,5192.737436746129,224559930.45208636,735.0,608.7564,19472.76538779798,16128.1232047898,2.573093029621188,71.66632173836136,0.0009338390657173,0.0295487231262692,1.06712102459431e+17,2.7360895487929897e+18,9.361506130342923e-11,3.808007453613827e-12,3.153944093381117e-12,2.570151866079451e-12,1.6046100257736085e-12,-3.132414654664358e-11,-3.132414654664358e-11,9.778982319528227e-11,1.0159783064889612e-10,1.0094376728866339e-10,6.486106662286509e-11,6.866907407647894e-11,6.801501071624622e-11,6.486106662286509e-11,6.866907407647894e-11,6.801501071624622e-11,89.76591145262319,90.2578926652701,169.2264899390387,True,-0.9972586562890328,0.0,0.0,-0.06028619459882858,-0.13740087531987247,-0.22840082412867202,-0.11473742115756837,-0.8578349338548321,-0.0890291954365128,-0.0890291954365128,-0.85324079706484,-0.854116683492637,-0.09185326105212417,-0.09659602301732213,-0.09185326105212417,-0.09659602301732213,GTF2035 - 20,autumn
hel_kef,2023-11-06,daytime,GTF2035,100,0,716.2800000000001,9966.96,723.9000000000001,9966.96,84.86195642830864,5091.717385698519,224549828.42669037,674.73,44.982,17528.23710026715,1168.5491400178098,2.5728084262601394,70.26358083934483,0.0003647270925522,0.0125791789690472,4.605448219433702e+16,1.383220512936198e+18,9.17784625398576e-11,3.4277441440522427e-12,2.285162762701495e-13,2.7315071188064015e-12,-2.786756276849224e-12,-3.125372130471879e-11,-3.125372130471879e-11,9.172321338181475e-11,9.5150957525867e-11,9.195172965808491e-11,6.32562483539452e-11,6.668399249799743e-11,6.348476463021533e-11,6.32562483539452e-11,6.668399249799743e-11,6.348476463021533e-11,89.83835425750343,90.2578926652701,169.29893274391895,True,-0.9952438597961851,-0.0011254017489388786,-0.0011254017489388786,-0.07015078707082358,-0.1885924659816122,-0.912940481387257,-0.08459797806346886,-0.8660638340332164,-0.10144222986285874,-0.10144222986285874,-0.8619103921272835,-0.8662428182052431,-0.10637591241746701,-0.13061197311561049,-0.10637591241746701,-0.13061197311561049,GTF2035 - 100,autumn
hel_kef,2023-11-06,daytime,GTF2035_wi,0,15,723.9000000000001,9966.96,723.9000000000001,9966.96,79.67640213568347,4780.5841281410085,205713315.61803573,749.7,749.7,18285.73429013936,18285.73429013936,0.2029775271122373,5.243385617361298,0.000964608224198,0.0278171551206352,1.0949236436374582e+17,2.53042416147101e+18,7.381354344155277e-12,3.5758769278494738e-12,3.5758769278494738e-12,2.313619614331078e-12,9.736238628080394e-13,-3.1302496845947206e-11,-3.1302496845947206e-11,1.0668597821294394e-11,1.4244474749143869e-11,1.4244474749143869e-11,-2.1607522887460848e-11,-1.8031645959611377e-11,-1.8031645959611377e-11,-2.1607522887460848e-11,-1.8031645959611377e-11,-1.8031645959611377e-11,89.78866882374567,90.2578926652701,169.2492473101612,True,-0.9983357470157732,-0.00034569473188361476,-0.00034569473188361476,-0.8693657348683397,-0.1681121631899438,-0.1681121631899438,-0.16626286551512987,-0.9834415811921131,-0.5641286667090251,-0.5641286667090251,-0.9780380880030597,-0.9780380880030597,-0.6414880353576332,-0.6414880353576332,-0.6414880353576332,-0.6414880353576332,GTF2035WI,autumn
hel_kef,2023-11-06,daytime,GTF2035_wi,20,15,723.9000000000001,9966.96,723.9000000000001,9966.96,79.28195832566138,4756.9174995396825,205712897.2675936,735.0,608.7564,17838.44062327381,14774.5100618203,0.2029664522781279,5.21713484034564,0.0007485986165504,0.0218881396545828,8.513858066633715e+16,2.0281917898105208e+18,7.344240620771849e-12,3.488406166329101e-12,2.889237523200414e-12,2.352419092176713e-12,-3.7043489341853233e-13,-3.125372130471879e-11,-3.125372130471879e-11,9.32622481953003e-12,1.2814630985859133e-11,1.2215462342730445e-11,-2.1557061591770223e-11,-1.8068655425441124e-11,-1.8667824068569808e-11,-2.1557061591770223e-11,-1.8068655425441124e-11,-1.8667824068569808e-11,89.83835425750343,90.2578926652701,169.29893274391895,True,-0.9993664746875542,-0.0011254017489388786,-0.0011254017489388786,-0.8699798679809271,-0.1801193440516144,-0.26950705022266497,-0.15816624144942742,-0.9855099443767436,-0.5649251474826236,-0.5649251474826236,-0.9802207973811334,-0.9811368833671475,-0.6408843243846506,-0.6311719069179377,-0.6408843243846506,-0.6311719069179377,GTF2035WI - 20,autumn
hel_kef,2023-11-06,daytime,GTF2035_wi,100,15,723.9000000000001,9966.96,723.9000000000001,9966.96,77.74274112981573,4664.564467788944,205711957.59396023,674.73,44.982,16057.763180363438,1070.5175453575628,0.2029278250097527,5.114851164040581,0.0002933394644233,0.0093577555983825,3.691379452967043e+16,1.0256687459809942e+18,7.200131133202826e-12,3.140184799715517e-12,2.0934565331436787e-13,2.500208420327896e-12,-2.7143491991083607e-12,-3.09362537649296e-11,-3.09362537649296e-11,6.985990354422362e-12,1.012617515413788e-11,7.1953360077367285e-12,-2.1235914211398875e-11,-1.809572941168336e-11,-2.1026568558084507e-11,-2.1235914211398875e-11,-1.809572941168336e-11,-2.1026568558084507e-11,90.2578926652701,90.2578926652701,169.94671492703753,True,-0.9953671502647778,-0.006230168450135669,-0.006230168450135669,-0.8723683257637082,-0.2304718025533807,-0.9199517347955048,-0.12832887932690662,-0.9891261730001274,-0.5700132061784408,-0.5700132061784408,-0.9843378954439969,-0.98884572792454,-0.640442965502819,-0.5940288725394013,-0.640442965502819,-0.5940288725394013,GTF2035WI - 100,autumn
hel_kef,2023-11-06,nighttime,GTF1990,0,0,716.2800000000001,9966.96,723.9000000000001,9966.96,111.57921036343072,6694.752621805844,288081900.0689273,749.7,749.7,25607.428778407357,25607.428778407357,1.9393125768982495,72.80043093161957,0.0119020263263849,0.4299374626303926,1.6548239967266885e+18,5.641395168580308e+19,1.069615373520036e-10,5.007674961110772e-12,5.007674961110772e-12,3.112215271598504e-12,1.1179226812770551e-09,2.9287089274224846e-10,2.9287089274224846e-10,1.2279964339006572e-09,1.233004108861768e-09,1.233004108861768e-09,4.0294464536585053e-10,4.0795232032696135e-10,4.0795232032696135e-10,4.0294464536585053e-10,4.0795232032696135e-10,4.0795232032696135e-10,58.5336955117683,58.5336955117683,169.1591354669232,True,0.0,0.0,0.0,0.0,0.0,0.0,0.0,0.0,0.0,0.0,0.0,0.0,0.0,0.0,0.0,0.0,CFM1990,autumn
hel_kef,2023-11-06,nighttime,GTF2000,0,0,716.2800000000001,9966.96,723.9000000000001,9966.96,111.57921036343072,6694.752621805844,288081900.0689273,749.7,749.7,25607.428778407357,25607.428778407357,1.939357545001626,72.80139762684699,0.0014300749049595,0.0641786245853285,1.1817547656336894e+17,4.334465607948623e+18,1.0696217867651409e-10,5.007674961110772e-12,5.007674961110772e-12,3.112215271598504e-12,1.858226806227789e-10,2.9287089274224846e-10,2.9287089274224846e-10,2.9589707457089145e-10,3.009047495320023e-10,3.009047495320023e-10,4.029452866903611e-10,4.0795296165147186e-10,4.0795296165147186e-10,4.029452866903611e-10,4.0795296165147186e-10,4.0795296165147186e-10,58.5336955117683,58.5336955117683,169.1591354669232,True,-0.714940223676814,0.0,0.0,2.9979121641921297e-06,0.0,0.0,0.0,-0.6116564931526304,7.957966529242687e-07,7.957966529242687e-07,-0.6076628048851689,-0.6076628048851689,7.860281391350925e-07,7.860281391350925e-07,7.860281391350925e-07,7.860281391350925e-07,CFM2008,autumn
hel_kef,2023-11-06,nighttime,GTF,0,0,716.2800000000001,9966.96,723.9000000000001,9966.96,94.98941234227398,5699.364740536439,245249364.15002352,749.7,749.7,21800.07013255188,21800.07013255188,2.209356637767566,67.52992225069045,0.0011799073848261,0.040081309886848,1.42988096719164e+17,3.76272136526397e+18,8.833128941548133e-11,4.263124825921256e-12,4.263124825921256e-12,2.652324637767962e-12,1.2745155276041786e-10,2.9287089274224846e-10,2.9287089274224846e-10,2.1843516681366718e-10,2.2269829163958837e-10,2.2269829163958837e-10,3.8385450679549776e-10,3.881176316214191e-10,3.881176316214191e-10,3.8385450679549776e-10,3.881176316214191e-10,3.881176316214191e-10,58.5336955117683,58.5336955117683,169.2264899390387,True,-0.7953200744370261,0.0,0.0,-0.09539647843135267,-0.08031131642288192,-0.08031131642288192,-0.07977924362762973,-0.6979668216515841,-0.02426303907154944,-0.02426303907154944,-0.6940332150817514,-0.6940332150817514,-0.024915761054662176,-0.024915761054662176,-0.024915761054662176,-0.024915761054662176,GTF,autumn
hel_kef,2023-11-06,nighttime,GTF2035,0,0,716.2800000000001,9966.96,723.9000000000001,9966.96,86.9065769185443,5214.394615112658,224380614.6829128,749.7,749.7,19945.05940280592,19945.05940280592,2.5694677016270795,71.95280375612734,0.0012224352156092,0.0379247602760872,1.3957704964516211e+17,3.409059214494174e+18,9.375163198907504e-11,3.900367172104269e-12,3.900367172104269e-12,2.428735475369548e-12,1.2088027747570358e-10,2.9287089274224846e-10,2.9287089274224846e-10,2.1706064494014816e-10,2.2096101211225246e-10,2.2096101211225246e-10,3.8905126020669304e-10,3.9295162737879724e-10,3.9295162737879724e-10,3.8905126020669304e-10,3.9295162737879724e-10,3.9295162737879724e-10,58.5336955117683,58.5336955117683,169.2264899390387,True,-0.8048434149731007,0.0,0.0,-0.06581484118005493,-0.12430428285444804,-0.12430428285444804,-0.12335063555707451,-0.6995819083987053,-0.017542243667426266,-0.017542243667426266,-0.6960573415072994,-0.6960573415072994,-0.018729702845309445,-0.018729702845309445,-0.018729702845309445,-0.018729702845309445,GTF2035,autumn
hel_kef,2023-11-06,nighttime,GTF2035,20,0,716.2800000000001,9966.96,723.9000000000001,9966.96,86.47552009203841,5188.531205522304,224378031.98281205,735.0,608.7564,19456.992020708643,16115.059071231726,2.5693940420860875,71.59368917187928,0.0009466744877351,0.029789189341852,1.0814919582314434e+17,2.732649037390868e+18,9.3282632425348e-11,3.8049228840496895e-12,3.151389329485316e-12,2.4694409848295457e-12,9.799107889076002e-11,2.9287089274224846e-10,2.9287089274224846e-10,1.937431523009376e-10,1.9754807518498722e-10,1.968945416304229e-10,3.8862296615242604e-10,3.9242788903647564e-10,3.9177435548191134e-10,3.8862296615242604e-10,3.9242788903647564e-10,3.9177435548191134e-10,58.5336955117683,58.5336955117683,169.2264899390387,True,-0.8388190312489997,0.0,0.0,-0.06831112706984156,-0.13648098985040913,-0.2275120731387004,-0.1151583431940501,-0.7274562033986075,-0.018092805977691036,-0.018092805977691036,-0.7238156323299414,-0.7246035003073132,-0.019396320784633964,-0.0202293675257075,-0.019396320784633964,-0.0202293675257075,GTF2035 - 20,autumn
hel_kef,2023-11-06,nighttime,GTF2035,100,0,716.2800000000001,9966.96,723.9000000000001,9966.96,84.79330106523582,5087.59806391415,224368162.2166779,674.73,44.982,17514.056335024463,1167.6037556682977,2.569107936880428,70.19244338878258,0.0003667070656888,0.0126033279459264,4.640800420765475e+16,1.3864914548989873e+18,9.145293121660251e-11,3.4249710166270055e-12,2.2833140110846705e-13,2.624474657439762e-12,4.938247545154311e-11,2.9287089274224846e-10,2.9287089274224846e-10,1.434598813255854e-10,1.468848523422124e-10,1.4368821272669386e-10,3.8694829861629074e-10,3.903732696329177e-10,3.8717663001739926e-10,3.8694829861629074e-10,3.903732696329177e-10,3.8717663001739926e-10,58.5336955117683,58.5336955117683,169.2264899390387,True,-0.9153906325747097,0.0,0.0,-0.07816267758738897,-0.18768770189832606,-0.9127841391652967,-0.08502126142287593,-0.7907919053157453,-0.020251284520806465,-0.020251284520806465,-0.7871062723567952,-0.7912558812547124,-0.022019901297322925,-0.026128705665369616,-0.022019901297322925,-0.026128705665369616,GTF2035 - 100,autumn
hel_kef,2023-11-06,nighttime,GTF2035_wi,0,15,723.9000000000001,9966.96,723.9000000000001,9966.96,79.5926086967981,4775.556521807886,205496972.68991515,749.7,749.7,18266.50369591517,18266.50369591517,0.2022511296998883,5.22789486332212,0.0009790685101173,0.0280426243737556,1.1120338660338944e+17,2.517125149020137e+18,7.253187237151822e-12,3.5721162783122988e-12,3.5721162783122988e-12,2.223144471639705e-12,9.276787814508988e-11,2.9287089274224846e-10,2.9287089274224846e-10,1.0224420985388142e-10,1.0581632613219371e-10,1.0581632613219371e-10,3.0234722445104e-10,3.0591934072935226e-10,3.0591934072935226e-10,3.0234722445104e-10,3.0591934072935226e-10,3.0591934072935226e-10,58.5336955117683,58.5336955117683,169.2264899390387,True,-0.8467521243588992,0.0,0.0,-0.872990330042953,-0.16731860283526012,-0.16731860283526012,-0.16663746077957847,-0.84627712236291,-0.14263232743761506,-0.14263232743761506,-0.8419260367314739,-0.8419260367314739,-0.14292902375005503,-0.14292902375005503,-0.14292902375005503,-0.14292902375005503,GTF2035WI,autumn
hel_kef,2023-11-06,nighttime,GTF2035_wi,20,15,723.9000000000001,9966.96,723.9000000000001,9966.96,79.19876959990154,4751.926175994093,205497047.48086452,735.0,608.7564,17819.72315997785,14759.007510020056,0.2022384225794651,5.201689909221713,0.0007586844208543,0.0220447485468002,8.62613605396897e+16,2.0190134457782956e+18,7.2165348551679936e-12,3.4847458623956687e-12,2.8862059130705884e-12,2.260429479140062e-12,7.511965099574787e-11,2.9287089274224846e-10,2.9287089274224846e-10,8.459661533005594e-11,8.808136119245161e-11,8.748282124312653e-11,3.023478570765566e-10,3.058326029389522e-10,3.0523406298962717e-10,3.023478570765566e-10,3.058326029389522e-10,3.0523406298962717e-10,58.5336955117683,58.5336955117683,169.2264899390387,True,-0.8740704349482027,0.0,0.0,-0.873591579965129,-0.1793280302949354,-0.2687485511694135,-0.1585412458810624,-0.8711000101979264,-0.14263130253182932,-0.14263130253182932,-0.8666530467724596,-0.8674991486115244,-0.14306791031780514,-0.14402722730018364,-0.14306791031780514,-0.14402722730018364,GTF2035WI - 20,autumn
hel_kef,2023-11-06,nighttime,GTF2035_wi,100,15,723.9000000000001,9966.96,723.9000000000001,9966.96,77.66120601939181,4659.67236116351,205496210.7996719,674.73,44.982,16040.92210330538,1069.3948068870254,0.2021990108612135,5.099650029383971,0.0002948878178005,0.0093698317519397,3.719939307431032e+16,1.02696763633027e+18,7.074685196669729e-12,3.136891433535274e-12,2.0912609556901829e-13,2.4024382241093807e-12,3.653345983736345e-11,2.9287089274224846e-10,2.9287089274224846e-10,4.6010583258142556e-11,4.9147474691677825e-11,4.621970935371158e-11,3.0234801616302757e-10,3.0548490759656285e-10,3.0255714225859657e-10,3.0234801616302757e-10,3.0548490759656285e-10,3.0255714225859657e-10,58.5336955117683,58.5336955117683,169.2264899390387,True,-0.936708795533632,0.0,0.0,-0.8759221405523129,-0.22969713020023824,-0.9198259265412295,-0.12870746059413354,-0.9277702828344663,-0.1426310447988463,-0.1426310447988463,-0.9233359373070897,-0.927737884964981,-0.14362498720263353,-0.148337472783022,-0.14362498720263353,-0.148337472783022,GTF2035WI - 100,autumn
lhr_ist,2023-11-06,daytime,GTF1990,0,0,586.74,10744.2,586.74,10744.2,112.6658168113684,6759.949008682102,290887365.7925996,684.675,684.675,25856.80495820905,25856.80495820905,2.122480506822031,94.41756514817774,0.008702152396942,0.3693615534490564,9.004306048701763e+17,3.249929658142013e+19,1.601210060740215e-10,5.0564418584942136e-12,5.0564418584942136e-12,3.2239861087277378e-12,0.0,-2.1134595853687444e-12,-2.1134595853687444e-12,1.6334499218274926e-10,1.6840143404124348e-10,1.6840143404124348e-10,1.612315325973805e-10,1.6628797445587475e-10,1.6628797445587475e-10,1.612315325973805e-10,1.6628797445587475e-10,1.6628797445587475e-10,2.149986420157988,3.4678960802389938,9.881597719864349,True,,0.0,0.0,0.0,0.0,0.0,0.0,0.0,0.0,0.0,0.0,0.0,0.0,0.0,0.0,0.0,CFM1990,autumn
lhr_ist,2023-11-06,daytime,GTF2000,0,0,586.74,10744.2,586.74,10744.2,112.6658168113684,6759.949008682102,290887365.7925996,684.675,684.675,25856.80495820905,25856.80495820905,2.1253862823571943,94.46963071655873,0.0022461835045969,0.1168759495851346,1.0174576456402352e+17,4.447498190592778e+18,1.6029304298998178e-10,5.0564418584942136e-12,5.0564418584942136e-12,3.2239861087277378e-12,0.0,-2.1134595853687444e-12,-2.1134595853687444e-12,1.6351702909870956e-10,1.6857347095720378e-10,1.6857347095720378e-10,1.6140356951334078e-10,1.6646001137183503e-10,1.6646001137183503e-10,1.6140356951334078e-10,1.6646001137183503e-10,1.6646001137183503e-10,2.149986420157988,3.4678960802389938,9.881597719864349,True,,0.0,0.0,0.0005369206389758257,0.0,0.0,0.0,0.0005263288628205666,0.0005332244223731022,0.0005332244223731022,0.0005105333168981673,0.0005105333168981673,0.0005170186546203572,0.0005170186546203572,0.0005170186546203572,0.0005170186546203572,CFM2008,autumn
lhr_ist,2023-11-06,daytime,GTF,0,0,586.74,10744.2,586.74,10744.2,93.65203379763192,5619.122027857915,241796439.980754,684.675,684.675,21493.141756556528,21493.141756556528,2.1804486759160286,76.72206698897172,0.0014382264249455,0.0608647424302658,1.3706978806330963e+17,4.31251010001472e+18,1.2291110759630659e-10,4.2031032768377195e-12,4.2031032768377195e-12,2.703650094613449e-12,-6.237673480946364e-13,-2.109765205933292e-12,-2.109765205933292e-12,1.2499099034282538e-10,1.291940936196631e-10,1.291940936196631e-10,1.2350499248498672e-10,1.2770809576182444e-10,1.2770809576182444e-10,1.2350499248498672e-10,1.2770809576182444e-10,1.2770809576182444e-10,2.3257229872627336,3.4678960802389938,15.835549846828144,True,1.0,-0.0008747768868617036,-0.0008747768868617036,-0.131468821665433,-0.09215772148465304,-0.09215772148465304,-0.08778136786144113,-0.13301843739368177,-0.1324963142732757,-0.1324963142732757,-0.13174707540045746,-0.13174707540045746,-0.13122583123469153,-0.13122583123469153,-0.13122583123469153,-0.13122583123469153,GTF,autumn
lhr_ist,2023-11-06,daytime,GTF2035,0,0,586.74,10744.2,586.74,10744.2,85.18783176342004,5111.269905805202,219943055.3167036,684.675,684.675,19550.6073897049,19550.6073897049,2.5081551683641403,82.61548589944034,0.001444002524144,0.0571673455837767,1.1932385628301757e+17,3.80182888307764e+18,1.2953686450196383e-10,3.823229889542291e-12,3.823229889542291e-12,2.4821342830376887e-12,-6.494201692132751e-13,-1.8961333870398334e-12,-1.8961333870398334e-12,1.3136957861578823e-10,1.3519280850533052e-10,1.3519280850533052e-10,1.301228653979617e-10,1.3394609528750398e-10,1.3394609528750398e-10,1.301228653979617e-10,1.3394609528750398e-10,1.3394609528750398e-10,2.4446799442373983,3.4678960802389938,28.36749042917024,True,1.0,-0.05420156106228467,-0.05420156106228467,-0.10558712425538808,-0.13888035548438074,-0.13888035548438074,-0.13000984465042564,-0.1084962086547765,-0.10677260207314991,-0.10677260207314991,-0.10938489892745072,-0.10938489892745072,-0.10772221552342338,-0.10772221552342338,-0.10772221552342338,-0.10772221552342338,GTF2035,autumn
lhr_ist,2023-11-06,daytime,GTF2035,20,0,586.74,10744.2,586.74,10744.2,85.05545823447139,5103.327494068283,220693397.48098293,671.25,555.9561,19137.47810275606,15850.424863826684,2.5272228212365864,82.32134797728636,0.001209302008783,0.0484897232240933,1.0448138774906998e+17,3.3311649334367544e+18,1.2951669119771242e-10,3.7424401623167416e-12,3.0996386400372177e-12,2.527839677763255e-12,-6.285349409526134e-13,-7.973627369892044e-13,-7.973627369892044e-13,1.3141599593452306e-10,1.351584360968398e-10,1.3451563457456027e-10,1.3124716813848643e-10,1.349896083008032e-10,1.3434680677852366e-10,1.3124716813848643e-10,1.349896083008032e-10,1.3434680677852366e-10,3.464717170487285,3.4678960802389938,36.36640477331537,True,1.0,-0.4521391904516587,-0.4521391904516587,-0.10566412854607309,-0.1493373468435671,-0.23991955680296856,-0.12103051392820081,-0.10832164884561682,-0.10251811288635511,-0.10251811288635511,-0.10951051576508486,-0.11186493921100665,-0.10388547952586699,-0.10624574956431024,-0.10388547952586699,-0.10624574956431024,GTF2035 - 20,autumn
lhr_ist,2023-11-06,daytime,GTF2035,100,0,586.74,10744.2,586.74,10744.2,83.39982479303058,5003.989487581834,220680940.39184645,616.2075,41.0805,17226.233811000464,1148.4155874000307,2.526855942370556,80.7068834050165,0.0006838832285759,0.0294681225737464,5.967461775710083e+16,2.258448366965777e+18,1.2697304257475124e-10,3.368685723040091e-12,2.2457904820267271e-13,2.6865023851222565e-12,-5.812859977571252e-13,-7.958361633467433e-13,-7.958361633467433e-13,1.2907825896211639e-10,1.3244694468515648e-10,1.2930283801031906e-10,1.2886370879652675e-10,1.3223239451956684e-10,1.2908828784472942e-10,1.2886370879652675e-10,1.3223239451956684e-10,1.2908828784472942e-10,3.465336433772012,3.4678960802389938,51.45325678787266,True,1.0,-0.45290116090939125,-0.45290116090939125,-0.11546029482423398,-0.20032410418962038,-0.9149486236958907,-0.09093727602460373,-0.11718197197546795,-0.11157654170860029,-0.11157654170860029,-0.11951033111195535,-0.13133367472856597,-0.11408126036153186,-0.1259400004638397,-0.11408126036153186,-0.1259400004638397,GTF2035 - 100,autumn
lhr_ist,2023-11-06,daytime,GTF2035_wi,0,15,586.74,10744.2,586.74,10744.2,78.04627329367545,4682.776397620527,201504551.1660089,680.85,680.85,17911.619720898518,17911.619720898518,0.1942213183904205,5.933394828915153,0.0011567400072031,0.0421967803478272,9.444574276365458e+16,2.7911886897116703e+18,9.507243610271772e-12,3.5027167454201538e-12,3.5027167454201538e-12,2.273426391017422e-12,-5.82079880956285e-13,-7.958361633467433e-13,-7.958361633467433e-13,1.119859012033291e-11,1.4701306865753065e-11,1.4701306865753065e-11,1.0984833837942449e-11,1.4487550583362604e-11,1.4487550583362604e-11,1.0984833837942449e-11,1.4487550583362604e-11,1.4487550583362604e-11,3.465336433772012,3.4678960802389938,46.52767447989452,True,1.0,-0.45290116090939125,-0.45290116090939125,-0.8879049494648874,-0.1815277861965887,-0.1815277861965887,-0.1729103860687879,-0.8716814451431691,-0.8724298501319515,-0.8724298501319515,-0.8394201332767564,-0.8394201332767564,-0.8397177872367615,-0.8397177872367615,-0.8397177872367615,-0.8397177872367615,GTF2035WI,autumn
lhr_ist,2023-11-06,daytime,GTF2035_wi,20,15,586.74,10744.2,586.74,10744.2,77.93268536649038,4675.961121989423,202211938.72043255,667.5,552.8502,17534.854207460336,14523.06764878695,0.1965768224677238,5.920153117407032,0.0009695465048064,0.0358176750925613,8.316769322599037e+16,2.452589857239235e+18,9.541845115520386e-12,3.429038156125577e-12,2.8400665624294478e-12,2.315417782381256e-12,-5.531122791500929e-13,-7.958361633467433e-13,-7.958361633467433e-13,1.1304150618751547e-11,1.4733188774877125e-11,1.4144217181180995e-11,1.1061426734554898e-11,1.4490464890680476e-11,1.3901493296984346e-11,1.1061426734554898e-11,1.4490464890680476e-11,1.3901493296984346e-11,3.465336433772012,3.4678960802389938,50.67026788716751,True,1.0,-0.45290116090939125,-0.45290116090939125,-0.887519924973316,-0.1917868758826552,-0.2806778867216752,-0.16401915155614077,-0.8705501734801024,-0.8715974607732611,-0.8715974607732611,-0.8390999085992579,-0.8450336440614863,-0.8396881293692107,-0.8457013778846265,-0.8396881293692107,-0.8457013778846265,GTF2035WI - 20,autumn
lhr_ist,2023-11-06,daytime,GTF2035_wi,100,15,586.74,10744.2,586.74,10744.2,76.41802050962643,4585.081230577585,202206667.3497021,612.765,40.851,15784.142136263335,1052.276142417556,0.1965329932194132,5.803726789242948,0.0005492680089281,0.0218157304908193,4.78339462969621e+16,1.6692220464058222e+18,9.353901016656476e-12,3.0866766844248305e-12,2.05778445628322e-13,2.460811530908584e-12,-5.140455662704958e-13,-7.875817523017748e-13,-7.875817523017748e-13,1.1300666981294564e-11,1.4387343665719396e-11,1.1506445426922888e-11,1.1027130795263289e-11,1.4113807479688116e-11,1.123290924089161e-11,1.1027130795263289e-11,1.4113807479688116e-11,1.123290924089161e-11,3.4678960802389938,3.4678960802389938,63.329179787654496,True,1.0,-0.4570351397100822,-0.4570351397100822,-0.8896131447748588,-0.24189322109061256,-0.9217902582044654,-0.13424832794364458,-0.8705874851354891,-0.8719700875638609,-0.8719700875638609,-0.842579573579901,-0.8720851420078143,-0.8435291788333956,-0.8734468981116702,-0.8435291788333956,-0.8734468981116702,GTF2035WI - 100,autumn
sin_maa,2023-11-06,daytime,GTF1990,0,0,586.74,11711.94,586.74,11711.94,134.0625484492876,8043.752906957256,346130731.3392776,830.0250000000001,830.0250000000001,30767.354869111507,30767.354869111507,2.7244752964943157,112.3781296838562,0.0092883645146403,0.3766880884146543,7.879211630472678e+17,2.946760515588952e+19,2.3405118977318517e-10,6.016727174404027e-12,6.016727174404027e-12,1.7576506539053057e-12,-3.8172041583653966e-11,-3.779777235925415e-11,-3.779777235925415e-11,1.9763679884343647e-10,2.036535260178405e-10,2.036535260178405e-10,1.9801106806783635e-10,2.0402779524224038e-10,2.0402779524224038e-10,1.9801106806783635e-10,2.0402779524224038e-10,2.0402779524224038e-10,47.4509790244072,58.268132243162654,141.15001379074585,True,0.0,0.0,0.0,0.0,0.0,0.0,0.0,0.0,0.0,0.0,0.0,0.0,0.0,0.0,0.0,0.0,CFM1990,autumn
sin_maa,2023-11-06,daytime,GTF2000,0,0,586.74,11711.94,586.74,11711.94,134.0625484492876,8043.752906957256,346130731.3392776,830.0250000000001,830.0250000000001,30767.354869111507,30767.354869111507,2.7312850716079047,112.93628195893504,0.0030588007060559,0.1335804005278626,1.135110818069813e+17,4.582695654909497e+18,2.3775475387479006e-10,6.016727174404027e-12,6.016727174404027e-12,1.7576506539053057e-12,-1.1720333426056027e-11,-3.779777235925415e-11,-3.779777235925415e-11,2.2779207110263937e-10,2.3380879827704345e-10,2.3380879827704345e-10,2.0171463216944126e-10,2.0773135934384529e-10,2.0773135934384529e-10,2.0171463216944126e-10,2.0773135934384529e-10,2.0773135934384529e-10,47.4509790244072,58.268132243162654,141.15001379074585,True,-0.5301753655232877,0.0,0.0,0.007849761435748661,0.0,0.0,0.0,0.07088205429740853,0.009265263903237817,0.009265263903237817,0.06893227275699275,0.06893227275699275,0.008994491222248251,0.008994491222248251,0.008994491222248251,0.008994491222248251,CFM2008,autumn
sin_maa,2023-11-06,daytime,GTF,0,0,586.74,11711.94,586.74,11711.94,114.34736862159332,6860.8421172956,295228897.14934695,830.0250000000001,830.0250000000001,26242.721098655667,26242.721098655667,2.7325363942821417,95.71171322723708,0.0018084863046445,0.0670586136956218,1.2775146501089232e+17,4.171815694571611e+18,2.1761821731642243e-10,5.1319099037371075e-12,5.1319099037371075e-12,1.498522065610761e-12,-1.1557349520351192e-11,-3.779777235925415e-11,-3.779777235925415e-11,2.07559389861682e-10,2.1269129976541912e-10,2.1269129976541912e-10,1.8131896702277903e-10,1.8645087692651614e-10,1.8645087692651614e-10,1.8131896702277903e-10,1.8645087692651614e-10,1.8645087692651614e-10,47.4509790244072,58.268132243162654,144.27993119390032,True,-0.5351903868607644,0.0,0.0,-0.03638274410182175,-0.07936551028302458,-0.07936551028302458,-0.07958072578319998,0.024488362168348734,-0.044004163923033045,-0.044004163923033045,0.021707424201984668,0.021707424201984668,-0.045013773013773906,-0.045013773013773906,-0.045013773013773906,-0.045013773013773906,GTF,autumn
sin_maa,2023-11-06,daytime,GTF2035,0,0,586.74,11711.94,586.74,11711.94,104.97686718926995,6298.612031356199,271035574.3212886,830.0250000000001,830.0250000000001,24092.191019937454,24092.191019937454,3.177534288681544,104.3384771531646,0.0018282444246431,0.062967808324946,1.1866715649928386e+17,3.796341180240978e+18,2.373995015423962e-10,4.711361799454436e-12,4.711361799454436e-12,1.3755227884260069e-12,-1.0967230261209427e-11,-3.779777235925415e-11,-3.779777235925415e-11,2.278077940696128e-10,2.3251915586906718e-10,2.3251915586906718e-10,2.0097725197156802e-10,2.0568861377102248e-10,2.0568861377102248e-10,2.0097725197156802e-10,2.0568861377102248e-10,2.0568861377102248e-10,47.4509790244072,58.268132243162654,144.27993119390032,True,-0.553626667654586,0.0,0.0,0.007102146270838157,-0.12167734422509209,-0.12167734422509209,-0.12196192534906958,0.07091639129690987,0.007434262495299935,0.007434262495299935,0.06617936209657224,0.06617936209657224,0.0040535807017881426,0.0040535807017881426,0.0040535807017881426,0.0040535807017881426,GTF2035,autumn
sin_maa,2023-11-06,daytime,GTF2035,20,0,586.74,11711.94,586.74,11711.94,104.45581573388944,6267.348944033367,271031505.08472294,813.75,673.9802999999999,23502.558540125126,19465.75908527324,3.177416704224971,103.81784092583771,0.0015399697678676,0.0535065444145518,1.0341864925544125e+17,3.3419710367531003e+18,2.362178110021191e-10,4.596055892291136e-12,3.80663733223121e-12,1.398569925457636e-12,-1.0074941082599748e-11,-3.779777235925415e-11,-3.779777235925415e-11,2.2754143984497695e-10,2.3213749573726806e-10,2.3134807717720815e-10,1.9981860856832254e-10,2.0441466446061366e-10,2.0362524590055374e-10,1.9981860856832254e-10,2.0441466446061366e-10,2.0362524590055374e-10,47.4509790244072,58.268132243162654,144.27993119390032,True,-0.5823597445546931,0.0,0.0,0.004607195510148289,-0.1338641592110947,-0.2249829822236568,-0.1137692120745716,0.07033436399235785,0.00454350343033686,0.00454350343033686,0.06536153407821707,0.06366540020991554,0.0009471816878557032,-0.000987480286074029,0.0009471816878557032,-0.000987480286074029,GTF2035 - 20,autumn
sin_maa,2023-11-06,daytime,GTF2035,100,0,586.74,11711.94,586.74,11711.94,102.42186671245526,6145.312002747316,271014404.6331594,747.0225,49.80149999999999,21155.236569457637,1410.349104630509,3.176960945680696,101.7857963647814,0.0009127535475304,0.0328325725469274,7.17570973770245e+16,2.380889546204804e+18,2.3160342641881254e-10,4.137024040249493e-12,2.758016026832995e-13,1.4863386881201713e-12,-7.826787319357146e-12,-3.881939208698656e-11,-3.881939208698656e-11,2.2526297778757558e-10,2.294000018278251e-10,2.2553877939025888e-10,1.942703730199462e-10,1.9840739706019567e-10,1.945461746226295e-10,1.942703730199462e-10,1.9840739706019567e-10,1.945461746226295e-10,47.82949875155406,58.268132243162654,144.65845092104718,True,-0.6596962354906909,0.013334084276236018,0.013334084276236018,-0.0052566070844305346,-0.18512400928652017,-0.9123399789008315,-0.08363528272744973,0.06532559360570073,-0.009535743107084924,-0.009535743107084924,0.05945333348989663,0.05099171885574392,-0.013965970893074614,-0.023788860629371963,-0.013965970893074614,-0.023788860629371963,GTF2035 - 100,autumn
sin_maa,2023-11-06,daytime,GTF2035_wi,0,15,586.74,11711.94,586.74,11711.94,94.99944209156271,5699.966525493764,245275259.5585221,826.2000000000002,826.2000000000002,21802.371960013646,21802.371960013646,0.2411603184526402,7.113801094323978,0.0014612626532388,0.0444758682566619,9.47079388634668e+16,2.7143804808704195e+18,1.3989275450872068e-11,4.263574961069335e-12,4.263574961069335e-12,1.2452736559631318e-12,-8.558424960398739e-12,-3.804590609460845e-11,-3.804590609460845e-11,6.676124146436462e-12,1.0939699107505795e-11,1.0939699107505795e-11,-2.2811356987773248e-11,-1.8547782026703916e-11,-1.8547782026703916e-11,-2.2811356987773248e-11,-1.8547782026703916e-11,-1.8547782026703916e-11,47.52747065281623,58.268132243162654,144.35642282230933,True,-0.6337111270938958,0.0032716468981029635,0.0032716468981029635,-0.8872016673712056,-0.17053508644315415,-0.17053508644315415,-0.17062601153760745,-0.9346480482121302,-0.7933963728364211,-0.7933963728364211,-0.8980424558965848,-0.8980424558965848,-0.8333349754336064,-0.8333349754336064,-0.8333349754336064,-0.8333349754336064,GTF2035WI,autumn
sin_maa,2023-11-06,daytime,GTF2035_wi,20,15,586.74,11711.94,586.74,11711.94,95.89137476167616,5753.482485700571,248809350.0941212,810.0,670.8743999999999,21575.55932137713,17869.7412523374,0.2463418956180988,7.855636045419221,0.001239356822888,0.0399507671966757,8.286729266346947e+16,2.475803429228061e+18,2.018131501411824e-11,4.219220489513751e-12,3.494527178234869e-12,1.2838881578990098e-12,-7.787361263963394e-12,-3.8747590371845344e-11,-3.8747590371845344e-11,1.3677841908053855e-11,1.7897062397567606e-11,1.7172369086288727e-11,-1.7282387199828094e-11,-1.3063166710314343e-11,-1.3787860021593224e-11,-1.7282387199828094e-11,-1.3063166710314343e-11,-1.3787860021593224e-11,47.75736338884068,58.268132243162654,144.5863155583338,True,-0.6611199980215972,0.012408563741841065,0.012408563741841065,-0.8412373348482534,-0.1756072562999297,-0.2651805852999161,-0.15576408039496573,-0.8705452508220739,-0.8394527397189877,-0.8394527397189877,-0.8384381415949068,-0.8444714187329235,-0.8796525973000267,-0.8733988151137033,-0.8796525973000267,-0.8733988151137033,GTF2035WI - 20,autumn
sin_maa,2023-11-06,daytime,GTF2035_wi,100,15,586.74,11711.94,586.74,11711.94,92.691047446021,5561.46284676126,245266073.0050183,743.5800000000002,49.57199999999999,19145.33584997564,1276.3557233317092,0.2410873238772828,6.938832475697419,0.0007298962844698,0.0228667448475111,5.742783407174783e+16,1.6904352758863872e+18,1.3645014700396199e-11,3.743976788439679e-12,2.495984525626453e-13,1.3456514139195328e-12,-6.108499022079862e-12,-4.5536046755575494e-11,-4.5536046755575494e-11,8.88216709223587e-12,1.2626143880675548e-11,9.131765544798515e-12,-3.054538064125977e-11,-2.6801403852820093e-11,-3.029578218869713e-11,-3.054538064125977e-11,-2.6801403852820093e-11,-3.029578218869713e-11,51.91029792042653,58.268132243162654,148.73925008991964,True,-0.7241000702105757,0.09285875144709743,0.09285875144709743,-0.8898245959852685,-0.23284697442070557,-0.9203365840139183,-0.1327615652557312,-0.9139820688914108,-0.7327104020579391,-0.7327104020579391,-0.8832424343295877,-0.9141692033529456,-0.7677815115428036,-0.7414192586093796,-0.7677815115428036,-0.7414192586093796,GTF2035WI - 100,autumn
sin_maa,2023-11-06,nighttime,GTF1990,0,0,586.74,11711.94,586.74,11711.94,137.07375429215307,8224.425257529183,353905243.2567383,830.0250000000001,830.0250000000001,31458.42661004913,31458.42661004913,2.7627174663927425,116.345637553769,0.0095317260988453,0.3864232015619269,8.218948959273559e+17,3.0364335127365968e+19,2.3653243767942433e-10,6.1518700926318295e-12,6.1518700926318295e-12,1.791477277666959e-12,1.0227691180879198e-10,4.731844549160456e-10,4.731844549160456e-10,3.4060082676588326e-10,3.4675269685851506e-10,3.4675269685851506e-10,7.11508369873137e-10,7.176602399657687e-10,7.176602399657687e-10,7.11508369873137e-10,7.176602399657687e-10,7.176602399657687e-10,79.77894512853041,94.8258566234946,134.9144761739388,True,0.0,0.0,0.0,0.0,0.0,0.0,0.0,0.0,0.0,0.0,0.0,0.0,0.0,0.0,0.0,0.0,CFM1990,autumn
sin_maa,2023-11-06,nighttime,GTF2000,0,0,586.74,11711.94,586.74,11711.94,137.07375429215307,8224.425257529183,353905243.2567383,830.0250000000001,830.0250000000001,31458.42661004913,31458.42661004913,2.77662167002775,117.21315673672342,0.0030912700029827,0.1369598808930213,1.1466020445333891e+17,4.619272466495926e+18,2.4220357867873983e-10,6.1518700926318295e-12,6.1518700926318295e-12,1.791477277666959e-12,2.997883688994484e-11,4.731844549160456e-10,4.731844549160456e-10,2.7397389284635164e-10,2.801257629389835e-10,2.801257629389835e-10,7.171795108724524e-10,7.233313809650842e-10,7.233313809650842e-10,7.171795108724524e-10,7.233313809650842e-10,7.233313809650842e-10,79.77894512853041,94.8258566234946,134.9144761739388,True,-0.5466535529093237,0.0,0.0,0.011846071332708479,0.0,0.0,0.0,-0.10841144582316987,0.003969475121715041,0.003969475121715041,-0.10628365495450931,-0.10628365495450931,0.003935582217786983,0.003935582217786983,0.003935582217786983,0.003935582217786983,CFM2008,autumn
sin_maa,2023-11-06,nighttime,GTF,0,0,586.74,11711.94,586.74,11711.94,113.96170903409624,6837.702542045774,294233178.0867717,830.0250000000001,830.0250000000001,26154.212223325085,26154.212223325085,2.721982709428709,94.60786283598458,0.001803848319838,0.0667930460418909,1.2697764508534128e+17,4.145534595400893e+18,2.1261411293560184e-10,5.114601501450239e-12,5.114601501450239e-12,1.4896125533725509e-12,2.939250191943014e-11,4.731844549160456e-10,4.731844549160456e-10,2.4349622740840457e-10,2.486108289098548e-10,2.486108289098548e-10,6.872881804050202e-10,6.924027819064705e-10,6.924027819064705e-10,6.872881804050202e-10,6.924027819064705e-10,6.924027819064705e-10,79.77894512853041,94.8258566234946,144.27993119390032,True,-0.5535409312279769,0.0,0.0,-0.05325282964117304,-0.09206685363023821,-0.09206685363023821,-0.0920013592553093,-0.1662473704729622,-0.017315019445322863,-0.017315019445322863,-0.16484360176750734,-0.16484360176750734,-0.017912290207966843,-0.017912290207966843,-0.017912290207966843,-0.017912290207966843,GTF,autumn
sin_maa,2023-11-06,nighttime,GTF2035,0,0,586.74,11711.94,586.74,11711.94,105.43197428357576,6325.918457014546,272210597.1237929,830.0250000000001,830.0250000000001,24196.63809808064,24196.63809808064,3.1915776769007653,103.47599954820116,0.0018281604868429,0.0627937018680594,1.2013214451282304e+17,3.8034729994439127e+18,2.3347342913213756e-10,4.731787005846881e-12,4.731787005846881e-12,1.3780983761432337e-12,2.8185522820350674e-11,4.731844549160456e-10,4.731844549160456e-10,2.6303705032863146e-10,2.6776883733447836e-10,2.6776883733447836e-10,7.080359824243265e-10,7.127677694301735e-10,7.127677694301735e-10,7.080359824243265e-10,7.127677694301735e-10,7.127677694301735e-10,79.77894512853041,94.8258566234946,144.27993119390032,True,-0.5679135852328392,0.0,0.0,-0.00650844758181116,-0.13047848475338714,-0.13047848475338714,-0.13042089751881975,-0.12849388578892515,-0.002446128184153303,-0.002446128184153303,-0.1285290345890978,-0.1285290345890978,-0.0034202843508784964,-0.0034202843508784964,-0.0034202843508784964,-0.0034202843508784964,GTF2035,autumn
sin_maa,2023-11-06,nighttime,GTF2035,20,0,586.74,11711.94,586.74,11711.94,104.90854698378436,6294.512819027061,272206206.8588252,813.75,673.9802999999999,23604.42307135148,19550.12736461615,3.191452056689436,102.95902398285544,0.0015385302916121,0.0533355121310252,1.0435378377860042e+17,3.341998635930874e+18,2.3231065187452868e-10,4.615976067286511e-12,3.82313601796938e-12,1.4011871536723812e-12,2.579876939175719e-11,4.731844549160456e-10,4.731844549160456e-10,2.595106084199582e-10,2.641265844872448e-10,2.6333374443792756e-10,7.068962939442467e-10,7.115122700115332e-10,7.107194299622161e-10,7.068962939442467e-10,7.115122700115332e-10,7.107194299622161e-10,79.77894512853041,94.8258566234946,144.27993119390032,True,-0.5971324274846557,0.0,0.0,-0.009004688133320168,-0.1426370698963409,-0.23345690707773337,-0.12224589598689797,-0.13512526772767325,-0.003251593883284149,-0.003251593883284149,-0.1352576767528372,-0.1367330049874916,-0.0043017689686272575,-0.004859219260592349,-0.0043017689686272575,-0.004859219260592349,GTF2035 - 20,autumn
sin_maa,2023-11-06,nighttime,GTF2035,100,0,586.74,11711.94,586.74,11711.94,102.8663438032712,6171.980628196272,272190517.6840838,747.0225,49.80149999999999,21247.043312565667,1416.4695541710446,3.1909859911543914,100.94342823500178,0.0009086663287716,0.0326759445450304,7.165802109554922e+16,2.367740578816257e+18,2.277757652525568e-10,4.154977358901731e-12,2.7699849059344866e-13,1.4891282119752306e-12,1.921965707706178e-11,4.961991782042408e-10,4.961991782042408e-10,2.4848455054159377e-10,2.5263952790049555e-10,2.4876154903218726e-10,7.254640716687727e-10,7.296190490276744e-10,7.257410701593662e-10,7.254640716687727e-10,7.296190490276744e-10,7.257410701593662e-10,82.44922366410131,94.8258566234946,146.9502097294712,True,-0.6836181094937969,0.023741604976467955,0.023741604976467955,-0.018859611722497054,-0.1937442795306901,-0.9138266750960766,-0.09216257994029789,-0.15637169037419305,0.009711878524727217,0.009711878524727217,-0.1570143306344327,-0.16454878871917467,0.008262958748081634,0.005598463945482311,0.008262958748081634,0.005598463945482311,GTF2035 - 100,autumn
sin_maa,2023-11-06,nighttime,GTF2035_wi,0,15,586.74,11711.94,586.74,11711.94,95.13722950171363,5708.233770102819,245631007.3612944,826.2000000000002,826.2000000000002,21833.994170643284,21833.994170643284,0.2408582203840617,7.024655559661577,0.0014608500901881,0.0443896903162277,9.608260801323667e+16,2.716498001808484e+18,1.3786036213695931e-11,4.269758860036909e-12,4.269758860036909e-12,1.2434932408608682e-12,2.2677126755803835e-11,4.8506851475814e-10,4.8506851475814e-10,3.770665621036064e-11,4.197641507039755e-11,4.197641507039755e-11,5.000980442126968e-10,5.043678030727336e-10,5.043678030727336e-10,5.000980442126968e-10,5.043678030727336e-10,5.043678030727336e-10,81.15960847588045,94.8258566234946,145.66059454125036,True,-0.6370325118530564,0.012401798082749552,0.012401798082749552,-0.8898520273051662,-0.18059664579719611,-0.18059664579719611,-0.1805566259905224,-0.8006560382379302,-0.1744876250262763,-0.1744876250262763,-0.7840325626135567,-0.7840325626135567,-0.17453972362425965,-0.17453972362425965,-0.17453972362425965,-0.17453972362425965,GTF2035WI,autumn
sin_maa,2023-11-06,nighttime,GTF2035_wi,20,15,586.74,11711.94,586.74,11711.94,94.66509067848344,5679.905440709007,245627510.783461,810.0,670.8743999999999,21299.645402658774,17641.218308298106,0.2408446602712786,6.989445196211962,0.0012294938889795,0.0375962947652611,8.346622675164595e+16,2.3833248759629056e+18,1.3716908003420486e-11,4.165263989853273e-12,3.4498382469560735e-12,1.2643292158562028e-12,2.0098283217516856e-11,4.961991782042408e-10,4.961991782042408e-10,3.507952043679354e-11,3.9244784426646816e-11,3.852935868374961e-11,5.111804154235175e-10,5.153456794133706e-10,5.146302536704734e-10,5.111804154235175e-10,5.153456794133706e-10,5.146302536704734e-10,82.44922366410131,94.8258566234946,146.9502097294712,True,-0.6715301133829281,0.023741604976467955,0.023741604976467955,-0.8903740749771655,-0.19255406461675445,-0.2814115728276459,-0.1725070167001923,-0.8132480407985335,-0.16384214598076566,-0.16384214598076566,-0.7966578212065892,-0.7999940141021025,-0.1640823919598621,-0.16475821841016924,-0.1640823919598621,-0.16475821841016924,GTF2035WI - 20,autumn
sin_maa,2023-11-06,nighttime,GTF2035_wi,100,15,586.74,11711.94,586.74,11711.94,92.82561174825608,5569.536704895365,245622138.2225905,743.5800000000002,49.57199999999999,19173.130106602293,1278.2086737734862,0.2407901070526496,6.852285406057841,0.0007264882900043,0.0227847981939831,5.733123987005472e+16,1.681307506577744e+18,1.3447560656577724e-11,3.749412109735559e-12,2.499608073157039e-13,1.3437288785464784e-12,1.4130383693649716e-11,5.711178095916019e-10,5.711178095916019e-10,2.892167322877392e-11,3.267108533850948e-11,2.917163403608962e-11,5.85909099126726e-10,5.896585112364615e-10,5.861590599340417e-10,5.85909099126726e-10,5.896585112364615e-10,5.861590599340417e-10,90.93956446737464,94.8258566234946,155.44055053274457,True,-0.7572251183629066,0.0937787439556386,0.0937787439556386,-0.8924109069038184,-0.2426410977683118,-0.9219095876719416,-0.14281306453584255,-0.8434646159343905,-0.09680713706069596,-0.09680713706069596,-0.8277857800619136,-0.8448005003205379,-0.09791164443376557,-0.10085843954130146,-0.09791164443376557,-0.10085843954130146,GTF2035WI - 100,autumn
