time,icao24,callsign,latitude,longitude,groundspeed,altitude,cos_sza
2023-05-05 01:00:00,885974.0,TVJ571,42.607121871689614,141.722930198492,136.842222104,1874.52,0.8413251503441406
2023-05-05 01:01:00,885974.0,TVJ571,42.55723571777344,141.68274619362572,127.067777668,2674.6200000000003,0.8426561670348918
2023-05-05 01:02:00,885974.0,TVJ571,42.52262878417969,141.59485556862572,149.703333204,3200.4,0.8436522059602032
2023-05-05 01:03:00,885974.0,TVJ571,42.48133850097656,141.49248296564275,164.107777636,3832.86,0.8446231899684796
2023-05-05 01:04:00,885974.0,TVJ571,42.43862915039063,141.3869268243963,165.136666524,4579.62,0.8455855225726501
2023-05-05 01:05:00,885974.0,TVJ571,42.39354020458157,141.27568444540336,186.743333172,4968.240000000001,0.8465346920948239
2023-05-05 01:06:00,885974.0,TVJ571,42.34245300292969,141.15009654651988,201.662222048,5356.860000000001,0.8474569122820808
2023-05-05 01:07:00,885974.0,TVJ571,42.268826759467686,141.04739876680597,202.176666492,5935.9800000000005,0.8486358586439589
2023-05-05 01:08:00,885974.0,TVJ571,42.165802001953125,140.99160627885297,208.34999982,6385.56,0.8502243985889884
2023-05-05 01:09:00,885974.0,TVJ571,42.056781316207626,140.93600250953853,221.725555364,6614.160000000001,0.8518476099049959
2023-05-05 01:10:00,885974.0,TVJ571,41.94813537597656,140.88292902166194,205.7777776,7406.64,0.8534716212059731
2023-05-05 01:11:00,885974.0,TVJ571,41.85195146980932,140.82601148028706,194.459999832,8130.54,0.85498508993718
2023-05-05 01:12:00,885974.0,TVJ571,41.754913330078125,140.76189214533025,207.321110932,8275.32,0.8564655845600517
2023-05-05 01:13:00,885974.0,TVJ571,41.65121822033898,140.69443103879,215.037777592,8481.060000000001,0.8579701354199162
2023-05-05 01:14:00,885974.0,TVJ571,41.54937744140625,140.62849564985794,208.34999982,9022.08,0.8594614400844167
2023-05-05 01:15:00,885974.0,TVJ571,41.44736597093485,140.56272284929145,209.378888708,9227.82,0.8609473880138407
2023-05-05 01:16:00,885974.0,TVJ571,41.34686279296875,140.498291015625,209.378888708,9227.82,0.8624214639860643
2023-05-05 01:17:00,885974.0,TVJ571,41.2447706319518,140.43298894708806,208.34999982,9235.44,0.8638953060761557
2023-05-05 01:18:00,885974.0,TVJ571,41.14337985798464,140.36881880326703,208.864444264,9235.44,0.8653616979124596
2023-05-05 01:19:00,885974.0,TVJ571,41.04203563625529,140.30396201393822,209.378888708,9243.060000000001,0.8668174212555474
2023-05-05 01:20:00,885974.0,TVJ571,40.94036865234375,140.23895263671875,209.893333152,9258.300000000001,0.8682671753460633
2023-05-05 01:21:00,885974.0,TVJ571,40.83837890625,140.17498779296875,209.378888708,9258.300000000001,0.8697157802210159
2023-05-05 01:22:00,885974.0,TVJ571,40.73642019498146,140.11120189319956,209.378888708,9250.68,0.8711571991549234
2023-05-05 01:23:00,885974.0,TVJ571,40.63449096679688,140.0469970703125,209.893333152,9258.300000000001,0.8725889825544022
2023-05-05 01:24:00,885974.0,TVJ571,40.53263854980469,139.9833984375,209.378888708,9273.54,0.8740148755942917
2023-05-05 01:25:00,885974.0,TVJ571,40.43173579846398,139.92062655362216,207.321110932,9265.92,0.87542982066473
2023-05-05 01:26:00,885974.0,TVJ571,40.332439875198624,139.85352256081322,206.806666488,9250.68,0.8768092294587244
2023-05-05 01:27:00,885974.0,TVJ571,40.23235256389036,139.78585676713422,206.806666488,9273.54,0.8781840605041765
2023-05-05 01:28:00,885974.0,TVJ571,40.1338480286679,139.71968910910866,206.806666488,9281.16,0.8795464753202843
2023-05-05 01:29:00,885974.0,TVJ571,40.035363998597816,139.65364609755477,204.234444268,9281.16,0.880901443759263
2023-05-05 01:30:00,885974.0,TVJ571,39.9368855104608,139.59003795276988,202.691110936,9281.16,0.8822577102624497
2023-05-05 01:31:00,885974.0,TVJ571,39.839162778535986,139.52684549726203,202.691110936,9284.469696969698,0.8836025103821307
2023-05-05 01:32:00,,,39.74103601393971,139.46246337890625,,9288.942994652407,0.8849374534707475
2023-05-05 01:33:00,,,39.65571845808455,139.38189697265625,,9293.832834224599,0.8861212659005616
2023-05-05 01:34:00,,,39.57040090222939,139.30133056640625,,9298.722673796792,0.887298432334075
2023-05-05 01:35:00,885974.0,TVJ571,39.48508334637423,139.22076416015625,197.032222052,9303.612513368984,0.8884689190546737
2023-05-05 01:36:00,,,39.41706597736257,139.12447998124492,,9307.730902047593,0.8894641614351946
2023-05-05 01:37:00,,,39.35062135260941,139.0267669139098,,9311.779158826785,0.8904388095886414
2023-05-05 01:38:00,,,39.28417672785625,138.9290538465747,,9315.827415605978,0.8914082272418798
2023-05-05 01:39:00,,,39.21773210310309,138.83134077923958,,9319.87567238517,0.8923723934567762
2023-05-05 01:40:00,,,39.15128747834993,138.7336277119045,,9323.92392916436,0.8933312873564017
2023-05-05 01:41:00,,,39.08484285359677,138.6359146445694,,9327.972185943554,0.8942848881253586
2023-05-05 01:42:00,,,39.018398228843616,138.53820157723428,,9332.020442722745,0.895233175010093
2023-05-05 01:43:00,,,38.951953604090455,138.44048850989918,,9336.068699501937,0.89617612731921
2023-05-05 01:44:00,,,38.885508979337295,138.34277544256406,,9340.11695628113,0.8971137244237861
2023-05-05 01:45:00,,,38.819064354584135,138.24506237522897,,9344.165213060322,0.8980459457576841
2023-05-05 01:46:00,,,38.752619729830975,138.14734930789388,,9348.213469839513,0.8989727708178608
2023-05-05 01:47:00,,,38.686175105077815,138.04963624055875,,9352.261726618706,0.899894179164691
2023-05-05 01:48:00,,,38.619730480324655,137.95192317322366,,9356.309983397898,0.9008101504222602
2023-05-05 01:49:00,,,38.553285855571495,137.85421010588854,,9360.35824017709,0.9017206642786815
2023-05-05 01:50:00,,,38.486841230818335,137.75649703855345,,9364.406496956282,0.9026257004864157
2023-05-05 01:51:00,,,38.420396606065175,137.65878397121836,,9368.454753735474,0.9035252388625614
2023-05-05 01:52:00,,,38.353951981312015,137.56107090388323,,9372.503010514665,0.9044192592891629
2023-05-05 01:53:00,,,38.287507356558855,137.46335783654814,,9376.551267293858,0.9053077417135285
2023-05-05 01:54:00,,,38.2210627318057,137.36564476921302,,9380.59952407305,0.9061906661485316
2023-05-05 01:55:00,,,38.15461810705254,137.26793170187793,,9384.647780852241,0.9070680126729129
2023-05-05 01:56:00,,,38.08817348229938,137.17021863454283,,9388.696037631435,0.9079397614315753
2023-05-05 01:57:00,,,38.02172885754622,137.0725055672077,,9392.744294410626,0.9088058926358973
2023-05-05 01:58:00,,,37.95528423279306,136.97479249987262,,9396.792551189817,0.9096663865640295
2023-05-05 01:59:00,,,37.8888396080399,136.8770794325375,,9400.84080796901,0.9105212235611961
2023-05-05 02:00:00,,,37.82239498328674,136.7793663652024,,9404.889064748202,0.9113703840399932
2023-05-05 02:01:00,,,37.75595035853358,136.68165329786729,,9408.937321527394,0.9122138484806883
2023-05-05 02:02:00,,,37.68950573378042,136.5839402305322,,9412.985578306587,0.913051597431513
2023-05-05 02:03:00,,,37.62306110902726,136.4862271631971,,9417.033835085778,0.9138836115089735
2023-05-05 02:04:00,,,37.5566164842741,136.38851409586198,,9421.08209186497,0.9147098713981264
2023-05-05 02:05:00,885974.0,TVJ571,37.49017185952094,136.2908010285269,186.228888728,9425.130348644163,0.9155303578528828
2023-05-05 02:06:00,885974.0,TVJ571,37.42169137728416,136.19673355765963,187.257777616,9433.560000000001,0.9163671883763131
2023-05-05 02:07:00,885974.0,TVJ571,37.35291044590837,136.1041259765625,187.257777616,9425.94,0.9172035601483286
2023-05-05 02:08:00,885974.0,TVJ571,37.283780372748936,136.01098102072012,184.685555396,9425.94,0.9180344537350364
2023-05-05 02:09:00,885974.0,TVJ571,37.21632385253906,135.92028029421544,183.656666508,9418.32,0.9188551086144434
2023-05-05 02:10:00,885974.0,TVJ571,37.148468017578125,135.8297404837101,184.685555396,9418.32,0.9196722318285829
2023-05-05 02:11:00,885974.0,TVJ571,37.08064270019531,135.7390643180685,184.171110952,9425.94,0.9204824228879931
2023-05-05 02:12:00,885974.0,TVJ571,37.01266479492188,135.64860242478392,184.171110952,9433.560000000001,0.9212876402832935
2023-05-05 02:13:00,885974.0,TVJ571,36.94412709898867,135.55789471113718,185.714444284,9441.18,0.9220891932792776
2023-05-05 02:14:00,885974.0,TVJ571,36.874603271484375,135.46633456615692,187.77222206,9464.04,0.9228881997794927
2023-05-05 02:15:00,885974.0,TVJ571,36.80570983886719,135.37525177001953,185.19999984,9479.28,0.9236780531776829
2023-05-05 02:16:00,885974.0,TVJ571,36.73774693375927,135.28554713472408,183.656666508,9464.04,0.9244589773939015
2023-05-05 02:17:00,885974.0,TVJ571,36.669769287109375,135.19657135009766,182.62777762,9464.04,0.9252350421187188
2023-05-05 02:18:00,885974.0,TVJ571,36.60177612304688,135.10780334472656,182.113333176,9464.04,0.9260049933537554
2023-05-05 02:19:00,885974.0,TVJ571,36.53453063964844,135.02031326293945,181.084444288,9479.28,0.926766581457364
2023-05-05 02:20:00,885974.0,TVJ571,36.4670213602357,134.93244576961436,180.569999844,9486.9,0.9275221303284019
2023-05-05 02:21:00,885974.0,TVJ571,36.39971923828125,134.84516143798828,179.541110956,9486.9,0.9282708892813649
2023-05-05 02:22:00,885974.0,TVJ571,36.33281125860699,134.75830078125,179.026666512,9486.9,0.9290113447943593
2023-05-05 02:23:00,885974.0,TVJ571,36.26647431971663,134.67259183843086,178.512222068,9494.52,0.9297438926942379
2023-05-05 02:24:00,885974.0,TVJ571,36.199776600983185,134.58706307918467,176.968888736,9496.425000000001,0.9304719467553395
2023-05-05 02:25:00,885974.0,TVJ571,36.133611129502114,134.50195044659554,177.48333318,9502.140000000001,0.9311906696324876
2023-05-05 02:26:00,885974.0,TVJ571,36.067535400390625,134.4178009033203,176.454444292,9509.76,0.9319036698220345
2023-05-05 02:27:00,885974.0,TVJ571,36.00041198730469,134.33195114135742,179.026666512,9517.380000000001,0.9326124160402431
2023-05-05 02:28:00,885974.0,TVJ571,35.93266296386719,134.24540519714355,182.113333176,9530.715,0.9333164370443556
2023-05-05 02:29:00,885974.0,TVJ571,35.8651507102837,134.15998966135876,179.541110956,9547.86,0.9340140796938814
2023-05-05 02:30:00,885974.0,TVJ571,35.7978515625,134.07451629638672,178.512222068,9547.86,0.9347032219106928
2023-05-05 02:31:00,885974.0,TVJ571,35.73117013704979,133.99019281914894,175.939999848,9540.24,0.9353836333299048
2023-05-05 02:32:00,885974.0,TVJ571,35.66578674316406,133.9075469970703,172.853333184,9547.86,0.9360521719578471
2023-05-05 02:33:00,885974.0,TVJ571,35.60142905025159,133.82680040724733,172.33888874,9547.86,0.936710622303833
2023-05-05 02:34:00,885974.0,TVJ571,35.53611626059322,133.7448704496343,173.367777628,9555.480000000001,0.9373651176962361
2023-05-05 02:35:00,885974.0,TVJ571,35.46968621722722,133.66200548537233,175.939999848,9578.34,0.9380170549994593
2023-05-05 02:36:00,885974.0,TVJ571,35.40321350097656,133.57887268066406,175.939999848,9585.960000000001,0.938661376271748
2023-05-05 02:37:00,885974.0,TVJ571,35.3375244140625,133.49709368766622,174.396666516,9578.34,0.939295852730819
2023-05-05 02:38:00,885974.0,TVJ571,35.270628848318324,133.41428716131983,173.882222072,9578.34,0.9399281113976673
2023-05-05 02:39:00,885974.0,TVJ571,35.20480398404396,133.33248138427734,174.396666516,9585.960000000001,0.9405482329958723
2023-05-05 02:40:00,885974.0,TVJ571,35.138420492915785,133.25071334838867,175.425555404,9601.2,0.9411639750652825
2023-05-05 02:41:00,885974.0,TVJ571,35.06407656912076,133.17644119262695,182.62777762,9616.44,0.9418270990150316
2023-05-05 02:42:00,885974.0,TVJ571,34.982423943988344,133.11040878295898,180.569999844,9624.060000000001,0.9425335580430794
2023-05-05 02:43:00,885974.0,TVJ571,34.901795468087926,133.04443359375,178.512222068,9601.2,0.9432248527220207
2023-05-05 02:44:00,885974.0,TVJ571,34.82219114141949,132.97943115234375,177.48333318,9608.82,0.9439021401991815
2023-05-05 02:45:00,885974.0,TVJ571,34.742706298828125,132.9147276586416,177.997777624,9616.44,0.9445695405448633
2023-05-05 02:46:00,885974.0,TVJ571,34.66264343261719,132.84981863839286,179.026666512,9624.060000000001,0.9452302670881367
2023-05-05 02:47:00,885974.0,TVJ571,34.5823540121822,132.7847671508789,179.541110956,9639.300000000001,0.9458824185405896
2023-05-05 02:48:00,885974.0,TVJ571,34.50187683105469,132.71972033442285,179.026666512,9646.92,0.9465259148588716
2023-05-05 02:49:00,885974.0,TVJ571,34.4209574036679,132.65436172485352,181.084444288,9646.92,0.9471617830641231
2023-05-05 02:50:00,885974.0,TVJ571,34.33964538574219,132.58872518734057,181.598888732,9669.78,0.9477897708522272
2023-05-05 02:51:00,885974.0,TVJ571,34.25862975039725,132.52384185791016,181.084444288,9669.78,0.9484070892646247
2023-05-05 02:52:00,885974.0,TVJ571,34.177535752118644,132.45878219604492,180.0555554,9669.78,0.9490148282750808
2023-05-05 02:53:00,885974.0,TVJ571,34.09620666503906,132.39388602120536,177.997777624,9677.4,0.9496141074908255
2023-05-05 02:54:00,885974.0,TVJ571,34.01716329283634,132.33078002929688,177.48333318,9685.02,0.9501926686119478
2023-05-05 02:55:00,885974.0,TVJ571,33.93746586169227,132.26726531982422,174.396666516,9700.26,0.9507644083936868
2023-05-05 02:56:00,885974.0,TVJ571,33.858932236493644,132.20518112182617,173.367777628,9700.26,0.9513209640796598
2023-05-05 02:57:00,885974.0,TVJ571,33.78080749511719,132.14338652941646,171.824444296,9692.640000000001,0.9518654255877169
2023-05-05 02:58:00,885974.0,TVJ571,33.703765869140625,132.08251330317285,170.795555408,9700.26,0.9523945922535255
2023-05-05 02:59:00,885974.0,TVJ571,33.62691588320975,132.02184677124023,170.281110964,9700.26,0.952912649020353
2023-05-05 03:00:00,885974.0,TVJ571,33.55009460449219,131.96143948301977,171.309999852,9715.5,0.953420433114964
2023-05-05 03:01:00,885974.0,TVJ571,33.47287452827066,131.9007344148597,172.853333184,9738.36,0.9539198417019732
2023-05-05 03:02:00,885974.0,TVJ571,33.39420124635858,131.83902039819836,172.853333184,9738.36,0.9544160192391445
2023-05-05 03:03:00,885974.0,TVJ571,33.31617736816406,131.77820434570313,173.367777628,9738.36,0.9548988763109953
2023-05-05 03:04:00,885974.0,TVJ571,33.23744201660156,131.71701049804688,171.824444296,9753.6,0.9553748606022154
2023-05-05 03:05:00,885974.0,TVJ571,33.15985728118379,131.65802624760843,172.853333184,9753.6,0.9558351960341023
2023-05-05 03:06:00,885974.0,TVJ571,33.080108642578125,131.59929199218752,172.33888874,9753.6,0.9562960192475761
2023-05-05 03:07:00,885974.0,TVJ571,33.001556396484375,131.54117431640626,172.33888874,9768.84,0.9567401551282575
2023-05-05 03:08:00,885974.0,TVJ571,32.922637939453125,131.4826171875,171.824444296,9791.7,0.9571752956803481
2023-05-05 03:09:00,885974.0,TVJ571,32.84418655654131,131.42495914381377,170.795555408,9799.32,0.9575974123817773
2023-05-05 03:10:00,885974.0,TVJ571,32.76658397609904,131.36744907924108,168.223333188,9791.7,0.9580044265237293
2023-05-05 03:11:00,885974.0,TVJ571,32.701080322265625,131.29925537109375,161.021110972,9784.08,0.9583400946295921
2023-05-05 03:12:00,,,32.63837770247496,131.22891739259626,,9791.7,0.9586525099145575
2023-05-05 03:13:00,885974.0,TVJ571,32.57458702992585,131.15747568558675,161.021110972,9791.7,0.9589612676030077
2023-05-05 03:14:00,,,32.5124112527883,131.08534988486986,,9798.708411798072,0.9592530643590016
2023-05-05 03:15:00,,,32.453351560128525,131.0075082327067,,9760.71646625071,0.9595214777029779
2023-05-05 03:16:00,,,32.39429186746875,130.9296665805435,,9722.724520703347,0.9597815091408569
2023-05-05 03:17:00,,,32.33523217480898,130.85182492838035,,9684.732575155984,0.9600331443736871
2023-05-05 03:18:00,,,32.27617248214921,130.77398327621717,,9646.740629608623,0.9602763692174152
2023-05-05 03:19:00,,,32.217112789489434,130.696141624054,,9608.74868406126,0.9605111696031436
2023-05-05 03:20:00,,,32.15805309682966,130.61829997189082,,9570.756738513897,0.9607375315774003
2023-05-05 03:21:00,,,32.09899340416989,130.54045831972766,,9532.764792966535,0.9609554413023691
2023-05-05 03:22:00,,,32.039933711510116,130.4626166675645,,9494.772847419172,0.9611648850561773
2023-05-05 03:23:00,,,31.980874018850344,130.38477501540132,,9456.78090187181,0.9613658492331192
2023-05-05 03:24:00,,,31.92181432619057,130.30693336323816,,9418.788956324448,0.9615583203439289
2023-05-05 03:25:00,,,31.8627546335308,130.22909171107497,,9380.797010777085,0.9617422850160127
2023-05-05 03:26:00,,,31.803694940871026,130.1512500589118,,9342.805065229722,0.9619177299937046
2023-05-05 03:27:00,,,31.74463524821125,130.07340840674863,,9304.81311968236,0.9620846421385104
2023-05-05 03:28:00,,,31.685575555551477,129.99556675458547,,9266.821174134997,0.962243008429351
2023-05-05 03:29:00,,,31.626515862891704,129.91772510242228,,9228.829228587636,0.9623928159628011
2023-05-05 03:30:00,,,31.56745617023193,129.83988345025912,,9190.837283040273,0.9625340519533383
2023-05-05 03:31:00,,,31.50839647757216,129.76204179809594,,9152.84533749291,0.9626667037335679
2023-05-05 03:32:00,,,31.449336784912386,129.68420014593278,,9114.853391945548,0.9627907587544677
2023-05-05 03:33:00,,,31.390277092252614,129.6063584937696,,9076.861446398185,0.9629062045856196
2023-05-05 03:34:00,,,31.33121739959284,129.52851684160643,,9038.869500850822,0.963013028915443
2023-05-05 03:35:00,,,31.27215770693307,129.45067518944325,,9000.877555303461,0.9631112195514219
2023-05-05 03:36:00,,,31.213098014273296,129.3728335372801,,8962.885609756098,0.963200764420341
2023-05-05 03:37:00,,,31.154038321613523,129.2949918851169,,8924.893664208736,0.9632816515685096
2023-05-05 03:38:00,,,31.094978628953747,129.21715023295374,,8886.901718661373,0.9633538691619747
2023-05-05 03:39:00,,,31.035918936293974,129.13930858079058,,8848.90977311401,0.9634174054867601
2023-05-05 03:40:00,,,30.976859243634202,129.0614669286274,,8810.917827566649,0.9634722489490857
2023-05-05 03:41:00,,,30.91779955097443,128.98362527646424,,8772.925882019286,0.9635183880755763
2023-05-05 03:42:00,,,30.858739858314657,128.90578362430105,,8734.933936471924,0.9635558115134876
2023-05-05 03:43:00,,,30.799680165654884,128.8279419721379,,8696.94199092456,0.9635845080309196
2023-05-05 03:44:00,,,30.74062047299511,128.7501003199747,,8658.950045377198,0.9636044665170277
2023-05-05 03:45:00,,,30.68156078033534,128.67225866781155,,8620.958099829835,0.9636156759822432
2023-05-05 03:46:00,,,30.622501087675566,128.59441701564836,,8582.966154282474,0.96361812555847
2023-05-05 03:47:00,,,30.563441395015793,128.5165753634852,,8544.974208735111,0.9636118044993022
2023-05-05 03:48:00,,,30.50438170235602,128.43873371132202,,8506.982263187749,0.9635967021802263
2023-05-05 03:49:00,,,30.44532200969625,128.36089205915886,,8468.990317640386,0.9635728080988262
2023-05-05 03:50:00,,,30.386262317036476,128.28305040699567,,8430.998372093023,0.9635401118749862
2023-05-05 03:51:00,,,30.3272026243767,128.2052087548325,,8393.00642654566,0.9634986032510892
2023-05-05 03:52:00,,,30.268142931716927,128.12736710266933,,8355.0144809983,0.9634482720922127
2023-05-05 03:53:00,,,30.209083239057154,128.04952545050617,,8317.022535450937,0.9633891083863431
2023-05-05 03:54:00,,,30.15002354639738,127.971683798343,,8279.030589903574,0.963321102244537
2023-05-05 03:55:00,,,30.09096385373761,127.89384214617982,,8241.038644356211,0.9632442439011437
2023-05-05 03:56:00,,,30.031904161077836,127.81600049401665,,8203.046698808848,0.9631585237139797
2023-05-05 03:57:00,,,29.972844468418064,127.73815884185348,,8165.054753261486,0.9630639321645285
2023-05-05 03:58:00,,,29.91378477575829,127.6603171896903,,8127.062807714125,0.962960459858116
2023-05-05 03:59:00,,,29.85472508309852,127.58247553752713,,8089.070862166762,0.9628480975241037
2023-05-05 04:00:00,,,29.795665390438746,127.50463388536396,,8051.078916619399,0.9627268360160597
2023-05-05 04:01:00,,,29.73660569777897,127.42679223320079,,8013.086971072036,0.9625966663119645
2023-05-05 04:02:00,,,29.677546005119197,127.34895058103761,,7975.095025524674,0.9624575795143612
2023-05-05 04:03:00,,,29.618486312459424,127.27110892887444,,7937.103079977312,0.9623095668505506
2023-05-05 04:04:00,,,29.559426619799652,127.19326727671127,,7899.11113442995,0.962152619672753
2023-05-05 04:05:00,,,29.50036692713988,127.1154256245481,,7861.119188882587,0.9619867294583005
2023-05-05 04:06:00,,,29.441307234480107,127.03758397238494,,7823.127243335224,0.9618118878097893
2023-05-05 04:07:00,,,29.382247541820334,126.95974232022176,,7785.135297787861,0.9616280864552592
2023-05-05 04:08:00,,,29.32318784916056,126.88190066805859,,7747.1433522405,0.9614353172483477
2023-05-05 04:09:00,,,29.26412815650079,126.80405901589542,,7709.151406693138,0.9612335721684866
2023-05-05 04:10:00,,,29.205068463841016,126.72621736373225,,7671.159461145775,0.9610228433210276
2023-05-05 04:11:00,,,29.146008771181243,126.64837571156907,,7633.167515598412,0.9608031229374197
2023-05-05 04:12:00,,,29.08694907852147,126.5705340594059,,7595.175570051049,0.9605744033753725
2023-05-05 04:13:00,,,29.027889385861698,126.49269240724273,,7557.183624503687,0.960336677119013
2023-05-05 04:14:00,,,28.968829693201922,126.41485075507956,,7519.191678956325,0.9600899367790343
2023-05-05 04:15:00,,,28.90977000054215,126.33700910291638,,7481.199733408963,0.959834175092848
2023-05-05 04:16:00,,,28.850710307882377,126.25916745075321,,7443.2077878616,0.9595693849247414
2023-05-05 04:17:00,,,28.791650615222604,126.18132579859004,,7405.215842314237,0.9592955592660347
2023-05-05 04:18:00,,,28.73259092256283,126.10348414642687,,7367.2238967668745,0.9590126912352084
2023-05-05 04:19:00,,,28.67353122990306,126.02564249426369,,7329.231951219513,0.9587207740780582
2023-05-05 04:20:00,,,28.614471537243286,125.94780084210052,,7291.24000567215,0.9584198011678428
2023-05-05 04:21:00,,,28.555411844583514,125.86995918993735,,7253.248060124788,0.9581097660054234
2023-05-05 04:22:00,,,28.49635215192374,125.79211753777417,,7215.256114577425,0.9577906622193972
2023-05-05 04:23:00,,,28.437292459263965,125.714275885611,,7177.2641690300625,0.9574624835662413
2023-05-05 04:24:00,,,28.378232766604192,125.63643423344783,,7139.2722234827,0.9571252239304355
2023-05-05 04:25:00,,,28.31917307394442,125.55859258128467,,7101.280277935338,0.9567788773246264
2023-05-05 04:26:00,,,28.260113381284647,125.4807509291215,,7063.288332387976,0.9564234378897163
2023-05-05 04:27:00,,,28.201053688624874,125.40290927695833,,7025.296386840613,0.9560588998950235
2023-05-05 04:28:00,,,28.1419939959651,125.32506762479515,,6987.30444129325,0.9556852577383966
2023-05-05 04:29:00,,,28.08293430330533,125.24722597263198,,6949.312495745888,0.9553025059463489
2023-05-05 04:30:00,,,28.023874610645557,125.16938432046881,,6911.320550198525,0.954910639174166
2023-05-05 04:31:00,,,27.964814917985784,125.09154266830564,,6873.328604651163,0.9545096522060426
2023-05-05 04:32:00,,,27.90575522532601,125.01370101614246,,6835.336659103801,0.9540995399551924
2023-05-05 04:33:00,,,27.84669553266624,124.93585936397929,,6797.344713556438,0.9536802974639724
2023-05-05 04:34:00,,,27.787635840006466,124.85801771181612,,6759.352768009076,0.9532519199039898
2023-05-05 04:35:00,,,27.728576147346693,124.78017605965294,,6721.360822461713,0.9528144025762196
2023-05-05 04:36:00,,,27.66951645468692,124.70233440748977,,6683.368876914351,0.9523677409111155
2023-05-05 04:37:00,,,27.610456762027145,124.6244927553266,,6645.376931366988,0.9519119304687165
2023-05-05 04:38:00,,,27.551397069367372,124.54665110316343,,6607.384985819626,0.9514469669387599
2023-05-05 04:39:00,,,27.4923373767076,124.46880945100025,,6569.3930402722635,0.9509728461407786
2023-05-05 04:40:00,,,27.433277684047827,124.39096779883708,,6531.401094724901,0.9504895640242041
2023-05-05 04:41:00,,,27.374217991388054,124.31312614667391,,6493.409149177538,0.9499971166684722
2023-05-05 04:42:00,,,27.31515829872828,124.23528449451074,,6455.417203630176,0.9494955002831263
2023-05-05 04:43:00,,,27.25609860606851,124.15744284234756,,6417.425258082814,0.9489847112078992
2023-05-05 04:44:00,,,27.197038913408736,124.0796011901844,,6379.4333125354515,0.9484647459128184
2023-05-05 04:45:00,,,27.137979220748964,124.00175953802123,,6341.441366988089,0.9479356009982968
2023-05-05 04:46:00,,,27.078919528089187,123.92391788585806,,6303.449421440726,0.9473972731952215
2023-05-05 04:47:00,,,27.019859835429415,123.84607623369489,,6265.457475893363,0.9468497593650443
2023-05-05 04:48:00,,,26.960800142769642,123.76823458153171,,6227.465530346001,0.9462930564998657
2023-05-05 04:49:00,,,26.90174045010987,123.69039292936854,,6189.473584798639,0.9457271617225229
2023-05-05 04:50:00,,,26.842680757450097,123.61255127720537,,6151.481639251277,0.9451520722866711
2023-05-05 04:51:00,,,26.783621064790324,123.5347096250422,,6113.489693703914,0.9445677855768556
2023-05-05 04:52:00,,,26.72456137213055,123.45686797287902,,6075.497748156551,0.9439742991086023
2023-05-05 04:53:00,,,26.66550167947078,123.37902632071585,,6037.505802609189,0.9433716105284853
2023-05-05 04:54:00,,,26.606441986811006,123.30118466855268,,5999.5138570618265,0.9427597176142076
2023-05-05 04:55:00,,,26.547382294151234,123.2233430163895,,5961.521911514465,0.9421386182746642
2023-05-05 04:56:00,,,26.48832260149146,123.14550136422633,,5923.529965967102,0.9415083105500233
2023-05-05 04:57:00,,,26.42926290883169,123.06765971206316,,5885.538020419739,0.9408687926117779
2023-05-05 04:58:00,,,26.370203216171916,122.98981805989999,,5847.546074872376,0.9402200627628317
2023-05-05 04:59:00,,,26.311143523512143,122.91197640773682,,5809.554129325014,0.939562119437546
2023-05-05 05:00:00,,,26.252083830852367,122.83413475557364,,5771.5621837776525,0.9388949612018093
2023-05-05 05:01:00,,,26.193024138192595,122.75629310341048,,5733.57023823029,0.938218586753095
2023-05-05 05:02:00,,,26.133964445532822,122.6784514512473,,5695.578292682927,0.9375329949205193
2023-05-05 05:03:00,,,26.07490475287305,122.60060979908414,,5657.586347135564,0.9368381846648954
2023-05-05 05:04:00,,,26.015845060213277,122.52276814692097,,5619.594401588202,0.9361341550787867
2023-05-05 05:05:00,,,25.956785367553504,122.4449264947578,,5581.60245604084,0.9354209053865608
2023-05-05 05:06:00,,,25.89772567489373,122.36708484259462,,5543.610510493477,0.9346984349444387
2023-05-05 05:07:00,,,25.83866598223396,122.28924319043145,,5505.618564946115,0.9339667432405322
2023-05-05 05:08:00,,,25.779606289574186,122.21140153826828,,5467.626619398752,0.9332258298949019
2023-05-05 05:09:00,,,25.72054659691441,122.1335598861051,,5429.634673851389,0.9324756946595919
2023-05-05 05:10:00,,,25.661486904254637,122.05571823394193,,5391.6427283040275,0.9317163374186767
2023-05-05 05:11:00,885974.0,TVJ571,25.602427211594865,121.97787658177876,166.679999856,5353.650782756665,0.9309477581882911
2023-05-05 05:12:00,885974.0,TVJ571,25.56666784771418,121.88614611355763,169.252222076,5128.26,0.9301888018702748
2023-05-05 05:13:00,885974.0,TVJ571,25.541656494140625,121.78751627604169,168.223333188,4800.6,0.9294345118062058
2023-05-05 05:14:00,885974.0,TVJ571,25.517303466796875,121.69326782226562,171.309999852,4343.400000000001,0.9286486633960692
2023-05-05 05:15:00,885974.0,TVJ571,25.49261060811705,121.59699062131486,162.04999986,4023.36,0.9278682365543576
2023-05-05 05:16:00,885974.0,TVJ571,25.446131388346355,121.52405915436921,146.102222096,3756.6600000000003,0.9270033979989214
2023-05-05 05:17:00,885974.0,TVJ571,25.39452504303496,121.45779591686322,146.61666654,3429.0,0.9261041546208478
2023-05-05 05:18:00,885974.0,TVJ571,25.34248352050781,121.39083862304688,146.61666654,3185.1600000000003,0.9251998737237094
2023-05-05 05:19:00,885974.0,TVJ571,25.29024803032309,121.32414619877652,149.18888876,2964.1800000000003,0.9242846473191653
2023-05-05 05:20:00,885974.0,TVJ571,25.236648559570312,121.25559488932292,151.246666536,2743.2000000000003,0.9233731770331491
2023-05-05 05:21:00,885974.0,TVJ571,25.18354797363281,121.18810017903648,154.847777644,2537.46,0.9224447157848339
2023-05-05 05:22:00,885974.0,TVJ571,25.13067626953125,121.12108866373698,140.957777656,2251.71,0.9215030730391349
2023-05-05 05:23:00,885974.0,TVJ571,25.07922673629502,121.05586213885614,154.3333332,1424.94,0.9205379929489041
2023-05-05 05:24:00,885974.0,TVJ571,25.02024505097987,121.00948117813977,121.408888784,1219.2,0.9194677276672922
2023-05-05 05:25:00,885974.0,TVJ571,24.97289056293035,121.04992982876377,103.917777688,800.1,0.91784216252349
2023-05-05 05:26:00,885974.0,TVJ571,24.95905146933641,121.09286655312921,76.652222156,784.86,0.9161089973985375
2023-05-05 05:27:00,885974.0,TVJ571,24.98553975423177,121.12773188838254,74.59444438,791.6333333333333,0.9143200214014533
2023-05-05 05:28:00,885974.0,TVJ571,25.0096435546875,121.1583455403646,57.103333284,548.64,0.9125431761438321
2023-05-05 05:29:00,885974.0,TVJ571,25.02923583984375,121.183348156157,55.559999952,372.2914285714286,0.9107922204171901
